[INFO] Scanning for projects...
[INFO] 
[INFO] ---------------------< com.campusconnect:backend >----------------------
[INFO] Building CampusConnect Backend 0.1.0-SNAPSHOT
[INFO]   from pom.xml
[INFO] --------------------------------[ jar ]---------------------------------
[INFO] 
[INFO] >>> spring-boot:3.3.2:run (default-cli) > test-compile @ backend >>>
[INFO] 
[INFO] --- resources:3.3.1:resources (default-resources) @ backend ---
[INFO] Copying 3 resources from src\main\resources to target\classes
[INFO] Copying 2 resources from src\main\resources to target\classes
[INFO] 
[INFO] --- compiler:3.13.0:compile (default-compile) @ backend ---
[INFO] Nothing to compile - all classes are up to date.
[INFO] 
[INFO] --- resources:3.3.1:testResources (default-testResources) @ backend ---
[INFO] skip non existing resourceDirectory E:\CampusConnect\backend\src\test\resources
[INFO] 
[INFO] --- compiler:3.13.0:testCompile (default-testCompile) @ backend ---
[INFO] Nothing to compile - all classes are up to date.
[INFO] 
[INFO] <<< spring-boot:3.3.2:run (default-cli) < test-compile @ backend <<<
[INFO] 
[INFO] 
[INFO] --- spring-boot:3.3.2:run (default-cli) @ backend ---
[INFO] Attaching agents: []

  .   ____          _            __ _ _
 /\\ / ___'_ __ _ _(_)_ __  __ _ \ \ \ \
( ( )\___ | '_ | '_| | '_ \/ _` | \ \ \ \
 \\/  ___)| |_)| | | | | || (_| |  ) ) ) )
  '  |____| .__|_| |_|_| |_\__, | / / / /
 =========|_|==============|___/=/_/_/_/

 :: Spring Boot ::                (v3.3.2)

2026-09-04T19:19:44.418+06:00  INFO 4068 --- [campusconnect-backend] [  restartedMain] c.c.backend.BackendApplication           : Starting BackendApplication using Java 17.0.20.1 with PID 4068 (E:\CampusConnect\backend\target\classes started by jawad in E:\CampusConnect\backend)
2026-09-04T19:19:44.420+06:00 DEBUG 4068 --- [campusconnect-backend] [  restartedMain] c.c.backend.BackendApplication           : Running with Spring Boot v3.3.2, Spring v6.1.11
2026-09-04T19:19:44.420+06:00  INFO 4068 --- [campusconnect-backend] [  restartedMain] c.c.backend.BackendApplication           : The following 1 profile is active: "dev"
2026-09-04T19:19:44.469+06:00  INFO 4068 --- [campusconnect-backend] [  restartedMain] .e.DevToolsPropertyDefaultsPostProcessor : Devtools property defaults active! Set 'spring.devtools.add-properties' to 'false' to disable
2026-09-04T19:19:44.470+06:00  INFO 4068 --- [campusconnect-backend] [  restartedMain] .e.DevToolsPropertyDefaultsPostProcessor : For additional web related logging consider setting the 'logging.level.web' property to 'DEBUG'
2026-09-04T19:19:44.993+06:00  INFO 4068 --- [campusconnect-backend] [  restartedMain] .s.d.r.c.RepositoryConfigurationDelegate : Bootstrapping Spring Data JPA repositories in DEFAULT mode.
2026-09-04T19:19:45.084+06:00  INFO 4068 --- [campusconnect-backend] [  restartedMain] .s.d.r.c.RepositoryConfigurationDelegate : Finished Spring Data repository scanning in 83 ms. Found 24 JPA repository interfaces.
2026-09-04T19:19:54.255+06:00  INFO 4068 --- [campusconnect-backend] [  restartedMain] o.s.b.w.embedded.tomcat.TomcatWebServer  : Tomcat initialized with port 8080 (http)
2026-09-04T19:19:54.270+06:00  INFO 4068 --- [campusconnect-backend] [  restartedMain] o.apache.catalina.core.StandardService   : Starting service [Tomcat]
2026-09-04T19:19:54.271+06:00  INFO 4068 --- [campusconnect-backend] [  restartedMain] o.apache.catalina.core.StandardEngine    : Starting Servlet engine: [Apache Tomcat/10.1.26]
2026-09-04T19:19:54.323+06:00  INFO 4068 --- [campusconnect-backend] [  restartedMain] o.a.c.c.C.[Tomcat].[localhost].[/]       : Initializing Spring embedded WebApplicationContext
2026-09-04T19:19:54.325+06:00  INFO 4068 --- [campusconnect-backend] [  restartedMain] w.s.c.ServletWebServerApplicationContext : Root WebApplicationContext: initialization completed in 9853 ms
2026-09-04T19:19:54.356+06:00  INFO 4068 --- [campusconnect-backend] [  restartedMain] com.zaxxer.hikari.HikariDataSource       : HikariPool-1 - Starting...
2026-09-04T19:19:54.621+06:00  INFO 4068 --- [campusconnect-backend] [  restartedMain] com.zaxxer.hikari.pool.HikariPool        : HikariPool-1 - Added connection conn0: url=jdbc:h2:mem:campusconnectdb user=SA
2026-09-04T19:19:54.625+06:00  INFO 4068 --- [campusconnect-backend] [  restartedMain] com.zaxxer.hikari.HikariDataSource       : HikariPool-1 - Start completed.
2026-09-04T19:19:54.646+06:00  INFO 4068 --- [campusconnect-backend] [  restartedMain] o.s.b.a.h2.H2ConsoleAutoConfiguration    : H2 console available at '/h2-console'. Database available at 'jdbc:h2:mem:campusconnectdb'
2026-09-04T19:19:54.731+06:00 DEBUG 4068 --- [campusconnect-backend] [  restartedMain] c.c.backend.security.JwtAuthFilter       : Filter 'jwtAuthFilter' configured for use
2026-09-04T19:19:54.825+06:00  INFO 4068 --- [campusconnect-backend] [  restartedMain] o.hibernate.jpa.internal.util.LogHelper  : HHH000204: Processing PersistenceUnitInfo [name: default]
2026-09-04T19:19:54.910+06:00  INFO 4068 --- [campusconnect-backend] [  restartedMain] org.hibernate.Version                    : HHH000412: Hibernate ORM core version 6.5.2.Final
2026-09-04T19:19:54.967+06:00  INFO 4068 --- [campusconnect-backend] [  restartedMain] o.h.c.internal.RegionFactoryInitiator    : HHH000026: Second-level cache disabled
2026-09-04T19:19:55.402+06:00  INFO 4068 --- [campusconnect-backend] [  restartedMain] o.s.o.j.p.SpringPersistenceUnitInfo      : No LoadTimeWeaver setup: ignoring JPA class transformer
2026-09-04T19:19:55.482+06:00  WARN 4068 --- [campusconnect-backend] [  restartedMain] org.hibernate.orm.deprecation            : HHH90000025: H2Dialect does not need to be specified explicitly using 'hibernate.dialect' (remove the property setting and it will be selected by default)
2026-09-04T19:19:57.335+06:00  INFO 4068 --- [campusconnect-backend] [  restartedMain] o.h.e.t.j.p.i.JtaPlatformInitiator       : HHH000489: No JTA platform available (set 'hibernate.transaction.jta.platform' to enable JTA platform integration)
2026-09-04T19:19:57.356+06:00 DEBUG 4068 --- [campusconnect-backend] [  restartedMain] org.hibernate.SQL                        : 
    drop table if exists advised_courses cascade 
Hibernate: 
    drop table if exists advised_courses cascade 
2026-09-04T19:19:57.364+06:00 DEBUG 4068 --- [campusconnect-backend] [  restartedMain] org.hibernate.SQL                        : 
    drop table if exists advising_portal_status cascade 
Hibernate: 
    drop table if exists advising_portal_status cascade 
2026-09-04T19:19:57.366+06:00 DEBUG 4068 --- [campusconnect-backend] [  restartedMain] org.hibernate.SQL                        : 
    drop table if exists advisor_available_days cascade 
Hibernate: 
    drop table if exists advisor_available_days cascade 
2026-09-04T19:19:57.366+06:00 DEBUG 4068 --- [campusconnect-backend] [  restartedMain] org.hibernate.SQL                        : 
    drop table if exists advisor_specialties cascade 
Hibernate: 
    drop table if exists advisor_specialties cascade 
2026-09-04T19:19:57.367+06:00 DEBUG 4068 --- [campusconnect-backend] [  restartedMain] org.hibernate.SQL                        : 
    drop table if exists advisors cascade 
Hibernate: 
    drop table if exists advisors cascade 
2026-09-04T19:19:57.367+06:00 DEBUG 4068 --- [campusconnect-backend] [  restartedMain] org.hibernate.SQL                        : 
    drop table if exists app_users cascade 
Hibernate: 
    drop table if exists app_users cascade 
2026-09-04T19:19:57.368+06:00 DEBUG 4068 --- [campusconnect-backend] [  restartedMain] org.hibernate.SQL                        : 
    drop table if exists assignments cascade 
Hibernate: 
    drop table if exists assignments cascade 
2026-09-04T19:19:57.368+06:00 DEBUG 4068 --- [campusconnect-backend] [  restartedMain] org.hibernate.SQL                        : 
    drop table if exists attendance_records cascade 
Hibernate: 
    drop table if exists attendance_records cascade 
2026-09-04T19:19:57.368+06:00 DEBUG 4068 --- [campusconnect-backend] [  restartedMain] org.hibernate.SQL                        : 
    drop table if exists chat_messages cascade 
Hibernate: 
    drop table if exists chat_messages cascade 
2026-09-04T19:19:57.369+06:00 DEBUG 4068 --- [campusconnect-backend] [  restartedMain] org.hibernate.SQL                        : 
    drop table if exists club_applications cascade 
Hibernate: 
    drop table if exists club_applications cascade 
2026-09-04T19:19:57.371+06:00 DEBUG 4068 --- [campusconnect-backend] [  restartedMain] org.hibernate.SQL                        : 
    drop table if exists club_notices cascade 
Hibernate: 
    drop table if exists club_notices cascade 
2026-09-04T19:19:57.371+06:00 DEBUG 4068 --- [campusconnect-backend] [  restartedMain] org.hibernate.SQL                        : 
    drop table if exists course_catalog cascade 
Hibernate: 
    drop table if exists course_catalog cascade 
2026-09-04T19:19:57.373+06:00 DEBUG 4068 --- [campusconnect-backend] [  restartedMain] org.hibernate.SQL                        : 
    drop table if exists course_channel_members cascade 
Hibernate: 
    drop table if exists course_channel_members cascade 
2026-09-04T19:19:57.373+06:00 DEBUG 4068 --- [campusconnect-backend] [  restartedMain] org.hibernate.SQL                        : 
    drop table if exists course_section cascade 
Hibernate: 
    drop table if exists course_section cascade 
2026-09-04T19:19:57.374+06:00 DEBUG 4068 --- [campusconnect-backend] [  restartedMain] org.hibernate.SQL                        : 
    drop table if exists exam_schedules cascade 
Hibernate: 
    drop table if exists exam_schedules cascade 
2026-09-04T19:19:57.375+06:00 DEBUG 4068 --- [campusconnect-backend] [  restartedMain] org.hibernate.SQL                        : 
    drop table if exists faculty_directory_entries cascade 
Hibernate: 
    drop table if exists faculty_directory_entries cascade 
2026-09-04T19:19:57.375+06:00 DEBUG 4068 --- [campusconnect-backend] [  restartedMain] org.hibernate.SQL                        : 
    drop table if exists notifications cascade 
Hibernate: 
    drop table if exists notifications cascade 
2026-09-04T19:19:57.376+06:00 DEBUG 4068 --- [campusconnect-backend] [  restartedMain] org.hibernate.SQL                        : 
    drop table if exists payment_records cascade 
Hibernate: 
    drop table if exists payment_records cascade 
2026-09-04T19:19:57.377+06:00 DEBUG 4068 --- [campusconnect-backend] [  restartedMain] org.hibernate.SQL                        : 
    drop table if exists recruitments cascade 
Hibernate: 
    drop table if exists recruitments cascade 
2026-09-04T19:19:57.377+06:00 DEBUG 4068 --- [campusconnect-backend] [  restartedMain] org.hibernate.SQL                        : 
    drop table if exists section_registrations cascade 
Hibernate: 
    drop table if exists section_registrations cascade 
2026-09-04T19:19:57.378+06:00 DEBUG 4068 --- [campusconnect-backend] [  restartedMain] org.hibernate.SQL                        : 
    drop table if exists student_completed_courses cascade 
Hibernate: 
    drop table if exists student_completed_courses cascade 
2026-09-04T19:19:57.378+06:00 DEBUG 4068 --- [campusconnect-backend] [  restartedMain] org.hibernate.SQL                        : 
    drop table if exists student_profiles cascade 
Hibernate: 
    drop table if exists student_profiles cascade 
2026-09-04T19:19:57.379+06:00 DEBUG 4068 --- [campusconnect-backend] [  restartedMain] org.hibernate.SQL                        : 
    drop table if exists submissions cascade 
Hibernate: 
    drop table if exists submissions cascade 
2026-09-04T19:19:57.380+06:00 DEBUG 4068 --- [campusconnect-backend] [  restartedMain] org.hibernate.SQL                        : 
    drop table if exists test_courses cascade 
Hibernate: 
    drop table if exists test_courses cascade 
2026-09-04T19:19:57.380+06:00 DEBUG 4068 --- [campusconnect-backend] [  restartedMain] org.hibernate.SQL                        : 
    drop table if exists test_faculties cascade 
Hibernate: 
    drop table if exists test_faculties cascade 
2026-09-04T19:19:57.381+06:00 DEBUG 4068 --- [campusconnect-backend] [  restartedMain] org.hibernate.SQL                        : 
    drop table if exists test_sections cascade 
Hibernate: 
    drop table if exists test_sections cascade 
2026-09-04T19:19:57.387+06:00 DEBUG 4068 --- [campusconnect-backend] [  restartedMain] org.hibernate.SQL                        : 
    create table advised_courses (
        credits integer not null,
        id bigint generated by default as identity,
        course_code varchar(20) not null,
        section varchar(30) not null,
        section_id varchar(30) not null,
        term varchar(30),
        student_id varchar(50) not null,
        room varchar(60) not null,
        assigned_at varchar(255) not null,
        assigned_by varchar(255) not null,
        course_title varchar(255) not null,
        faculty varchar(255) not null,
        time TEXT not null,
        primary key (id)
    )
Hibernate: 
    create table advised_courses (
        credits integer not null,
        id bigint generated by default as identity,
        course_code varchar(20) not null,
        section varchar(30) not null,
        section_id varchar(30) not null,
        term varchar(30),
        student_id varchar(50) not null,
        room varchar(60) not null,
        assigned_at varchar(255) not null,
        assigned_by varchar(255) not null,
        course_title varchar(255) not null,
        faculty varchar(255) not null,
        time TEXT not null,
        primary key (id)
    )
2026-09-04T19:19:57.843+06:00 DEBUG 4068 --- [campusconnect-backend] [  restartedMain] org.hibernate.SQL                        : 
    create table advising_portal_status (
        is_open boolean not null,
        id bigint not null,
        updated_at timestamp(6),
        message varchar(512),
        updated_by varchar(255),
        primary key (id)
    )
Hibernate: 
    create table advising_portal_status (
        is_open boolean not null,
        id bigint not null,
        updated_at timestamp(6),
        message varchar(512),
        updated_by varchar(255),
        primary key (id)
    )
2026-09-04T19:19:57.846+06:00 DEBUG 4068 --- [campusconnect-backend] [  restartedMain] org.hibernate.SQL                        : 
    create table advisor_available_days (
        advisor_id bigint not null,
        day_name varchar(255)
    )
Hibernate: 
    create table advisor_available_days (
        advisor_id bigint not null,
        day_name varchar(255)
    )
2026-09-04T19:19:57.847+06:00 DEBUG 4068 --- [campusconnect-backend] [  restartedMain] org.hibernate.SQL                        : 
    create table advisor_specialties (
        advisor_id bigint not null,
        specialty varchar(255)
    )
Hibernate: 
    create table advisor_specialties (
        advisor_id bigint not null,
        specialty varchar(255)
    )
2026-09-04T19:19:57.848+06:00 DEBUG 4068 --- [campusconnect-backend] [  restartedMain] org.hibernate.SQL                        : 
    create table advisors (
        id bigint generated by default as identity,
        department varchar(20) not null,
        available_hours varchar(255) not null,
        bio TEXT,
        department_label varchar(255) not null,
        email varchar(255) not null,
        name varchar(255) not null,
        title varchar(255) not null,
        primary key (id)
    )
Hibernate: 
    create table advisors (
        id bigint generated by default as identity,
        department varchar(20) not null,
        available_hours varchar(255) not null,
        bio TEXT,
        department_label varchar(255) not null,
        email varchar(255) not null,
        name varchar(255) not null,
        title varchar(255) not null,
        primary key (id)
    )
2026-09-04T19:19:57.850+06:00 DEBUG 4068 --- [campusconnect-backend] [  restartedMain] org.hibernate.SQL                        : 
    create table app_users (
        active boolean,
        is_advisor boolean,
        reminder_hours integer,
        id bigint generated by default as identity,
        role varchar(20) not null,
        created_at varchar(40),
        user_id varchar(50) not null unique,
        full_name varchar(120) not null,
        email varchar(150) not null unique,
        password_hash varchar(255) not null,
        primary key (id)
    )
Hibernate: 
    create table app_users (
        active boolean,
        is_advisor boolean,
        reminder_hours integer,
        id bigint generated by default as identity,
        role varchar(20) not null,
        created_at varchar(40),
        user_id varchar(50) not null unique,
        full_name varchar(120) not null,
        email varchar(150) not null unique,
        password_hash varchar(255) not null,
        primary key (id)
    )
2026-09-04T19:19:57.853+06:00 DEBUG 4068 --- [campusconnect-backend] [  restartedMain] org.hibernate.SQL                        : 
    create table assignments (
        total_points integer not null,
        created_at timestamp(6),
        deadline timestamp(6) not null,
        id bigint generated by default as identity,
        course_code varchar(20) not null,
        attachment_type varchar(100),
        created_by varchar(100),
        course_name varchar(200) not null,
        attachment_name varchar(300),
        title varchar(300) not null,
        attachment_data BYTEA,
        description TEXT,
        primary key (id)
    )
Hibernate: 
    create table assignments (
        total_points integer not null,
        created_at timestamp(6),
        deadline timestamp(6) not null,
        id bigint generated by default as identity,
        course_code varchar(20) not null,
        attachment_type varchar(100),
        created_by varchar(100),
        course_name varchar(200) not null,
        attachment_name varchar(300),
        title varchar(300) not null,
        attachment_data BYTEA,
        description TEXT,
        primary key (id)
    )
2026-09-04T19:19:57.855+06:00 DEBUG 4068 --- [campusconnect-backend] [  restartedMain] org.hibernate.SQL                        : 
    create table attendance_records (
        id bigint generated by default as identity,
        date varchar(10) not null,
        status varchar(10) not null,
        course_id varchar(20) not null,
        student_id varchar(20) not null,
        marked_at varchar(40),
        course_name varchar(120) not null,
        marked_by varchar(120),
        student_name varchar(120) not null,
        primary key (id)
    )
Hibernate: 
    create table attendance_records (
        id bigint generated by default as identity,
        date varchar(10) not null,
        status varchar(10) not null,
        course_id varchar(20) not null,
        student_id varchar(20) not null,
        marked_at varchar(40),
        course_name varchar(120) not null,
        marked_by varchar(120),
        student_name varchar(120) not null,
        primary key (id)
    )
2026-09-04T19:19:57.858+06:00 DEBUG 4068 --- [campusconnect-backend] [  restartedMain] org.hibernate.SQL                        : 
    create table chat_messages (
        created_at timestamp(6) with time zone not null,
        id bigint generated by default as identity,
        author_role varchar(32) not null,
        course_id varchar(64) not null,
        sub_channel_id varchar(64) not null,
        author_id varchar(128) not null,
        author_name varchar(128) not null,
        content varchar(2000),
        attachments_json varchar(4000),
        primary key (id)
    )
Hibernate: 
    create table chat_messages (
        created_at timestamp(6) with time zone not null,
        id bigint generated by default as identity,
        author_role varchar(32) not null,
        course_id varchar(64) not null,
        sub_channel_id varchar(64) not null,
        author_id varchar(128) not null,
        author_name varchar(128) not null,
        content varchar(2000),
        attachments_json varchar(4000),
        primary key (id)
    )
2026-09-04T19:19:57.860+06:00 DEBUG 4068 --- [campusconnect-backend] [  restartedMain] org.hibernate.SQL                        : 
    create table club_applications (
        id bigint generated by default as identity,
        recruitment_id varchar(20),
        status varchar(20),
        applied_at varchar(40),
        club_name varchar(100) not null,
        role varchar(100) not null,
        student_name varchar(120) not null,
        student_email varchar(200) not null,
        motivation TEXT,
        primary key (id)
    )
Hibernate: 
    create table club_applications (
        id bigint generated by default as identity,
        recruitment_id varchar(20),
        status varchar(20),
        applied_at varchar(40),
        club_name varchar(100) not null,
        role varchar(100) not null,
        student_name varchar(120) not null,
        student_email varchar(200) not null,
        motivation TEXT,
        primary key (id)
    )
2026-09-04T19:19:57.861+06:00 DEBUG 4068 --- [campusconnect-backend] [  restartedMain] org.hibernate.SQL                        : 
    create table club_notices (
        pinned boolean not null,
        id bigint generated by default as identity,
        posted_at varchar(40),
        club_name varchar(100) not null,
        posted_by varchar(100),
        title varchar(200) not null,
        body TEXT not null,
        primary key (id)
    )
Hibernate: 
    create table club_notices (
        pinned boolean not null,
        id bigint generated by default as identity,
        posted_at varchar(40),
        club_name varchar(100) not null,
        posted_by varchar(100),
        title varchar(200) not null,
        body TEXT not null,
        primary key (id)
    )
2026-09-04T19:19:57.863+06:00 DEBUG 4068 --- [campusconnect-backend] [  restartedMain] org.hibernate.SQL                        : 
    create table course_catalog (
        academic_year integer,
        capacity integer,
        credits float(53) not null,
        enrolled integer,
        is_gen_ed boolean,
        rating float(53),
        total_booked integer,
        total_seats integer,
        total_sections integer,
        id bigint generated by default as identity,
        code varchar(20) not null,
        faculty_id varchar(20),
        semester varchar(20),
        academic_degree varchar(50),
        department varchar(150),
        final_exam_schedule varchar(150),
        mid_exam_schedule varchar(150),
        school varchar(200),
        tags varchar(200),
        description TEXT,
        instructor varchar(255),
        name varchar(255) not null,
        prerequisites TEXT,
        primary key (id)
    )
Hibernate: 
    create table course_catalog (
        academic_year integer,
        capacity integer,
        credits float(53) not null,
        enrolled integer,
        is_gen_ed boolean,
        rating float(53),
        total_booked integer,
        total_seats integer,
        total_sections integer,
        id bigint generated by default as identity,
        code varchar(20) not null,
        faculty_id varchar(20),
        semester varchar(20),
        academic_degree varchar(50),
        department varchar(150),
        final_exam_schedule varchar(150),
        mid_exam_schedule varchar(150),
        school varchar(200),
        tags varchar(200),
        description TEXT,
        instructor varchar(255),
        name varchar(255) not null,
        prerequisites TEXT,
        primary key (id)
    )
2026-09-04T19:19:57.865+06:00 DEBUG 4068 --- [campusconnect-backend] [  restartedMain] org.hibernate.SQL                        : 
    create table course_channel_members (
        id bigint generated by default as identity,
        updated_at timestamp(6) with time zone not null,
        course_code varchar(32),
        status varchar(32) not null,
        user_role varchar(32) not null,
        added_by varchar(64),
        channel_id varchar(64) not null,
        user_id varchar(64) not null,
        user_email varchar(128),
        user_name varchar(128),
        primary key (id),
        constraint uk_channel_member unique (channel_id, user_id)
    )
Hibernate: 
    create table course_channel_members (
        id bigint generated by default as identity,
        updated_at timestamp(6) with time zone not null,
        course_code varchar(32),
        status varchar(32) not null,
        user_role varchar(32) not null,
        added_by varchar(64),
        channel_id varchar(64) not null,
        user_id varchar(64) not null,
        user_email varchar(128),
        user_name varchar(128),
        primary key (id),
        constraint uk_channel_member unique (channel_id, user_id)
    )
2026-09-04T19:19:57.869+06:00 DEBUG 4068 --- [campusconnect-backend] [  restartedMain] org.hibernate.SQL                        : 
    create table course_section (
        booked integer not null,
        credits float(53),
        total_seats integer not null,
        code varchar(30) not null,
        section varchar(30) not null,
        id varchar(60) not null,
        room varchar(60) not null,
        midterm_exam varchar(100),
        exam_day varchar(255),
        faculty varchar(255) not null,
        prerequisite_codes TEXT,
        time TEXT not null,
        title varchar(255) not null,
        primary key (id)
    )
Hibernate: 
    create table course_section (
        booked integer not null,
        credits float(53),
        total_seats integer not null,
        code varchar(30) not null,
        section varchar(30) not null,
        id varchar(60) not null,
        room varchar(60) not null,
        midterm_exam varchar(100),
        exam_day varchar(255),
        faculty varchar(255) not null,
        prerequisite_codes TEXT,
        time TEXT not null,
        title varchar(255) not null,
        primary key (id)
    )
2026-09-04T19:19:57.871+06:00 DEBUG 4068 --- [campusconnect-backend] [  restartedMain] org.hibernate.SQL                        : 
    create table exam_schedules (
        final_date timestamp(6) not null,
        id bigint generated by default as identity,
        midterm_date timestamp(6) not null,
        course_code varchar(30) not null unique,
        course_name varchar(255) not null,
        primary key (id)
    )
Hibernate: 
    create table exam_schedules (
        final_date timestamp(6) not null,
        id bigint generated by default as identity,
        midterm_date timestamp(6) not null,
        course_code varchar(30) not null unique,
        course_name varchar(255) not null,
        primary key (id)
    )
2026-09-04T19:19:57.875+06:00 DEBUG 4068 --- [campusconnect-backend] [  restartedMain] org.hibernate.SQL                        : 
    create table faculty_directory_entries (
        id bigint generated by default as identity,
        thesis_level varchar(20),
        thesis_status varchar(30) not null,
        category varchar(100) not null,
        name varchar(180) not null,
        position varchar(180) not null,
        email varchar(220) not null unique,
        profile_url varchar(500),
        primary key (id)
    )
Hibernate: 
    create table faculty_directory_entries (
        id bigint generated by default as identity,
        thesis_level varchar(20),
        thesis_status varchar(30) not null,
        category varchar(100) not null,
        name varchar(180) not null,
        position varchar(180) not null,
        email varchar(220) not null unique,
        profile_url varchar(500),
        primary key (id)
    )
2026-09-04T19:19:57.877+06:00 DEBUG 4068 --- [campusconnect-backend] [  restartedMain] org.hibernate.SQL                        : 
    create table notifications (
        is_read boolean not null,
        created_at timestamp(6) with time zone not null,
        id bigint generated by default as identity,
        type varchar(64) not null,
        user_id varchar(64) not null,
        link varchar(255),
        payload TEXT,
        title varchar(255) not null,
        primary key (id)
    )
Hibernate: 
    create table notifications (
        is_read boolean not null,
        created_at timestamp(6) with time zone not null,
        id bigint generated by default as identity,
        type varchar(64) not null,
        user_id varchar(64) not null,
        link varchar(255),
        payload TEXT,
        title varchar(255) not null,
        primary key (id)
    )
2026-09-04T19:19:57.879+06:00 DEBUG 4068 --- [campusconnect-backend] [  restartedMain] org.hibernate.SQL                        : 
    create table payment_records (
        gross_payable float(53) not null,
        net_payable float(53) not null,
        semester_fee float(53) not null,
        total_course_fee float(53) not null,
        created_at timestamp(6) not null,
        id bigint generated by default as identity,
        paid_at timestamp(6) not null,
        term varchar(30) not null,
        payment_status varchar(40) not null,
        payment_method varchar(50) not null,
        student_id varchar(50) not null,
        receipt_number varchar(60) not null unique,
        bank_name varchar(100),
        department varchar(100),
        transaction_id varchar(100) not null,
        student_name varchar(150) not null,
        amount_in_words varchar(255),
        items_json TEXT,
        primary key (id)
    )
Hibernate: 
    create table payment_records (
        gross_payable float(53) not null,
        net_payable float(53) not null,
        semester_fee float(53) not null,
        total_course_fee float(53) not null,
        created_at timestamp(6) not null,
        id bigint generated by default as identity,
        paid_at timestamp(6) not null,
        term varchar(30) not null,
        payment_status varchar(40) not null,
        payment_method varchar(50) not null,
        student_id varchar(50) not null,
        receipt_number varchar(60) not null unique,
        bank_name varchar(100),
        department varchar(100),
        transaction_id varchar(100) not null,
        student_name varchar(150) not null,
        amount_in_words varchar(255),
        items_json TEXT,
        primary key (id)
    )
2026-09-04T19:19:57.881+06:00 DEBUG 4068 --- [campusconnect-backend] [  restartedMain] org.hibernate.SQL                        : 
    create table recruitments (
        active boolean not null,
        slots integer not null,
        id bigint generated by default as identity,
        deadline varchar(20),
        posted_at varchar(40),
        club_name varchar(100) not null,
        role varchar(100) not null,
        description TEXT not null,
        primary key (id)
    )
Hibernate: 
    create table recruitments (
        active boolean not null,
        slots integer not null,
        id bigint generated by default as identity,
        deadline varchar(20),
        posted_at varchar(40),
        club_name varchar(100) not null,
        role varchar(100) not null,
        description TEXT not null,
        primary key (id)
    )
2026-09-04T19:19:57.882+06:00 DEBUG 4068 --- [campusconnect-backend] [  restartedMain] org.hibernate.SQL                        : 
    create table section_registrations (
        id bigint generated by default as identity,
        registered_at timestamp(6) not null,
        term varchar(20) not null,
        student_id varchar(50) not null,
        section_id varchar(60) not null,
        primary key (id),
        constraint uq_student_section_term unique (student_id, section_id, term)
    )
Hibernate: 
    create table section_registrations (
        id bigint generated by default as identity,
        registered_at timestamp(6) not null,
        term varchar(20) not null,
        student_id varchar(50) not null,
        section_id varchar(60) not null,
        primary key (id),
        constraint uq_student_section_term unique (student_id, section_id, term)
    )
2026-09-04T19:19:57.884+06:00 DEBUG 4068 --- [campusconnect-backend] [  restartedMain] org.hibernate.SQL                        : 
    create table student_completed_courses (
        credits integer not null,
        grade_point float(53),
        is_bypassed boolean not null,
        id bigint generated by default as identity,
        grade varchar(20),
        course_code varchar(30) not null,
        bypassed_at varchar(50),
        semester varchar(50),
        student_id varchar(50) not null,
        bypassed_by varchar(100),
        course_title varchar(200) not null,
        reason varchar(255),
        primary key (id)
    )
Hibernate: 
    create table student_completed_courses (
        credits integer not null,
        grade_point float(53),
        is_bypassed boolean not null,
        id bigint generated by default as identity,
        grade varchar(20),
        course_code varchar(30) not null,
        bypassed_at varchar(50),
        semester varchar(50),
        student_id varchar(50) not null,
        bypassed_by varchar(100),
        course_title varchar(200) not null,
        reason varchar(255),
        primary key (id)
    )
2026-09-04T19:19:57.886+06:00 DEBUG 4068 --- [campusconnect-backend] [  restartedMain] org.hibernate.SQL                        : 
    create table student_profiles (
        advising_confirmed boolean,
        cgpa float(53) not null,
        completed_credits integer not null,
        on_probation boolean not null,
        year integer not null,
        student_id varchar(50) not null,
        advising_confirmed_at varchar(255),
        completed_courses TEXT,
        department varchar(255) not null,
        email varchar(255) not null,
        student_name varchar(255) not null,
        primary key (student_id)
    )
Hibernate: 
    create table student_profiles (
        advising_confirmed boolean,
        cgpa float(53) not null,
        completed_credits integer not null,
        on_probation boolean not null,
        year integer not null,
        student_id varchar(50) not null,
        advising_confirmed_at varchar(255),
        completed_courses TEXT,
        department varchar(255) not null,
        email varchar(255) not null,
        student_name varchar(255) not null,
        primary key (student_id)
    )
2026-09-04T19:19:57.887+06:00 DEBUG 4068 --- [campusconnect-backend] [  restartedMain] org.hibernate.SQL                        : 
    create table submissions (
        assignment_id bigint not null,
        id bigint generated by default as identity,
        submitted_at timestamp(6),
        status varchar(20) not null,
        student_id varchar(20) not null,
        file_type varchar(100),
        student_name varchar(100),
        file_name varchar(300),
        file_data BYTEA,
        primary key (id),
        constraint uk_submission_assignment_student unique (assignment_id, student_id)
    )
Hibernate: 
    create table submissions (
        assignment_id bigint not null,
        id bigint generated by default as identity,
        submitted_at timestamp(6),
        status varchar(20) not null,
        student_id varchar(20) not null,
        file_type varchar(100),
        student_name varchar(100),
        file_name varchar(300),
        file_data BYTEA,
        primary key (id),
        constraint uk_submission_assignment_student unique (assignment_id, student_id)
    )
2026-09-04T19:19:57.891+06:00 DEBUG 4068 --- [campusconnect-backend] [  restartedMain] org.hibernate.SQL                        : 
    create table test_courses (
        credits float(53) not null,
        id bigint generated by default as identity,
        code varchar(30) not null unique,
        academic_degree varchar(50),
        department varchar(150) not null,
        name varchar(150) not null,
        school varchar(150),
        description TEXT,
        prerequisites TEXT,
        primary key (id)
    )
Hibernate: 
    create table test_courses (
        credits float(53) not null,
        id bigint generated by default as identity,
        code varchar(30) not null unique,
        academic_degree varchar(50),
        department varchar(150) not null,
        name varchar(150) not null,
        school varchar(150),
        description TEXT,
        prerequisites TEXT,
        primary key (id)
    )
2026-09-04T19:19:57.893+06:00 DEBUG 4068 --- [campusconnect-backend] [  restartedMain] org.hibernate.SQL                        : 
    create table test_faculties (
        is_advisor boolean,
        id bigint generated by default as identity,
        created_at varchar(40),
        faculty_id varchar(50) not null unique,
        user_id varchar(50) not null,
        office_room varchar(60),
        designation varchar(80) not null,
        name varchar(120) not null,
        department varchar(150) not null,
        email varchar(150) not null unique,
        primary key (id)
    )
Hibernate: 
    create table test_faculties (
        is_advisor boolean,
        id bigint generated by default as identity,
        created_at varchar(40),
        faculty_id varchar(50) not null unique,
        user_id varchar(50) not null,
        office_room varchar(60),
        designation varchar(80) not null,
        name varchar(120) not null,
        department varchar(150) not null,
        email varchar(150) not null unique,
        primary key (id)
    )
2026-09-04T19:19:57.895+06:00 DEBUG 4068 --- [campusconnect-backend] [  restartedMain] org.hibernate.SQL                        : 
    create table test_sections (
        booked_seats integer not null,
        total_seats integer not null,
        course_id bigint not null,
        faculty_id bigint not null,
        id bigint generated by default as identity,
        section_number varchar(20) not null,
        term varchar(30) not null,
        room varchar(60) not null,
        section_id varchar(60) not null unique,
        schedule_time varchar(150) not null,
        primary key (id)
    )
Hibernate: 
    create table test_sections (
        booked_seats integer not null,
        total_seats integer not null,
        course_id bigint not null,
        faculty_id bigint not null,
        id bigint generated by default as identity,
        section_number varchar(20) not null,
        term varchar(30) not null,
        room varchar(60) not null,
        section_id varchar(60) not null unique,
        schedule_time varchar(150) not null,
        primary key (id)
    )
2026-09-04T19:19:57.897+06:00 DEBUG 4068 --- [campusconnect-backend] [  restartedMain] org.hibernate.SQL                        : 
    create index idx_chat_course_sub 
       on chat_messages (course_id, sub_channel_id)
Hibernate: 
    create index idx_chat_course_sub 
       on chat_messages (course_id, sub_channel_id)
2026-09-04T19:19:57.899+06:00 DEBUG 4068 --- [campusconnect-backend] [  restartedMain] org.hibernate.SQL                        : 
    create index idx_chat_created 
       on chat_messages (created_at)
Hibernate: 
    create index idx_chat_created 
       on chat_messages (created_at)
2026-09-04T19:19:57.900+06:00 DEBUG 4068 --- [campusconnect-backend] [  restartedMain] org.hibernate.SQL                        : 
    create index idx_ch_member_channel 
       on course_channel_members (channel_id)
Hibernate: 
    create index idx_ch_member_channel 
       on course_channel_members (channel_id)
2026-09-04T19:19:57.901+06:00 DEBUG 4068 --- [campusconnect-backend] [  restartedMain] org.hibernate.SQL                        : 
    create index idx_ch_member_user 
       on course_channel_members (user_id)
Hibernate: 
    create index idx_ch_member_user 
       on course_channel_members (user_id)
2026-09-04T19:19:57.902+06:00 DEBUG 4068 --- [campusconnect-backend] [  restartedMain] org.hibernate.SQL                        : 
    create index idx_notif_user 
       on notifications (user_id)
Hibernate: 
    create index idx_notif_user 
       on notifications (user_id)
2026-09-04T19:19:57.902+06:00 DEBUG 4068 --- [campusconnect-backend] [  restartedMain] org.hibernate.SQL                        : 
    create index idx_notif_created 
       on notifications (created_at)
Hibernate: 
    create index idx_notif_created 
       on notifications (created_at)
2026-09-04T19:19:57.902+06:00 DEBUG 4068 --- [campusconnect-backend] [  restartedMain] org.hibernate.SQL                        : 
    create index idx_notif_user_read 
       on notifications (user_id, is_read)
Hibernate: 
    create index idx_notif_user_read 
       on notifications (user_id, is_read)
2026-09-04T19:19:57.903+06:00 DEBUG 4068 --- [campusconnect-backend] [  restartedMain] org.hibernate.SQL                        : 
    create index idx_payment_student_id 
       on payment_records (student_id)
Hibernate: 
    create index idx_payment_student_id 
       on payment_records (student_id)
2026-09-04T19:19:57.905+06:00 DEBUG 4068 --- [campusconnect-backend] [  restartedMain] org.hibernate.SQL                        : 
    alter table if exists advised_courses 
       add constraint FKb7c5uyvk5ivybbsg40kn0n4rm 
       foreign key (student_id) 
       references student_profiles
Hibernate: 
    alter table if exists advised_courses 
       add constraint FKb7c5uyvk5ivybbsg40kn0n4rm 
       foreign key (student_id) 
       references student_profiles
2026-09-04T19:19:57.920+06:00 DEBUG 4068 --- [campusconnect-backend] [  restartedMain] org.hibernate.SQL                        : 
    alter table if exists advisor_available_days 
       add constraint FKbxcljuim7phnibp8bwl51leb5 
       foreign key (advisor_id) 
       references advisors
Hibernate: 
    alter table if exists advisor_available_days 
       add constraint FKbxcljuim7phnibp8bwl51leb5 
       foreign key (advisor_id) 
       references advisors
2026-09-04T19:19:57.924+06:00 DEBUG 4068 --- [campusconnect-backend] [  restartedMain] org.hibernate.SQL                        : 
    alter table if exists advisor_specialties 
       add constraint FKgcuxbiegmkiwf0dmma1tj50ax 
       foreign key (advisor_id) 
       references advisors
Hibernate: 
    alter table if exists advisor_specialties 
       add constraint FKgcuxbiegmkiwf0dmma1tj50ax 
       foreign key (advisor_id) 
       references advisors
2026-09-04T19:19:57.926+06:00 DEBUG 4068 --- [campusconnect-backend] [  restartedMain] org.hibernate.SQL                        : 
    alter table if exists section_registrations 
       add constraint FK5b8r1lkvm1177qm2gyonfcixv 
       foreign key (section_id) 
       references course_section
Hibernate: 
    alter table if exists section_registrations 
       add constraint FK5b8r1lkvm1177qm2gyonfcixv 
       foreign key (section_id) 
       references course_section
2026-09-04T19:19:57.929+06:00 DEBUG 4068 --- [campusconnect-backend] [  restartedMain] org.hibernate.SQL                        : 
    alter table if exists test_sections 
       add constraint FKbo86k692733hc44e92kqrmeff 
       foreign key (course_id) 
       references test_courses
Hibernate: 
    alter table if exists test_sections 
       add constraint FKbo86k692733hc44e92kqrmeff 
       foreign key (course_id) 
       references test_courses
2026-09-04T19:19:57.930+06:00 DEBUG 4068 --- [campusconnect-backend] [  restartedMain] org.hibernate.SQL                        : 
    alter table if exists test_sections 
       add constraint FKcojbt364l6gl2jg1wqd9brwbq 
       foreign key (faculty_id) 
       references test_faculties
Hibernate: 
    alter table if exists test_sections 
       add constraint FKcojbt364l6gl2jg1wqd9brwbq 
       foreign key (faculty_id) 
       references test_faculties
2026-09-04T19:19:57.936+06:00  INFO 4068 --- [campusconnect-backend] [  restartedMain] j.LocalContainerEntityManagerFactoryBean : Initialized JPA EntityManagerFactory for persistence unit 'default'
2026-09-04T19:19:58.451+06:00  INFO 4068 --- [campusconnect-backend] [  restartedMain] o.s.d.j.r.query.QueryEnhancerFactory     : Hibernate is in classpath; If applicable, HQL parser will be used.
2026-09-04T19:19:59.700+06:00 DEBUG 4068 --- [campusconnect-backend] [  restartedMain] org.hibernate.SQL                        : 
    update
        course_section cs1_0 
    set
        booked=cs1_0.total_seats 
    where
        cs1_0.booked>cs1_0.total_seats
Hibernate: 
    update
        course_section cs1_0 
    set
        booked=cs1_0.total_seats 
    where
        cs1_0.booked>cs1_0.total_seats
2026-09-04T19:19:59.758+06:00 DEBUG 4068 --- [campusconnect-backend] [  restartedMain] org.hibernate.SQL                        : 
    select
        aps1_0.id,
        aps1_0.message,
        aps1_0.is_open,
        aps1_0.updated_at,
        aps1_0.updated_by 
    from
        advising_portal_status aps1_0 
    where
        aps1_0.id=?
Hibernate: 
    select
        aps1_0.id,
        aps1_0.message,
        aps1_0.is_open,
        aps1_0.updated_at,
        aps1_0.updated_by 
    from
        advising_portal_status aps1_0 
    where
        aps1_0.id=?
2026-09-04T19:19:59.779+06:00 DEBUG 4068 --- [campusconnect-backend] [  restartedMain] org.hibernate.SQL                        : 
    select
        aps1_0.id,
        aps1_0.message,
        aps1_0.is_open,
        aps1_0.updated_at,
        aps1_0.updated_by 
    from
        advising_portal_status aps1_0 
    where
        aps1_0.id=?
Hibernate: 
    select
        aps1_0.id,
        aps1_0.message,
        aps1_0.is_open,
        aps1_0.updated_at,
        aps1_0.updated_by 
    from
        advising_portal_status aps1_0 
    where
        aps1_0.id=?
2026-09-04T19:19:59.815+06:00 DEBUG 4068 --- [campusconnect-backend] [  restartedMain] org.hibernate.SQL                        : 
    insert 
    into
        advising_portal_status
        (message, is_open, updated_at, updated_by, id) 
    values
        (?, ?, ?, ?, ?)
Hibernate: 
    insert 
    into
        advising_portal_status
        (message, is_open, updated_at, updated_by, id) 
    values
        (?, ?, ?, ?, ?)
2026-09-04T19:20:00.272+06:00 DEBUG 4068 --- [campusconnect-backend] [  restartedMain] org.hibernate.SQL                        : 
    select
        count(*) 
    from
        assignments a1_0
Hibernate: 
    select
        count(*) 
    from
        assignments a1_0
2026-09-04T19:20:00.280+06:00 DEBUG 4068 --- [campusconnect-backend] [  restartedMain] org.hibernate.SQL                        : 
    insert 
    into
        assignments
        (attachment_data, attachment_name, attachment_type, course_code, course_name, created_at, created_by, deadline, description, title, total_points, id) 
    values
        (?, ?, ?, ?, ?, ?, ?, ?, ?, ?, ?, default)
Hibernate: 
    insert 
    into
        assignments
        (attachment_data, attachment_name, attachment_type, course_code, course_name, created_at, created_by, deadline, description, title, total_points, id) 
    values
        (?, ?, ?, ?, ?, ?, ?, ?, ?, ?, ?, default)
2026-09-04T19:20:00.298+06:00 DEBUG 4068 --- [campusconnect-backend] [  restartedMain] org.hibernate.SQL                        : 
    insert 
    into
        assignments
        (attachment_data, attachment_name, attachment_type, course_code, course_name, created_at, created_by, deadline, description, title, total_points, id) 
    values
        (?, ?, ?, ?, ?, ?, ?, ?, ?, ?, ?, default)
Hibernate: 
    insert 
    into
        assignments
        (attachment_data, attachment_name, attachment_type, course_code, course_name, created_at, created_by, deadline, description, title, total_points, id) 
    values
        (?, ?, ?, ?, ?, ?, ?, ?, ?, ?, ?, default)
2026-09-04T19:20:00.300+06:00 DEBUG 4068 --- [campusconnect-backend] [  restartedMain] org.hibernate.SQL                        : 
    insert 
    into
        assignments
        (attachment_data, attachment_name, attachment_type, course_code, course_name, created_at, created_by, deadline, description, title, total_points, id) 
    values
        (?, ?, ?, ?, ?, ?, ?, ?, ?, ?, ?, default)
Hibernate: 
    insert 
    into
        assignments
        (attachment_data, attachment_name, attachment_type, course_code, course_name, created_at, created_by, deadline, description, title, total_points, id) 
    values
        (?, ?, ?, ?, ?, ?, ?, ?, ?, ?, ?, default)
2026-09-04T19:20:00.305+06:00 DEBUG 4068 --- [campusconnect-backend] [  restartedMain] org.hibernate.SQL                        : 
    insert 
    into
        assignments
        (attachment_data, attachment_name, attachment_type, course_code, course_name, created_at, created_by, deadline, description, title, total_points, id) 
    values
        (?, ?, ?, ?, ?, ?, ?, ?, ?, ?, ?, default)
Hibernate: 
    insert 
    into
        assignments
        (attachment_data, attachment_name, attachment_type, course_code, course_name, created_at, created_by, deadline, description, title, total_points, id) 
    values
        (?, ?, ?, ?, ?, ?, ?, ?, ?, ?, ?, default)
2026-09-04T19:20:00.318+06:00 DEBUG 4068 --- [campusconnect-backend] [  restartedMain] org.hibernate.SQL                        : 
    select
        count(*) 
    from
        attendance_records ar1_0
Hibernate: 
    select
        count(*) 
    from
        attendance_records ar1_0
2026-09-04T19:20:00.321+06:00 DEBUG 4068 --- [campusconnect-backend] [  restartedMain] org.hibernate.SQL                        : 
    insert 
    into
        attendance_records
        (course_id, course_name, date, marked_at, marked_by, status, student_id, student_name, id) 
    values
        (?, ?, ?, ?, ?, ?, ?, ?, default)
Hibernate: 
    insert 
    into
        attendance_records
        (course_id, course_name, date, marked_at, marked_by, status, student_id, student_name, id) 
    values
        (?, ?, ?, ?, ?, ?, ?, ?, default)
2026-09-04T19:20:00.326+06:00 DEBUG 4068 --- [campusconnect-backend] [  restartedMain] org.hibernate.SQL                        : 
    insert 
    into
        attendance_records
        (course_id, course_name, date, marked_at, marked_by, status, student_id, student_name, id) 
    values
        (?, ?, ?, ?, ?, ?, ?, ?, default)
Hibernate: 
    insert 
    into
        attendance_records
        (course_id, course_name, date, marked_at, marked_by, status, student_id, student_name, id) 
    values
        (?, ?, ?, ?, ?, ?, ?, ?, default)
2026-09-04T19:20:00.329+06:00 DEBUG 4068 --- [campusconnect-backend] [  restartedMain] org.hibernate.SQL                        : 
    insert 
    into
        attendance_records
        (course_id, course_name, date, marked_at, marked_by, status, student_id, student_name, id) 
    values
        (?, ?, ?, ?, ?, ?, ?, ?, default)
Hibernate: 
    insert 
    into
        attendance_records
        (course_id, course_name, date, marked_at, marked_by, status, student_id, student_name, id) 
    values
        (?, ?, ?, ?, ?, ?, ?, ?, default)
2026-09-04T19:20:00.332+06:00 DEBUG 4068 --- [campusconnect-backend] [  restartedMain] org.hibernate.SQL                        : 
    insert 
    into
        attendance_records
        (course_id, course_name, date, marked_at, marked_by, status, student_id, student_name, id) 
    values
        (?, ?, ?, ?, ?, ?, ?, ?, default)
Hibernate: 
    insert 
    into
        attendance_records
        (course_id, course_name, date, marked_at, marked_by, status, student_id, student_name, id) 
    values
        (?, ?, ?, ?, ?, ?, ?, ?, default)
2026-09-04T19:20:00.336+06:00 DEBUG 4068 --- [campusconnect-backend] [  restartedMain] org.hibernate.SQL                        : 
    insert 
    into
        attendance_records
        (course_id, course_name, date, marked_at, marked_by, status, student_id, student_name, id) 
    values
        (?, ?, ?, ?, ?, ?, ?, ?, default)
Hibernate: 
    insert 
    into
        attendance_records
        (course_id, course_name, date, marked_at, marked_by, status, student_id, student_name, id) 
    values
        (?, ?, ?, ?, ?, ?, ?, ?, default)
2026-09-04T19:20:00.338+06:00 DEBUG 4068 --- [campusconnect-backend] [  restartedMain] org.hibernate.SQL                        : 
    insert 
    into
        attendance_records
        (course_id, course_name, date, marked_at, marked_by, status, student_id, student_name, id) 
    values
        (?, ?, ?, ?, ?, ?, ?, ?, default)
Hibernate: 
    insert 
    into
        attendance_records
        (course_id, course_name, date, marked_at, marked_by, status, student_id, student_name, id) 
    values
        (?, ?, ?, ?, ?, ?, ?, ?, default)
2026-09-04T19:20:00.344+06:00 DEBUG 4068 --- [campusconnect-backend] [  restartedMain] org.hibernate.SQL                        : 
    insert 
    into
        attendance_records
        (course_id, course_name, date, marked_at, marked_by, status, student_id, student_name, id) 
    values
        (?, ?, ?, ?, ?, ?, ?, ?, default)
Hibernate: 
    insert 
    into
        attendance_records
        (course_id, course_name, date, marked_at, marked_by, status, student_id, student_name, id) 
    values
        (?, ?, ?, ?, ?, ?, ?, ?, default)
2026-09-04T19:20:00.347+06:00 DEBUG 4068 --- [campusconnect-backend] [  restartedMain] org.hibernate.SQL                        : 
    insert 
    into
        attendance_records
        (course_id, course_name, date, marked_at, marked_by, status, student_id, student_name, id) 
    values
        (?, ?, ?, ?, ?, ?, ?, ?, default)
Hibernate: 
    insert 
    into
        attendance_records
        (course_id, course_name, date, marked_at, marked_by, status, student_id, student_name, id) 
    values
        (?, ?, ?, ?, ?, ?, ?, ?, default)
2026-09-04T19:20:00.349+06:00 DEBUG 4068 --- [campusconnect-backend] [  restartedMain] org.hibernate.SQL                        : 
    insert 
    into
        attendance_records
        (course_id, course_name, date, marked_at, marked_by, status, student_id, student_name, id) 
    values
        (?, ?, ?, ?, ?, ?, ?, ?, default)
Hibernate: 
    insert 
    into
        attendance_records
        (course_id, course_name, date, marked_at, marked_by, status, student_id, student_name, id) 
    values
        (?, ?, ?, ?, ?, ?, ?, ?, default)
2026-09-04T19:20:00.351+06:00 DEBUG 4068 --- [campusconnect-backend] [  restartedMain] org.hibernate.SQL                        : 
    insert 
    into
        attendance_records
        (course_id, course_name, date, marked_at, marked_by, status, student_id, student_name, id) 
    values
        (?, ?, ?, ?, ?, ?, ?, ?, default)
Hibernate: 
    insert 
    into
        attendance_records
        (course_id, course_name, date, marked_at, marked_by, status, student_id, student_name, id) 
    values
        (?, ?, ?, ?, ?, ?, ?, ?, default)
2026-09-04T19:20:00.355+06:00 DEBUG 4068 --- [campusconnect-backend] [  restartedMain] org.hibernate.SQL                        : 
    insert 
    into
        attendance_records
        (course_id, course_name, date, marked_at, marked_by, status, student_id, student_name, id) 
    values
        (?, ?, ?, ?, ?, ?, ?, ?, default)
Hibernate: 
    insert 
    into
        attendance_records
        (course_id, course_name, date, marked_at, marked_by, status, student_id, student_name, id) 
    values
        (?, ?, ?, ?, ?, ?, ?, ?, default)
2026-09-04T19:20:00.360+06:00 DEBUG 4068 --- [campusconnect-backend] [  restartedMain] org.hibernate.SQL                        : 
    insert 
    into
        attendance_records
        (course_id, course_name, date, marked_at, marked_by, status, student_id, student_name, id) 
    values
        (?, ?, ?, ?, ?, ?, ?, ?, default)
Hibernate: 
    insert 
    into
        attendance_records
        (course_id, course_name, date, marked_at, marked_by, status, student_id, student_name, id) 
    values
        (?, ?, ?, ?, ?, ?, ?, ?, default)
2026-09-04T19:20:00.364+06:00 DEBUG 4068 --- [campusconnect-backend] [  restartedMain] org.hibernate.SQL                        : 
    insert 
    into
        attendance_records
        (course_id, course_name, date, marked_at, marked_by, status, student_id, student_name, id) 
    values
        (?, ?, ?, ?, ?, ?, ?, ?, default)
Hibernate: 
    insert 
    into
        attendance_records
        (course_id, course_name, date, marked_at, marked_by, status, student_id, student_name, id) 
    values
        (?, ?, ?, ?, ?, ?, ?, ?, default)
2026-09-04T19:20:00.365+06:00 DEBUG 4068 --- [campusconnect-backend] [  restartedMain] org.hibernate.SQL                        : 
    insert 
    into
        attendance_records
        (course_id, course_name, date, marked_at, marked_by, status, student_id, student_name, id) 
    values
        (?, ?, ?, ?, ?, ?, ?, ?, default)
Hibernate: 
    insert 
    into
        attendance_records
        (course_id, course_name, date, marked_at, marked_by, status, student_id, student_name, id) 
    values
        (?, ?, ?, ?, ?, ?, ?, ?, default)
2026-09-04T19:20:00.368+06:00 DEBUG 4068 --- [campusconnect-backend] [  restartedMain] org.hibernate.SQL                        : 
    insert 
    into
        attendance_records
        (course_id, course_name, date, marked_at, marked_by, status, student_id, student_name, id) 
    values
        (?, ?, ?, ?, ?, ?, ?, ?, default)
Hibernate: 
    insert 
    into
        attendance_records
        (course_id, course_name, date, marked_at, marked_by, status, student_id, student_name, id) 
    values
        (?, ?, ?, ?, ?, ?, ?, ?, default)
2026-09-04T19:20:00.370+06:00 DEBUG 4068 --- [campusconnect-backend] [  restartedMain] org.hibernate.SQL                        : 
    insert 
    into
        attendance_records
        (course_id, course_name, date, marked_at, marked_by, status, student_id, student_name, id) 
    values
        (?, ?, ?, ?, ?, ?, ?, ?, default)
Hibernate: 
    insert 
    into
        attendance_records
        (course_id, course_name, date, marked_at, marked_by, status, student_id, student_name, id) 
    values
        (?, ?, ?, ?, ?, ?, ?, ?, default)
2026-09-04T19:20:00.375+06:00 DEBUG 4068 --- [campusconnect-backend] [  restartedMain] org.hibernate.SQL                        : 
    insert 
    into
        attendance_records
        (course_id, course_name, date, marked_at, marked_by, status, student_id, student_name, id) 
    values
        (?, ?, ?, ?, ?, ?, ?, ?, default)
Hibernate: 
    insert 
    into
        attendance_records
        (course_id, course_name, date, marked_at, marked_by, status, student_id, student_name, id) 
    values
        (?, ?, ?, ?, ?, ?, ?, ?, default)
2026-09-04T19:20:00.378+06:00 DEBUG 4068 --- [campusconnect-backend] [  restartedMain] org.hibernate.SQL                        : 
    insert 
    into
        attendance_records
        (course_id, course_name, date, marked_at, marked_by, status, student_id, student_name, id) 
    values
        (?, ?, ?, ?, ?, ?, ?, ?, default)
Hibernate: 
    insert 
    into
        attendance_records
        (course_id, course_name, date, marked_at, marked_by, status, student_id, student_name, id) 
    values
        (?, ?, ?, ?, ?, ?, ?, ?, default)
2026-09-04T19:20:00.380+06:00 DEBUG 4068 --- [campusconnect-backend] [  restartedMain] org.hibernate.SQL                        : 
    insert 
    into
        attendance_records
        (course_id, course_name, date, marked_at, marked_by, status, student_id, student_name, id) 
    values
        (?, ?, ?, ?, ?, ?, ?, ?, default)
Hibernate: 
    insert 
    into
        attendance_records
        (course_id, course_name, date, marked_at, marked_by, status, student_id, student_name, id) 
    values
        (?, ?, ?, ?, ?, ?, ?, ?, default)
2026-09-04T19:20:00.384+06:00 DEBUG 4068 --- [campusconnect-backend] [  restartedMain] org.hibernate.SQL                        : 
    insert 
    into
        attendance_records
        (course_id, course_name, date, marked_at, marked_by, status, student_id, student_name, id) 
    values
        (?, ?, ?, ?, ?, ?, ?, ?, default)
Hibernate: 
    insert 
    into
        attendance_records
        (course_id, course_name, date, marked_at, marked_by, status, student_id, student_name, id) 
    values
        (?, ?, ?, ?, ?, ?, ?, ?, default)
2026-09-04T19:20:00.385+06:00 DEBUG 4068 --- [campusconnect-backend] [  restartedMain] org.hibernate.SQL                        : 
    insert 
    into
        attendance_records
        (course_id, course_name, date, marked_at, marked_by, status, student_id, student_name, id) 
    values
        (?, ?, ?, ?, ?, ?, ?, ?, default)
Hibernate: 
    insert 
    into
        attendance_records
        (course_id, course_name, date, marked_at, marked_by, status, student_id, student_name, id) 
    values
        (?, ?, ?, ?, ?, ?, ?, ?, default)
2026-09-04T19:20:00.388+06:00 DEBUG 4068 --- [campusconnect-backend] [  restartedMain] org.hibernate.SQL                        : 
    insert 
    into
        attendance_records
        (course_id, course_name, date, marked_at, marked_by, status, student_id, student_name, id) 
    values
        (?, ?, ?, ?, ?, ?, ?, ?, default)
Hibernate: 
    insert 
    into
        attendance_records
        (course_id, course_name, date, marked_at, marked_by, status, student_id, student_name, id) 
    values
        (?, ?, ?, ?, ?, ?, ?, ?, default)
2026-09-04T19:20:00.394+06:00 DEBUG 4068 --- [campusconnect-backend] [  restartedMain] org.hibernate.SQL                        : 
    insert 
    into
        attendance_records
        (course_id, course_name, date, marked_at, marked_by, status, student_id, student_name, id) 
    values
        (?, ?, ?, ?, ?, ?, ?, ?, default)
Hibernate: 
    insert 
    into
        attendance_records
        (course_id, course_name, date, marked_at, marked_by, status, student_id, student_name, id) 
    values
        (?, ?, ?, ?, ?, ?, ?, ?, default)
2026-09-04T19:20:00.396+06:00 DEBUG 4068 --- [campusconnect-backend] [  restartedMain] org.hibernate.SQL                        : 
    insert 
    into
        attendance_records
        (course_id, course_name, date, marked_at, marked_by, status, student_id, student_name, id) 
    values
        (?, ?, ?, ?, ?, ?, ?, ?, default)
Hibernate: 
    insert 
    into
        attendance_records
        (course_id, course_name, date, marked_at, marked_by, status, student_id, student_name, id) 
    values
        (?, ?, ?, ?, ?, ?, ?, ?, default)
2026-09-04T19:20:00.398+06:00 DEBUG 4068 --- [campusconnect-backend] [  restartedMain] org.hibernate.SQL                        : 
    insert 
    into
        attendance_records
        (course_id, course_name, date, marked_at, marked_by, status, student_id, student_name, id) 
    values
        (?, ?, ?, ?, ?, ?, ?, ?, default)
Hibernate: 
    insert 
    into
        attendance_records
        (course_id, course_name, date, marked_at, marked_by, status, student_id, student_name, id) 
    values
        (?, ?, ?, ?, ?, ?, ?, ?, default)
2026-09-04T19:20:00.401+06:00 DEBUG 4068 --- [campusconnect-backend] [  restartedMain] org.hibernate.SQL                        : 
    insert 
    into
        attendance_records
        (course_id, course_name, date, marked_at, marked_by, status, student_id, student_name, id) 
    values
        (?, ?, ?, ?, ?, ?, ?, ?, default)
Hibernate: 
    insert 
    into
        attendance_records
        (course_id, course_name, date, marked_at, marked_by, status, student_id, student_name, id) 
    values
        (?, ?, ?, ?, ?, ?, ?, ?, default)
2026-09-04T19:20:00.404+06:00 DEBUG 4068 --- [campusconnect-backend] [  restartedMain] org.hibernate.SQL                        : 
    insert 
    into
        attendance_records
        (course_id, course_name, date, marked_at, marked_by, status, student_id, student_name, id) 
    values
        (?, ?, ?, ?, ?, ?, ?, ?, default)
Hibernate: 
    insert 
    into
        attendance_records
        (course_id, course_name, date, marked_at, marked_by, status, student_id, student_name, id) 
    values
        (?, ?, ?, ?, ?, ?, ?, ?, default)
2026-09-04T19:20:00.410+06:00 DEBUG 4068 --- [campusconnect-backend] [  restartedMain] org.hibernate.SQL                        : 
    insert 
    into
        attendance_records
        (course_id, course_name, date, marked_at, marked_by, status, student_id, student_name, id) 
    values
        (?, ?, ?, ?, ?, ?, ?, ?, default)
Hibernate: 
    insert 
    into
        attendance_records
        (course_id, course_name, date, marked_at, marked_by, status, student_id, student_name, id) 
    values
        (?, ?, ?, ?, ?, ?, ?, ?, default)
2026-09-04T19:20:00.413+06:00 DEBUG 4068 --- [campusconnect-backend] [  restartedMain] org.hibernate.SQL                        : 
    insert 
    into
        attendance_records
        (course_id, course_name, date, marked_at, marked_by, status, student_id, student_name, id) 
    values
        (?, ?, ?, ?, ?, ?, ?, ?, default)
Hibernate: 
    insert 
    into
        attendance_records
        (course_id, course_name, date, marked_at, marked_by, status, student_id, student_name, id) 
    values
        (?, ?, ?, ?, ?, ?, ?, ?, default)
2026-09-04T19:20:00.430+06:00 DEBUG 4068 --- [campusconnect-backend] [  restartedMain] org.hibernate.SQL                        : 
    select
        count(*) 
    from
        app_users au1_0
Hibernate: 
    select
        count(*) 
    from
        app_users au1_0
2026-09-04T19:20:00.912+06:00 DEBUG 4068 --- [campusconnect-backend] [  restartedMain] org.hibernate.SQL                        : 
    insert 
    into
        app_users
        (active, created_at, email, full_name, is_advisor, password_hash, reminder_hours, role, user_id, id) 
    values
        (?, ?, ?, ?, ?, ?, ?, ?, ?, default)
Hibernate: 
    insert 
    into
        app_users
        (active, created_at, email, full_name, is_advisor, password_hash, reminder_hours, role, user_id, id) 
    values
        (?, ?, ?, ?, ?, ?, ?, ?, ?, default)
2026-09-04T19:20:01.446+06:00 DEBUG 4068 --- [campusconnect-backend] [  restartedMain] org.hibernate.SQL                        : 
    insert 
    into
        app_users
        (active, created_at, email, full_name, is_advisor, password_hash, reminder_hours, role, user_id, id) 
    values
        (?, ?, ?, ?, ?, ?, ?, ?, ?, default)
Hibernate: 
    insert 
    into
        app_users
        (active, created_at, email, full_name, is_advisor, password_hash, reminder_hours, role, user_id, id) 
    values
        (?, ?, ?, ?, ?, ?, ?, ?, ?, default)
2026-09-04T19:20:01.982+06:00 DEBUG 4068 --- [campusconnect-backend] [  restartedMain] org.hibernate.SQL                        : 
    insert 
    into
        app_users
        (active, created_at, email, full_name, is_advisor, password_hash, reminder_hours, role, user_id, id) 
    values
        (?, ?, ?, ?, ?, ?, ?, ?, ?, default)
Hibernate: 
    insert 
    into
        app_users
        (active, created_at, email, full_name, is_advisor, password_hash, reminder_hours, role, user_id, id) 
    values
        (?, ?, ?, ?, ?, ?, ?, ?, ?, default)
2026-09-04T19:20:02.117+06:00 DEBUG 4068 --- [campusconnect-backend] [  restartedMain] org.hibernate.SQL                        : 
    select
        count(*) 
    from
        club_notices cn1_0
Hibernate: 
    select
        count(*) 
    from
        club_notices cn1_0
2026-09-04T19:20:02.132+06:00 DEBUG 4068 --- [campusconnect-backend] [  restartedMain] org.hibernate.SQL                        : 
    insert 
    into
        club_notices
        (body, club_name, pinned, posted_at, posted_by, title, id) 
    values
        (?, ?, ?, ?, ?, ?, default)
Hibernate: 
    insert 
    into
        club_notices
        (body, club_name, pinned, posted_at, posted_by, title, id) 
    values
        (?, ?, ?, ?, ?, ?, default)
2026-09-04T19:20:02.136+06:00 DEBUG 4068 --- [campusconnect-backend] [  restartedMain] org.hibernate.SQL                        : 
    insert 
    into
        club_notices
        (body, club_name, pinned, posted_at, posted_by, title, id) 
    values
        (?, ?, ?, ?, ?, ?, default)
Hibernate: 
    insert 
    into
        club_notices
        (body, club_name, pinned, posted_at, posted_by, title, id) 
    values
        (?, ?, ?, ?, ?, ?, default)
2026-09-04T19:20:02.140+06:00 DEBUG 4068 --- [campusconnect-backend] [  restartedMain] org.hibernate.SQL                        : 
    insert 
    into
        club_notices
        (body, club_name, pinned, posted_at, posted_by, title, id) 
    values
        (?, ?, ?, ?, ?, ?, default)
Hibernate: 
    insert 
    into
        club_notices
        (body, club_name, pinned, posted_at, posted_by, title, id) 
    values
        (?, ?, ?, ?, ?, ?, default)
2026-09-04T19:20:02.142+06:00 DEBUG 4068 --- [campusconnect-backend] [  restartedMain] org.hibernate.SQL                        : 
    insert 
    into
        club_notices
        (body, club_name, pinned, posted_at, posted_by, title, id) 
    values
        (?, ?, ?, ?, ?, ?, default)
Hibernate: 
    insert 
    into
        club_notices
        (body, club_name, pinned, posted_at, posted_by, title, id) 
    values
        (?, ?, ?, ?, ?, ?, default)
2026-09-04T19:20:02.145+06:00 DEBUG 4068 --- [campusconnect-backend] [  restartedMain] org.hibernate.SQL                        : 
    insert 
    into
        club_notices
        (body, club_name, pinned, posted_at, posted_by, title, id) 
    values
        (?, ?, ?, ?, ?, ?, default)
Hibernate: 
    insert 
    into
        club_notices
        (body, club_name, pinned, posted_at, posted_by, title, id) 
    values
        (?, ?, ?, ?, ?, ?, default)
2026-09-04T19:20:02.148+06:00 DEBUG 4068 --- [campusconnect-backend] [  restartedMain] org.hibernate.SQL                        : 
    select
        count(*) 
    from
        recruitments r1_0
Hibernate: 
    select
        count(*) 
    from
        recruitments r1_0
2026-09-04T19:20:02.152+06:00 DEBUG 4068 --- [campusconnect-backend] [  restartedMain] org.hibernate.SQL                        : 
    insert 
    into
        recruitments
        (active, club_name, deadline, description, posted_at, role, slots, id) 
    values
        (?, ?, ?, ?, ?, ?, ?, default)
Hibernate: 
    insert 
    into
        recruitments
        (active, club_name, deadline, description, posted_at, role, slots, id) 
    values
        (?, ?, ?, ?, ?, ?, ?, default)
2026-09-04T19:20:02.156+06:00 DEBUG 4068 --- [campusconnect-backend] [  restartedMain] org.hibernate.SQL                        : 
    insert 
    into
        recruitments
        (active, club_name, deadline, description, posted_at, role, slots, id) 
    values
        (?, ?, ?, ?, ?, ?, ?, default)
Hibernate: 
    insert 
    into
        recruitments
        (active, club_name, deadline, description, posted_at, role, slots, id) 
    values
        (?, ?, ?, ?, ?, ?, ?, default)
2026-09-04T19:20:02.159+06:00 DEBUG 4068 --- [campusconnect-backend] [  restartedMain] org.hibernate.SQL                        : 
    insert 
    into
        recruitments
        (active, club_name, deadline, description, posted_at, role, slots, id) 
    values
        (?, ?, ?, ?, ?, ?, ?, default)
Hibernate: 
    insert 
    into
        recruitments
        (active, club_name, deadline, description, posted_at, role, slots, id) 
    values
        (?, ?, ?, ?, ?, ?, ?, default)
2026-09-04T19:20:02.163+06:00 DEBUG 4068 --- [campusconnect-backend] [  restartedMain] org.hibernate.SQL                        : 
    insert 
    into
        recruitments
        (active, club_name, deadline, description, posted_at, role, slots, id) 
    values
        (?, ?, ?, ?, ?, ?, ?, default)
Hibernate: 
    insert 
    into
        recruitments
        (active, club_name, deadline, description, posted_at, role, slots, id) 
    values
        (?, ?, ?, ?, ?, ?, ?, default)
2026-09-04T19:20:02.165+06:00 DEBUG 4068 --- [campusconnect-backend] [  restartedMain] org.hibernate.SQL                        : 
    insert 
    into
        recruitments
        (active, club_name, deadline, description, posted_at, role, slots, id) 
    values
        (?, ?, ?, ?, ?, ?, ?, default)
Hibernate: 
    insert 
    into
        recruitments
        (active, club_name, deadline, description, posted_at, role, slots, id) 
    values
        (?, ?, ?, ?, ?, ?, ?, default)
2026-09-04T19:20:02.198+06:00 DEBUG 4068 --- [campusconnect-backend] [  restartedMain] org.hibernate.SQL                        : 
    select
        count(*) 
    from
        exam_schedules es1_0
Hibernate: 
    select
        count(*) 
    from
        exam_schedules es1_0
2026-09-04T19:20:02.200+06:00 DEBUG 4068 --- [campusconnect-backend] [  restartedMain] org.hibernate.SQL                        : 
    select
        count(*) 
    from
        exam_schedules es1_0
Hibernate: 
    select
        count(*) 
    from
        exam_schedules es1_0
2026-09-04T19:20:02.212+06:00 DEBUG 4068 --- [campusconnect-backend] [  restartedMain] org.hibernate.SQL                        : 
    insert 
    into
        exam_schedules
        (course_code, course_name, final_date, midterm_date, id) 
    values
        (?, ?, ?, ?, default)
Hibernate: 
    insert 
    into
        exam_schedules
        (course_code, course_name, final_date, midterm_date, id) 
    values
        (?, ?, ?, ?, default)
2026-09-04T19:20:02.215+06:00 DEBUG 4068 --- [campusconnect-backend] [  restartedMain] org.hibernate.SQL                        : 
    insert 
    into
        exam_schedules
        (course_code, course_name, final_date, midterm_date, id) 
    values
        (?, ?, ?, ?, default)
Hibernate: 
    insert 
    into
        exam_schedules
        (course_code, course_name, final_date, midterm_date, id) 
    values
        (?, ?, ?, ?, default)
2026-09-04T19:20:02.216+06:00 DEBUG 4068 --- [campusconnect-backend] [  restartedMain] org.hibernate.SQL                        : 
    insert 
    into
        exam_schedules
        (course_code, course_name, final_date, midterm_date, id) 
    values
        (?, ?, ?, ?, default)
Hibernate: 
    insert 
    into
        exam_schedules
        (course_code, course_name, final_date, midterm_date, id) 
    values
        (?, ?, ?, ?, default)
2026-09-04T19:20:02.217+06:00 DEBUG 4068 --- [campusconnect-backend] [  restartedMain] org.hibernate.SQL                        : 
    insert 
    into
        exam_schedules
        (course_code, course_name, final_date, midterm_date, id) 
    values
        (?, ?, ?, ?, default)
Hibernate: 
    insert 
    into
        exam_schedules
        (course_code, course_name, final_date, midterm_date, id) 
    values
        (?, ?, ?, ?, default)
2026-09-04T19:20:02.218+06:00 DEBUG 4068 --- [campusconnect-backend] [  restartedMain] org.hibernate.SQL                        : 
    insert 
    into
        exam_schedules
        (course_code, course_name, final_date, midterm_date, id) 
    values
        (?, ?, ?, ?, default)
Hibernate: 
    insert 
    into
        exam_schedules
        (course_code, course_name, final_date, midterm_date, id) 
    values
        (?, ?, ?, ?, default)
2026-09-04T19:20:02.219+06:00 DEBUG 4068 --- [campusconnect-backend] [  restartedMain] org.hibernate.SQL                        : 
    insert 
    into
        exam_schedules
        (course_code, course_name, final_date, midterm_date, id) 
    values
        (?, ?, ?, ?, default)
Hibernate: 
    insert 
    into
        exam_schedules
        (course_code, course_name, final_date, midterm_date, id) 
    values
        (?, ?, ?, ?, default)
2026-09-04T19:20:02.220+06:00 DEBUG 4068 --- [campusconnect-backend] [  restartedMain] org.hibernate.SQL                        : 
    insert 
    into
        exam_schedules
        (course_code, course_name, final_date, midterm_date, id) 
    values
        (?, ?, ?, ?, default)
Hibernate: 
    insert 
    into
        exam_schedules
        (course_code, course_name, final_date, midterm_date, id) 
    values
        (?, ?, ?, ?, default)
2026-09-04T19:20:02.223+06:00 DEBUG 4068 --- [campusconnect-backend] [  restartedMain] org.hibernate.SQL                        : 
    insert 
    into
        exam_schedules
        (course_code, course_name, final_date, midterm_date, id) 
    values
        (?, ?, ?, ?, default)
Hibernate: 
    insert 
    into
        exam_schedules
        (course_code, course_name, final_date, midterm_date, id) 
    values
        (?, ?, ?, ?, default)
2026-09-04T19:20:02.225+06:00 DEBUG 4068 --- [campusconnect-backend] [  restartedMain] org.hibernate.SQL                        : 
    insert 
    into
        exam_schedules
        (course_code, course_name, final_date, midterm_date, id) 
    values
        (?, ?, ?, ?, default)
Hibernate: 
    insert 
    into
        exam_schedules
        (course_code, course_name, final_date, midterm_date, id) 
    values
        (?, ?, ?, ?, default)
2026-09-04T19:20:02.227+06:00 DEBUG 4068 --- [campusconnect-backend] [  restartedMain] org.hibernate.SQL                        : 
    insert 
    into
        exam_schedules
        (course_code, course_name, final_date, midterm_date, id) 
    values
        (?, ?, ?, ?, default)
Hibernate: 
    insert 
    into
        exam_schedules
        (course_code, course_name, final_date, midterm_date, id) 
    values
        (?, ?, ?, ?, default)
2026-09-04T19:20:02.229+06:00 DEBUG 4068 --- [campusconnect-backend] [  restartedMain] org.hibernate.SQL                        : 
    insert 
    into
        exam_schedules
        (course_code, course_name, final_date, midterm_date, id) 
    values
        (?, ?, ?, ?, default)
Hibernate: 
    insert 
    into
        exam_schedules
        (course_code, course_name, final_date, midterm_date, id) 
    values
        (?, ?, ?, ?, default)
2026-09-04T19:20:02.230+06:00 DEBUG 4068 --- [campusconnect-backend] [  restartedMain] org.hibernate.SQL                        : 
    insert 
    into
        exam_schedules
        (course_code, course_name, final_date, midterm_date, id) 
    values
        (?, ?, ?, ?, default)
Hibernate: 
    insert 
    into
        exam_schedules
        (course_code, course_name, final_date, midterm_date, id) 
    values
        (?, ?, ?, ?, default)
2026-09-04T19:20:02.230+06:00 DEBUG 4068 --- [campusconnect-backend] [  restartedMain] org.hibernate.SQL                        : 
    insert 
    into
        exam_schedules
        (course_code, course_name, final_date, midterm_date, id) 
    values
        (?, ?, ?, ?, default)
Hibernate: 
    insert 
    into
        exam_schedules
        (course_code, course_name, final_date, midterm_date, id) 
    values
        (?, ?, ?, ?, default)
2026-09-04T19:20:02.232+06:00 DEBUG 4068 --- [campusconnect-backend] [  restartedMain] org.hibernate.SQL                        : 
    insert 
    into
        exam_schedules
        (course_code, course_name, final_date, midterm_date, id) 
    values
        (?, ?, ?, ?, default)
Hibernate: 
    insert 
    into
        exam_schedules
        (course_code, course_name, final_date, midterm_date, id) 
    values
        (?, ?, ?, ?, default)
2026-09-04T19:20:02.234+06:00 DEBUG 4068 --- [campusconnect-backend] [  restartedMain] org.hibernate.SQL                        : 
    insert 
    into
        exam_schedules
        (course_code, course_name, final_date, midterm_date, id) 
    values
        (?, ?, ?, ?, default)
Hibernate: 
    insert 
    into
        exam_schedules
        (course_code, course_name, final_date, midterm_date, id) 
    values
        (?, ?, ?, ?, default)
2026-09-04T19:20:02.235+06:00 DEBUG 4068 --- [campusconnect-backend] [  restartedMain] org.hibernate.SQL                        : 
    insert 
    into
        exam_schedules
        (course_code, course_name, final_date, midterm_date, id) 
    values
        (?, ?, ?, ?, default)
Hibernate: 
    insert 
    into
        exam_schedules
        (course_code, course_name, final_date, midterm_date, id) 
    values
        (?, ?, ?, ?, default)
2026-09-04T19:20:02.237+06:00 DEBUG 4068 --- [campusconnect-backend] [  restartedMain] org.hibernate.SQL                        : 
    insert 
    into
        exam_schedules
        (course_code, course_name, final_date, midterm_date, id) 
    values
        (?, ?, ?, ?, default)
Hibernate: 
    insert 
    into
        exam_schedules
        (course_code, course_name, final_date, midterm_date, id) 
    values
        (?, ?, ?, ?, default)
2026-09-04T19:20:02.239+06:00 DEBUG 4068 --- [campusconnect-backend] [  restartedMain] org.hibernate.SQL                        : 
    insert 
    into
        exam_schedules
        (course_code, course_name, final_date, midterm_date, id) 
    values
        (?, ?, ?, ?, default)
Hibernate: 
    insert 
    into
        exam_schedules
        (course_code, course_name, final_date, midterm_date, id) 
    values
        (?, ?, ?, ?, default)
2026-09-04T19:20:02.240+06:00 DEBUG 4068 --- [campusconnect-backend] [  restartedMain] org.hibernate.SQL                        : 
    insert 
    into
        exam_schedules
        (course_code, course_name, final_date, midterm_date, id) 
    values
        (?, ?, ?, ?, default)
Hibernate: 
    insert 
    into
        exam_schedules
        (course_code, course_name, final_date, midterm_date, id) 
    values
        (?, ?, ?, ?, default)
2026-09-04T19:20:02.244+06:00 DEBUG 4068 --- [campusconnect-backend] [  restartedMain] org.hibernate.SQL                        : 
    insert 
    into
        exam_schedules
        (course_code, course_name, final_date, midterm_date, id) 
    values
        (?, ?, ?, ?, default)
Hibernate: 
    insert 
    into
        exam_schedules
        (course_code, course_name, final_date, midterm_date, id) 
    values
        (?, ?, ?, ?, default)
2026-09-04T19:20:02.247+06:00 DEBUG 4068 --- [campusconnect-backend] [  restartedMain] org.hibernate.SQL                        : 
    insert 
    into
        exam_schedules
        (course_code, course_name, final_date, midterm_date, id) 
    values
        (?, ?, ?, ?, default)
Hibernate: 
    insert 
    into
        exam_schedules
        (course_code, course_name, final_date, midterm_date, id) 
    values
        (?, ?, ?, ?, default)
2026-09-04T19:20:02.248+06:00 DEBUG 4068 --- [campusconnect-backend] [  restartedMain] org.hibernate.SQL                        : 
    insert 
    into
        exam_schedules
        (course_code, course_name, final_date, midterm_date, id) 
    values
        (?, ?, ?, ?, default)
Hibernate: 
    insert 
    into
        exam_schedules
        (course_code, course_name, final_date, midterm_date, id) 
    values
        (?, ?, ?, ?, default)
2026-09-04T19:20:02.249+06:00 DEBUG 4068 --- [campusconnect-backend] [  restartedMain] org.hibernate.SQL                        : 
    insert 
    into
        exam_schedules
        (course_code, course_name, final_date, midterm_date, id) 
    values
        (?, ?, ?, ?, default)
Hibernate: 
    insert 
    into
        exam_schedules
        (course_code, course_name, final_date, midterm_date, id) 
    values
        (?, ?, ?, ?, default)
2026-09-04T19:20:02.250+06:00 DEBUG 4068 --- [campusconnect-backend] [  restartedMain] org.hibernate.SQL                        : 
    insert 
    into
        exam_schedules
        (course_code, course_name, final_date, midterm_date, id) 
    values
        (?, ?, ?, ?, default)
Hibernate: 
    insert 
    into
        exam_schedules
        (course_code, course_name, final_date, midterm_date, id) 
    values
        (?, ?, ?, ?, default)
2026-09-04T19:20:02.253+06:00 DEBUG 4068 --- [campusconnect-backend] [  restartedMain] org.hibernate.SQL                        : 
    insert 
    into
        exam_schedules
        (course_code, course_name, final_date, midterm_date, id) 
    values
        (?, ?, ?, ?, default)
Hibernate: 
    insert 
    into
        exam_schedules
        (course_code, course_name, final_date, midterm_date, id) 
    values
        (?, ?, ?, ?, default)
2026-09-04T19:20:02.254+06:00 DEBUG 4068 --- [campusconnect-backend] [  restartedMain] org.hibernate.SQL                        : 
    insert 
    into
        exam_schedules
        (course_code, course_name, final_date, midterm_date, id) 
    values
        (?, ?, ?, ?, default)
Hibernate: 
    insert 
    into
        exam_schedules
        (course_code, course_name, final_date, midterm_date, id) 
    values
        (?, ?, ?, ?, default)
2026-09-04T19:20:02.257+06:00 DEBUG 4068 --- [campusconnect-backend] [  restartedMain] org.hibernate.SQL                        : 
    insert 
    into
        exam_schedules
        (course_code, course_name, final_date, midterm_date, id) 
    values
        (?, ?, ?, ?, default)
Hibernate: 
    insert 
    into
        exam_schedules
        (course_code, course_name, final_date, midterm_date, id) 
    values
        (?, ?, ?, ?, default)
2026-09-04T19:20:02.259+06:00 DEBUG 4068 --- [campusconnect-backend] [  restartedMain] org.hibernate.SQL                        : 
    insert 
    into
        exam_schedules
        (course_code, course_name, final_date, midterm_date, id) 
    values
        (?, ?, ?, ?, default)
Hibernate: 
    insert 
    into
        exam_schedules
        (course_code, course_name, final_date, midterm_date, id) 
    values
        (?, ?, ?, ?, default)
2026-09-04T19:20:02.263+06:00 DEBUG 4068 --- [campusconnect-backend] [  restartedMain] org.hibernate.SQL                        : 
    insert 
    into
        exam_schedules
        (course_code, course_name, final_date, midterm_date, id) 
    values
        (?, ?, ?, ?, default)
Hibernate: 
    insert 
    into
        exam_schedules
        (course_code, course_name, final_date, midterm_date, id) 
    values
        (?, ?, ?, ?, default)
2026-09-04T19:20:02.264+06:00 DEBUG 4068 --- [campusconnect-backend] [  restartedMain] org.hibernate.SQL                        : 
    insert 
    into
        exam_schedules
        (course_code, course_name, final_date, midterm_date, id) 
    values
        (?, ?, ?, ?, default)
Hibernate: 
    insert 
    into
        exam_schedules
        (course_code, course_name, final_date, midterm_date, id) 
    values
        (?, ?, ?, ?, default)
2026-09-04T19:20:02.266+06:00 DEBUG 4068 --- [campusconnect-backend] [  restartedMain] org.hibernate.SQL                        : 
    insert 
    into
        exam_schedules
        (course_code, course_name, final_date, midterm_date, id) 
    values
        (?, ?, ?, ?, default)
Hibernate: 
    insert 
    into
        exam_schedules
        (course_code, course_name, final_date, midterm_date, id) 
    values
        (?, ?, ?, ?, default)
2026-09-04T19:20:02.267+06:00 DEBUG 4068 --- [campusconnect-backend] [  restartedMain] org.hibernate.SQL                        : 
    insert 
    into
        exam_schedules
        (course_code, course_name, final_date, midterm_date, id) 
    values
        (?, ?, ?, ?, default)
Hibernate: 
    insert 
    into
        exam_schedules
        (course_code, course_name, final_date, midterm_date, id) 
    values
        (?, ?, ?, ?, default)
2026-09-04T19:20:02.269+06:00 DEBUG 4068 --- [campusconnect-backend] [  restartedMain] org.hibernate.SQL                        : 
    insert 
    into
        exam_schedules
        (course_code, course_name, final_date, midterm_date, id) 
    values
        (?, ?, ?, ?, default)
Hibernate: 
    insert 
    into
        exam_schedules
        (course_code, course_name, final_date, midterm_date, id) 
    values
        (?, ?, ?, ?, default)
2026-09-04T19:20:02.271+06:00 DEBUG 4068 --- [campusconnect-backend] [  restartedMain] org.hibernate.SQL                        : 
    insert 
    into
        exam_schedules
        (course_code, course_name, final_date, midterm_date, id) 
    values
        (?, ?, ?, ?, default)
Hibernate: 
    insert 
    into
        exam_schedules
        (course_code, course_name, final_date, midterm_date, id) 
    values
        (?, ?, ?, ?, default)
2026-09-04T19:20:02.275+06:00 DEBUG 4068 --- [campusconnect-backend] [  restartedMain] org.hibernate.SQL                        : 
    insert 
    into
        exam_schedules
        (course_code, course_name, final_date, midterm_date, id) 
    values
        (?, ?, ?, ?, default)
Hibernate: 
    insert 
    into
        exam_schedules
        (course_code, course_name, final_date, midterm_date, id) 
    values
        (?, ?, ?, ?, default)
2026-09-04T19:20:02.278+06:00 DEBUG 4068 --- [campusconnect-backend] [  restartedMain] org.hibernate.SQL                        : 
    insert 
    into
        exam_schedules
        (course_code, course_name, final_date, midterm_date, id) 
    values
        (?, ?, ?, ?, default)
Hibernate: 
    insert 
    into
        exam_schedules
        (course_code, course_name, final_date, midterm_date, id) 
    values
        (?, ?, ?, ?, default)
2026-09-04T19:20:02.280+06:00 DEBUG 4068 --- [campusconnect-backend] [  restartedMain] org.hibernate.SQL                        : 
    insert 
    into
        exam_schedules
        (course_code, course_name, final_date, midterm_date, id) 
    values
        (?, ?, ?, ?, default)
Hibernate: 
    insert 
    into
        exam_schedules
        (course_code, course_name, final_date, midterm_date, id) 
    values
        (?, ?, ?, ?, default)
2026-09-04T19:20:02.282+06:00 DEBUG 4068 --- [campusconnect-backend] [  restartedMain] org.hibernate.SQL                        : 
    insert 
    into
        exam_schedules
        (course_code, course_name, final_date, midterm_date, id) 
    values
        (?, ?, ?, ?, default)
Hibernate: 
    insert 
    into
        exam_schedules
        (course_code, course_name, final_date, midterm_date, id) 
    values
        (?, ?, ?, ?, default)
2026-09-04T19:20:02.283+06:00 DEBUG 4068 --- [campusconnect-backend] [  restartedMain] org.hibernate.SQL                        : 
    insert 
    into
        exam_schedules
        (course_code, course_name, final_date, midterm_date, id) 
    values
        (?, ?, ?, ?, default)
Hibernate: 
    insert 
    into
        exam_schedules
        (course_code, course_name, final_date, midterm_date, id) 
    values
        (?, ?, ?, ?, default)
2026-09-04T19:20:02.284+06:00 DEBUG 4068 --- [campusconnect-backend] [  restartedMain] org.hibernate.SQL                        : 
    insert 
    into
        exam_schedules
        (course_code, course_name, final_date, midterm_date, id) 
    values
        (?, ?, ?, ?, default)
Hibernate: 
    insert 
    into
        exam_schedules
        (course_code, course_name, final_date, midterm_date, id) 
    values
        (?, ?, ?, ?, default)
2026-09-04T19:20:02.286+06:00 DEBUG 4068 --- [campusconnect-backend] [  restartedMain] org.hibernate.SQL                        : 
    insert 
    into
        exam_schedules
        (course_code, course_name, final_date, midterm_date, id) 
    values
        (?, ?, ?, ?, default)
Hibernate: 
    insert 
    into
        exam_schedules
        (course_code, course_name, final_date, midterm_date, id) 
    values
        (?, ?, ?, ?, default)
2026-09-04T19:20:02.287+06:00 DEBUG 4068 --- [campusconnect-backend] [  restartedMain] org.hibernate.SQL                        : 
    insert 
    into
        exam_schedules
        (course_code, course_name, final_date, midterm_date, id) 
    values
        (?, ?, ?, ?, default)
Hibernate: 
    insert 
    into
        exam_schedules
        (course_code, course_name, final_date, midterm_date, id) 
    values
        (?, ?, ?, ?, default)
2026-09-04T19:20:02.290+06:00 DEBUG 4068 --- [campusconnect-backend] [  restartedMain] org.hibernate.SQL                        : 
    insert 
    into
        exam_schedules
        (course_code, course_name, final_date, midterm_date, id) 
    values
        (?, ?, ?, ?, default)
Hibernate: 
    insert 
    into
        exam_schedules
        (course_code, course_name, final_date, midterm_date, id) 
    values
        (?, ?, ?, ?, default)
2026-09-04T19:20:02.315+06:00 DEBUG 4068 --- [campusconnect-backend] [  restartedMain] org.hibernate.SQL                        : 
    select
        count(*) 
    from
        faculty_directory_entries fde1_0
Hibernate: 
    select
        count(*) 
    from
        faculty_directory_entries fde1_0
2026-09-04T19:20:02.322+06:00 DEBUG 4068 --- [campusconnect-backend] [  restartedMain] org.hibernate.SQL                        : 
    insert 
    into
        faculty_directory_entries
        (category, email, name, position, profile_url, thesis_level, thesis_status, id) 
    values
        (?, ?, ?, ?, ?, ?, ?, default)
Hibernate: 
    insert 
    into
        faculty_directory_entries
        (category, email, name, position, profile_url, thesis_level, thesis_status, id) 
    values
        (?, ?, ?, ?, ?, ?, ?, default)
2026-09-04T19:20:02.326+06:00 DEBUG 4068 --- [campusconnect-backend] [  restartedMain] org.hibernate.SQL                        : 
    insert 
    into
        faculty_directory_entries
        (category, email, name, position, profile_url, thesis_level, thesis_status, id) 
    values
        (?, ?, ?, ?, ?, ?, ?, default)
Hibernate: 
    insert 
    into
        faculty_directory_entries
        (category, email, name, position, profile_url, thesis_level, thesis_status, id) 
    values
        (?, ?, ?, ?, ?, ?, ?, default)
2026-09-04T19:20:02.327+06:00 DEBUG 4068 --- [campusconnect-backend] [  restartedMain] org.hibernate.SQL                        : 
    insert 
    into
        faculty_directory_entries
        (category, email, name, position, profile_url, thesis_level, thesis_status, id) 
    values
        (?, ?, ?, ?, ?, ?, ?, default)
Hibernate: 
    insert 
    into
        faculty_directory_entries
        (category, email, name, position, profile_url, thesis_level, thesis_status, id) 
    values
        (?, ?, ?, ?, ?, ?, ?, default)
2026-09-04T19:20:02.329+06:00 DEBUG 4068 --- [campusconnect-backend] [  restartedMain] org.hibernate.SQL                        : 
    insert 
    into
        faculty_directory_entries
        (category, email, name, position, profile_url, thesis_level, thesis_status, id) 
    values
        (?, ?, ?, ?, ?, ?, ?, default)
Hibernate: 
    insert 
    into
        faculty_directory_entries
        (category, email, name, position, profile_url, thesis_level, thesis_status, id) 
    values
        (?, ?, ?, ?, ?, ?, ?, default)
2026-09-04T19:20:02.330+06:00 DEBUG 4068 --- [campusconnect-backend] [  restartedMain] org.hibernate.SQL                        : 
    insert 
    into
        faculty_directory_entries
        (category, email, name, position, profile_url, thesis_level, thesis_status, id) 
    values
        (?, ?, ?, ?, ?, ?, ?, default)
Hibernate: 
    insert 
    into
        faculty_directory_entries
        (category, email, name, position, profile_url, thesis_level, thesis_status, id) 
    values
        (?, ?, ?, ?, ?, ?, ?, default)
2026-09-04T19:20:02.331+06:00 DEBUG 4068 --- [campusconnect-backend] [  restartedMain] org.hibernate.SQL                        : 
    insert 
    into
        faculty_directory_entries
        (category, email, name, position, profile_url, thesis_level, thesis_status, id) 
    values
        (?, ?, ?, ?, ?, ?, ?, default)
Hibernate: 
    insert 
    into
        faculty_directory_entries
        (category, email, name, position, profile_url, thesis_level, thesis_status, id) 
    values
        (?, ?, ?, ?, ?, ?, ?, default)
2026-09-04T19:20:02.333+06:00 DEBUG 4068 --- [campusconnect-backend] [  restartedMain] org.hibernate.SQL                        : 
    insert 
    into
        faculty_directory_entries
        (category, email, name, position, profile_url, thesis_level, thesis_status, id) 
    values
        (?, ?, ?, ?, ?, ?, ?, default)
Hibernate: 
    insert 
    into
        faculty_directory_entries
        (category, email, name, position, profile_url, thesis_level, thesis_status, id) 
    values
        (?, ?, ?, ?, ?, ?, ?, default)
2026-09-04T19:20:02.334+06:00 DEBUG 4068 --- [campusconnect-backend] [  restartedMain] org.hibernate.SQL                        : 
    insert 
    into
        faculty_directory_entries
        (category, email, name, position, profile_url, thesis_level, thesis_status, id) 
    values
        (?, ?, ?, ?, ?, ?, ?, default)
Hibernate: 
    insert 
    into
        faculty_directory_entries
        (category, email, name, position, profile_url, thesis_level, thesis_status, id) 
    values
        (?, ?, ?, ?, ?, ?, ?, default)
2026-09-04T19:20:02.335+06:00 DEBUG 4068 --- [campusconnect-backend] [  restartedMain] org.hibernate.SQL                        : 
    insert 
    into
        faculty_directory_entries
        (category, email, name, position, profile_url, thesis_level, thesis_status, id) 
    values
        (?, ?, ?, ?, ?, ?, ?, default)
Hibernate: 
    insert 
    into
        faculty_directory_entries
        (category, email, name, position, profile_url, thesis_level, thesis_status, id) 
    values
        (?, ?, ?, ?, ?, ?, ?, default)
2026-09-04T19:20:02.336+06:00 DEBUG 4068 --- [campusconnect-backend] [  restartedMain] org.hibernate.SQL                        : 
    insert 
    into
        faculty_directory_entries
        (category, email, name, position, profile_url, thesis_level, thesis_status, id) 
    values
        (?, ?, ?, ?, ?, ?, ?, default)
Hibernate: 
    insert 
    into
        faculty_directory_entries
        (category, email, name, position, profile_url, thesis_level, thesis_status, id) 
    values
        (?, ?, ?, ?, ?, ?, ?, default)
2026-09-04T19:20:02.337+06:00 DEBUG 4068 --- [campusconnect-backend] [  restartedMain] org.hibernate.SQL                        : 
    insert 
    into
        faculty_directory_entries
        (category, email, name, position, profile_url, thesis_level, thesis_status, id) 
    values
        (?, ?, ?, ?, ?, ?, ?, default)
Hibernate: 
    insert 
    into
        faculty_directory_entries
        (category, email, name, position, profile_url, thesis_level, thesis_status, id) 
    values
        (?, ?, ?, ?, ?, ?, ?, default)
2026-09-04T19:20:02.338+06:00 DEBUG 4068 --- [campusconnect-backend] [  restartedMain] org.hibernate.SQL                        : 
    insert 
    into
        faculty_directory_entries
        (category, email, name, position, profile_url, thesis_level, thesis_status, id) 
    values
        (?, ?, ?, ?, ?, ?, ?, default)
Hibernate: 
    insert 
    into
        faculty_directory_entries
        (category, email, name, position, profile_url, thesis_level, thesis_status, id) 
    values
        (?, ?, ?, ?, ?, ?, ?, default)
2026-09-04T19:20:02.340+06:00 DEBUG 4068 --- [campusconnect-backend] [  restartedMain] org.hibernate.SQL                        : 
    insert 
    into
        faculty_directory_entries
        (category, email, name, position, profile_url, thesis_level, thesis_status, id) 
    values
        (?, ?, ?, ?, ?, ?, ?, default)
Hibernate: 
    insert 
    into
        faculty_directory_entries
        (category, email, name, position, profile_url, thesis_level, thesis_status, id) 
    values
        (?, ?, ?, ?, ?, ?, ?, default)
2026-09-04T19:20:02.342+06:00 DEBUG 4068 --- [campusconnect-backend] [  restartedMain] org.hibernate.SQL                        : 
    insert 
    into
        faculty_directory_entries
        (category, email, name, position, profile_url, thesis_level, thesis_status, id) 
    values
        (?, ?, ?, ?, ?, ?, ?, default)
Hibernate: 
    insert 
    into
        faculty_directory_entries
        (category, email, name, position, profile_url, thesis_level, thesis_status, id) 
    values
        (?, ?, ?, ?, ?, ?, ?, default)
2026-09-04T19:20:02.344+06:00 DEBUG 4068 --- [campusconnect-backend] [  restartedMain] org.hibernate.SQL                        : 
    insert 
    into
        faculty_directory_entries
        (category, email, name, position, profile_url, thesis_level, thesis_status, id) 
    values
        (?, ?, ?, ?, ?, ?, ?, default)
Hibernate: 
    insert 
    into
        faculty_directory_entries
        (category, email, name, position, profile_url, thesis_level, thesis_status, id) 
    values
        (?, ?, ?, ?, ?, ?, ?, default)
2026-09-04T19:20:02.345+06:00 DEBUG 4068 --- [campusconnect-backend] [  restartedMain] org.hibernate.SQL                        : 
    insert 
    into
        faculty_directory_entries
        (category, email, name, position, profile_url, thesis_level, thesis_status, id) 
    values
        (?, ?, ?, ?, ?, ?, ?, default)
Hibernate: 
    insert 
    into
        faculty_directory_entries
        (category, email, name, position, profile_url, thesis_level, thesis_status, id) 
    values
        (?, ?, ?, ?, ?, ?, ?, default)
2026-09-04T19:20:02.347+06:00 DEBUG 4068 --- [campusconnect-backend] [  restartedMain] org.hibernate.SQL                        : 
    insert 
    into
        faculty_directory_entries
        (category, email, name, position, profile_url, thesis_level, thesis_status, id) 
    values
        (?, ?, ?, ?, ?, ?, ?, default)
Hibernate: 
    insert 
    into
        faculty_directory_entries
        (category, email, name, position, profile_url, thesis_level, thesis_status, id) 
    values
        (?, ?, ?, ?, ?, ?, ?, default)
2026-09-04T19:20:02.348+06:00 DEBUG 4068 --- [campusconnect-backend] [  restartedMain] org.hibernate.SQL                        : 
    insert 
    into
        faculty_directory_entries
        (category, email, name, position, profile_url, thesis_level, thesis_status, id) 
    values
        (?, ?, ?, ?, ?, ?, ?, default)
Hibernate: 
    insert 
    into
        faculty_directory_entries
        (category, email, name, position, profile_url, thesis_level, thesis_status, id) 
    values
        (?, ?, ?, ?, ?, ?, ?, default)
2026-09-04T19:20:02.348+06:00 DEBUG 4068 --- [campusconnect-backend] [  restartedMain] org.hibernate.SQL                        : 
    insert 
    into
        faculty_directory_entries
        (category, email, name, position, profile_url, thesis_level, thesis_status, id) 
    values
        (?, ?, ?, ?, ?, ?, ?, default)
Hibernate: 
    insert 
    into
        faculty_directory_entries
        (category, email, name, position, profile_url, thesis_level, thesis_status, id) 
    values
        (?, ?, ?, ?, ?, ?, ?, default)
2026-09-04T19:20:02.349+06:00 DEBUG 4068 --- [campusconnect-backend] [  restartedMain] org.hibernate.SQL                        : 
    insert 
    into
        faculty_directory_entries
        (category, email, name, position, profile_url, thesis_level, thesis_status, id) 
    values
        (?, ?, ?, ?, ?, ?, ?, default)
Hibernate: 
    insert 
    into
        faculty_directory_entries
        (category, email, name, position, profile_url, thesis_level, thesis_status, id) 
    values
        (?, ?, ?, ?, ?, ?, ?, default)
2026-09-04T19:20:02.350+06:00 DEBUG 4068 --- [campusconnect-backend] [  restartedMain] org.hibernate.SQL                        : 
    insert 
    into
        faculty_directory_entries
        (category, email, name, position, profile_url, thesis_level, thesis_status, id) 
    values
        (?, ?, ?, ?, ?, ?, ?, default)
Hibernate: 
    insert 
    into
        faculty_directory_entries
        (category, email, name, position, profile_url, thesis_level, thesis_status, id) 
    values
        (?, ?, ?, ?, ?, ?, ?, default)
2026-09-04T19:20:02.352+06:00 DEBUG 4068 --- [campusconnect-backend] [  restartedMain] org.hibernate.SQL                        : 
    insert 
    into
        faculty_directory_entries
        (category, email, name, position, profile_url, thesis_level, thesis_status, id) 
    values
        (?, ?, ?, ?, ?, ?, ?, default)
Hibernate: 
    insert 
    into
        faculty_directory_entries
        (category, email, name, position, profile_url, thesis_level, thesis_status, id) 
    values
        (?, ?, ?, ?, ?, ?, ?, default)
2026-09-04T19:20:02.353+06:00 DEBUG 4068 --- [campusconnect-backend] [  restartedMain] org.hibernate.SQL                        : 
    insert 
    into
        faculty_directory_entries
        (category, email, name, position, profile_url, thesis_level, thesis_status, id) 
    values
        (?, ?, ?, ?, ?, ?, ?, default)
Hibernate: 
    insert 
    into
        faculty_directory_entries
        (category, email, name, position, profile_url, thesis_level, thesis_status, id) 
    values
        (?, ?, ?, ?, ?, ?, ?, default)
2026-09-04T19:20:02.355+06:00 DEBUG 4068 --- [campusconnect-backend] [  restartedMain] org.hibernate.SQL                        : 
    insert 
    into
        faculty_directory_entries
        (category, email, name, position, profile_url, thesis_level, thesis_status, id) 
    values
        (?, ?, ?, ?, ?, ?, ?, default)
Hibernate: 
    insert 
    into
        faculty_directory_entries
        (category, email, name, position, profile_url, thesis_level, thesis_status, id) 
    values
        (?, ?, ?, ?, ?, ?, ?, default)
2026-09-04T19:20:02.357+06:00 DEBUG 4068 --- [campusconnect-backend] [  restartedMain] org.hibernate.SQL                        : 
    insert 
    into
        faculty_directory_entries
        (category, email, name, position, profile_url, thesis_level, thesis_status, id) 
    values
        (?, ?, ?, ?, ?, ?, ?, default)
Hibernate: 
    insert 
    into
        faculty_directory_entries
        (category, email, name, position, profile_url, thesis_level, thesis_status, id) 
    values
        (?, ?, ?, ?, ?, ?, ?, default)
2026-09-04T19:20:02.359+06:00 DEBUG 4068 --- [campusconnect-backend] [  restartedMain] org.hibernate.SQL                        : 
    insert 
    into
        faculty_directory_entries
        (category, email, name, position, profile_url, thesis_level, thesis_status, id) 
    values
        (?, ?, ?, ?, ?, ?, ?, default)
Hibernate: 
    insert 
    into
        faculty_directory_entries
        (category, email, name, position, profile_url, thesis_level, thesis_status, id) 
    values
        (?, ?, ?, ?, ?, ?, ?, default)
2026-09-04T19:20:02.360+06:00 DEBUG 4068 --- [campusconnect-backend] [  restartedMain] org.hibernate.SQL                        : 
    insert 
    into
        faculty_directory_entries
        (category, email, name, position, profile_url, thesis_level, thesis_status, id) 
    values
        (?, ?, ?, ?, ?, ?, ?, default)
Hibernate: 
    insert 
    into
        faculty_directory_entries
        (category, email, name, position, profile_url, thesis_level, thesis_status, id) 
    values
        (?, ?, ?, ?, ?, ?, ?, default)
2026-09-04T19:20:02.362+06:00 DEBUG 4068 --- [campusconnect-backend] [  restartedMain] org.hibernate.SQL                        : 
    insert 
    into
        faculty_directory_entries
        (category, email, name, position, profile_url, thesis_level, thesis_status, id) 
    values
        (?, ?, ?, ?, ?, ?, ?, default)
Hibernate: 
    insert 
    into
        faculty_directory_entries
        (category, email, name, position, profile_url, thesis_level, thesis_status, id) 
    values
        (?, ?, ?, ?, ?, ?, ?, default)
2026-09-04T19:20:02.363+06:00 DEBUG 4068 --- [campusconnect-backend] [  restartedMain] org.hibernate.SQL                        : 
    insert 
    into
        faculty_directory_entries
        (category, email, name, position, profile_url, thesis_level, thesis_status, id) 
    values
        (?, ?, ?, ?, ?, ?, ?, default)
Hibernate: 
    insert 
    into
        faculty_directory_entries
        (category, email, name, position, profile_url, thesis_level, thesis_status, id) 
    values
        (?, ?, ?, ?, ?, ?, ?, default)
2026-09-04T19:20:02.365+06:00 DEBUG 4068 --- [campusconnect-backend] [  restartedMain] org.hibernate.SQL                        : 
    insert 
    into
        faculty_directory_entries
        (category, email, name, position, profile_url, thesis_level, thesis_status, id) 
    values
        (?, ?, ?, ?, ?, ?, ?, default)
Hibernate: 
    insert 
    into
        faculty_directory_entries
        (category, email, name, position, profile_url, thesis_level, thesis_status, id) 
    values
        (?, ?, ?, ?, ?, ?, ?, default)
2026-09-04T19:20:02.366+06:00 DEBUG 4068 --- [campusconnect-backend] [  restartedMain] org.hibernate.SQL                        : 
    insert 
    into
        faculty_directory_entries
        (category, email, name, position, profile_url, thesis_level, thesis_status, id) 
    values
        (?, ?, ?, ?, ?, ?, ?, default)
Hibernate: 
    insert 
    into
        faculty_directory_entries
        (category, email, name, position, profile_url, thesis_level, thesis_status, id) 
    values
        (?, ?, ?, ?, ?, ?, ?, default)
2026-09-04T19:20:02.367+06:00 DEBUG 4068 --- [campusconnect-backend] [  restartedMain] org.hibernate.SQL                        : 
    insert 
    into
        faculty_directory_entries
        (category, email, name, position, profile_url, thesis_level, thesis_status, id) 
    values
        (?, ?, ?, ?, ?, ?, ?, default)
Hibernate: 
    insert 
    into
        faculty_directory_entries
        (category, email, name, position, profile_url, thesis_level, thesis_status, id) 
    values
        (?, ?, ?, ?, ?, ?, ?, default)
2026-09-04T19:20:02.368+06:00 DEBUG 4068 --- [campusconnect-backend] [  restartedMain] org.hibernate.SQL                        : 
    insert 
    into
        faculty_directory_entries
        (category, email, name, position, profile_url, thesis_level, thesis_status, id) 
    values
        (?, ?, ?, ?, ?, ?, ?, default)
Hibernate: 
    insert 
    into
        faculty_directory_entries
        (category, email, name, position, profile_url, thesis_level, thesis_status, id) 
    values
        (?, ?, ?, ?, ?, ?, ?, default)
2026-09-04T19:20:02.377+06:00 DEBUG 4068 --- [campusconnect-backend] [  restartedMain] org.hibernate.SQL                        : 
    insert 
    into
        faculty_directory_entries
        (category, email, name, position, profile_url, thesis_level, thesis_status, id) 
    values
        (?, ?, ?, ?, ?, ?, ?, default)
Hibernate: 
    insert 
    into
        faculty_directory_entries
        (category, email, name, position, profile_url, thesis_level, thesis_status, id) 
    values
        (?, ?, ?, ?, ?, ?, ?, default)
2026-09-04T19:20:02.379+06:00 DEBUG 4068 --- [campusconnect-backend] [  restartedMain] org.hibernate.SQL                        : 
    insert 
    into
        faculty_directory_entries
        (category, email, name, position, profile_url, thesis_level, thesis_status, id) 
    values
        (?, ?, ?, ?, ?, ?, ?, default)
Hibernate: 
    insert 
    into
        faculty_directory_entries
        (category, email, name, position, profile_url, thesis_level, thesis_status, id) 
    values
        (?, ?, ?, ?, ?, ?, ?, default)
2026-09-04T19:20:02.381+06:00 DEBUG 4068 --- [campusconnect-backend] [  restartedMain] org.hibernate.SQL                        : 
    insert 
    into
        faculty_directory_entries
        (category, email, name, position, profile_url, thesis_level, thesis_status, id) 
    values
        (?, ?, ?, ?, ?, ?, ?, default)
Hibernate: 
    insert 
    into
        faculty_directory_entries
        (category, email, name, position, profile_url, thesis_level, thesis_status, id) 
    values
        (?, ?, ?, ?, ?, ?, ?, default)
2026-09-04T19:20:02.382+06:00 DEBUG 4068 --- [campusconnect-backend] [  restartedMain] org.hibernate.SQL                        : 
    insert 
    into
        faculty_directory_entries
        (category, email, name, position, profile_url, thesis_level, thesis_status, id) 
    values
        (?, ?, ?, ?, ?, ?, ?, default)
Hibernate: 
    insert 
    into
        faculty_directory_entries
        (category, email, name, position, profile_url, thesis_level, thesis_status, id) 
    values
        (?, ?, ?, ?, ?, ?, ?, default)
2026-09-04T19:20:02.384+06:00 DEBUG 4068 --- [campusconnect-backend] [  restartedMain] org.hibernate.SQL                        : 
    insert 
    into
        faculty_directory_entries
        (category, email, name, position, profile_url, thesis_level, thesis_status, id) 
    values
        (?, ?, ?, ?, ?, ?, ?, default)
Hibernate: 
    insert 
    into
        faculty_directory_entries
        (category, email, name, position, profile_url, thesis_level, thesis_status, id) 
    values
        (?, ?, ?, ?, ?, ?, ?, default)
2026-09-04T19:20:02.385+06:00 DEBUG 4068 --- [campusconnect-backend] [  restartedMain] org.hibernate.SQL                        : 
    insert 
    into
        faculty_directory_entries
        (category, email, name, position, profile_url, thesis_level, thesis_status, id) 
    values
        (?, ?, ?, ?, ?, ?, ?, default)
Hibernate: 
    insert 
    into
        faculty_directory_entries
        (category, email, name, position, profile_url, thesis_level, thesis_status, id) 
    values
        (?, ?, ?, ?, ?, ?, ?, default)
2026-09-04T19:20:02.387+06:00 DEBUG 4068 --- [campusconnect-backend] [  restartedMain] org.hibernate.SQL                        : 
    insert 
    into
        faculty_directory_entries
        (category, email, name, position, profile_url, thesis_level, thesis_status, id) 
    values
        (?, ?, ?, ?, ?, ?, ?, default)
Hibernate: 
    insert 
    into
        faculty_directory_entries
        (category, email, name, position, profile_url, thesis_level, thesis_status, id) 
    values
        (?, ?, ?, ?, ?, ?, ?, default)
2026-09-04T19:20:02.390+06:00 DEBUG 4068 --- [campusconnect-backend] [  restartedMain] org.hibernate.SQL                        : 
    insert 
    into
        faculty_directory_entries
        (category, email, name, position, profile_url, thesis_level, thesis_status, id) 
    values
        (?, ?, ?, ?, ?, ?, ?, default)
Hibernate: 
    insert 
    into
        faculty_directory_entries
        (category, email, name, position, profile_url, thesis_level, thesis_status, id) 
    values
        (?, ?, ?, ?, ?, ?, ?, default)
2026-09-04T19:20:02.392+06:00 DEBUG 4068 --- [campusconnect-backend] [  restartedMain] org.hibernate.SQL                        : 
    insert 
    into
        faculty_directory_entries
        (category, email, name, position, profile_url, thesis_level, thesis_status, id) 
    values
        (?, ?, ?, ?, ?, ?, ?, default)
Hibernate: 
    insert 
    into
        faculty_directory_entries
        (category, email, name, position, profile_url, thesis_level, thesis_status, id) 
    values
        (?, ?, ?, ?, ?, ?, ?, default)
2026-09-04T19:20:02.394+06:00 DEBUG 4068 --- [campusconnect-backend] [  restartedMain] org.hibernate.SQL                        : 
    insert 
    into
        faculty_directory_entries
        (category, email, name, position, profile_url, thesis_level, thesis_status, id) 
    values
        (?, ?, ?, ?, ?, ?, ?, default)
Hibernate: 
    insert 
    into
        faculty_directory_entries
        (category, email, name, position, profile_url, thesis_level, thesis_status, id) 
    values
        (?, ?, ?, ?, ?, ?, ?, default)
2026-09-04T19:20:02.395+06:00 DEBUG 4068 --- [campusconnect-backend] [  restartedMain] org.hibernate.SQL                        : 
    insert 
    into
        faculty_directory_entries
        (category, email, name, position, profile_url, thesis_level, thesis_status, id) 
    values
        (?, ?, ?, ?, ?, ?, ?, default)
Hibernate: 
    insert 
    into
        faculty_directory_entries
        (category, email, name, position, profile_url, thesis_level, thesis_status, id) 
    values
        (?, ?, ?, ?, ?, ?, ?, default)
2026-09-04T19:20:02.396+06:00 DEBUG 4068 --- [campusconnect-backend] [  restartedMain] org.hibernate.SQL                        : 
    insert 
    into
        faculty_directory_entries
        (category, email, name, position, profile_url, thesis_level, thesis_status, id) 
    values
        (?, ?, ?, ?, ?, ?, ?, default)
Hibernate: 
    insert 
    into
        faculty_directory_entries
        (category, email, name, position, profile_url, thesis_level, thesis_status, id) 
    values
        (?, ?, ?, ?, ?, ?, ?, default)
2026-09-04T19:20:02.397+06:00 DEBUG 4068 --- [campusconnect-backend] [  restartedMain] org.hibernate.SQL                        : 
    insert 
    into
        faculty_directory_entries
        (category, email, name, position, profile_url, thesis_level, thesis_status, id) 
    values
        (?, ?, ?, ?, ?, ?, ?, default)
Hibernate: 
    insert 
    into
        faculty_directory_entries
        (category, email, name, position, profile_url, thesis_level, thesis_status, id) 
    values
        (?, ?, ?, ?, ?, ?, ?, default)
2026-09-04T19:20:02.398+06:00 DEBUG 4068 --- [campusconnect-backend] [  restartedMain] org.hibernate.SQL                        : 
    insert 
    into
        faculty_directory_entries
        (category, email, name, position, profile_url, thesis_level, thesis_status, id) 
    values
        (?, ?, ?, ?, ?, ?, ?, default)
Hibernate: 
    insert 
    into
        faculty_directory_entries
        (category, email, name, position, profile_url, thesis_level, thesis_status, id) 
    values
        (?, ?, ?, ?, ?, ?, ?, default)
2026-09-04T19:20:02.399+06:00 DEBUG 4068 --- [campusconnect-backend] [  restartedMain] org.hibernate.SQL                        : 
    insert 
    into
        faculty_directory_entries
        (category, email, name, position, profile_url, thesis_level, thesis_status, id) 
    values
        (?, ?, ?, ?, ?, ?, ?, default)
Hibernate: 
    insert 
    into
        faculty_directory_entries
        (category, email, name, position, profile_url, thesis_level, thesis_status, id) 
    values
        (?, ?, ?, ?, ?, ?, ?, default)
2026-09-04T19:20:02.399+06:00 DEBUG 4068 --- [campusconnect-backend] [  restartedMain] org.hibernate.SQL                        : 
    insert 
    into
        faculty_directory_entries
        (category, email, name, position, profile_url, thesis_level, thesis_status, id) 
    values
        (?, ?, ?, ?, ?, ?, ?, default)
Hibernate: 
    insert 
    into
        faculty_directory_entries
        (category, email, name, position, profile_url, thesis_level, thesis_status, id) 
    values
        (?, ?, ?, ?, ?, ?, ?, default)
2026-09-04T19:20:02.400+06:00 DEBUG 4068 --- [campusconnect-backend] [  restartedMain] org.hibernate.SQL                        : 
    insert 
    into
        faculty_directory_entries
        (category, email, name, position, profile_url, thesis_level, thesis_status, id) 
    values
        (?, ?, ?, ?, ?, ?, ?, default)
Hibernate: 
    insert 
    into
        faculty_directory_entries
        (category, email, name, position, profile_url, thesis_level, thesis_status, id) 
    values
        (?, ?, ?, ?, ?, ?, ?, default)
2026-09-04T19:20:02.402+06:00 DEBUG 4068 --- [campusconnect-backend] [  restartedMain] org.hibernate.SQL                        : 
    insert 
    into
        faculty_directory_entries
        (category, email, name, position, profile_url, thesis_level, thesis_status, id) 
    values
        (?, ?, ?, ?, ?, ?, ?, default)
Hibernate: 
    insert 
    into
        faculty_directory_entries
        (category, email, name, position, profile_url, thesis_level, thesis_status, id) 
    values
        (?, ?, ?, ?, ?, ?, ?, default)
2026-09-04T19:20:02.403+06:00 DEBUG 4068 --- [campusconnect-backend] [  restartedMain] org.hibernate.SQL                        : 
    insert 
    into
        faculty_directory_entries
        (category, email, name, position, profile_url, thesis_level, thesis_status, id) 
    values
        (?, ?, ?, ?, ?, ?, ?, default)
Hibernate: 
    insert 
    into
        faculty_directory_entries
        (category, email, name, position, profile_url, thesis_level, thesis_status, id) 
    values
        (?, ?, ?, ?, ?, ?, ?, default)
2026-09-04T19:20:02.407+06:00 DEBUG 4068 --- [campusconnect-backend] [  restartedMain] org.hibernate.SQL                        : 
    insert 
    into
        faculty_directory_entries
        (category, email, name, position, profile_url, thesis_level, thesis_status, id) 
    values
        (?, ?, ?, ?, ?, ?, ?, default)
Hibernate: 
    insert 
    into
        faculty_directory_entries
        (category, email, name, position, profile_url, thesis_level, thesis_status, id) 
    values
        (?, ?, ?, ?, ?, ?, ?, default)
2026-09-04T19:20:02.414+06:00 DEBUG 4068 --- [campusconnect-backend] [  restartedMain] org.hibernate.SQL                        : 
    insert 
    into
        faculty_directory_entries
        (category, email, name, position, profile_url, thesis_level, thesis_status, id) 
    values
        (?, ?, ?, ?, ?, ?, ?, default)
Hibernate: 
    insert 
    into
        faculty_directory_entries
        (category, email, name, position, profile_url, thesis_level, thesis_status, id) 
    values
        (?, ?, ?, ?, ?, ?, ?, default)
2026-09-04T19:20:02.416+06:00 DEBUG 4068 --- [campusconnect-backend] [  restartedMain] org.hibernate.SQL                        : 
    insert 
    into
        faculty_directory_entries
        (category, email, name, position, profile_url, thesis_level, thesis_status, id) 
    values
        (?, ?, ?, ?, ?, ?, ?, default)
Hibernate: 
    insert 
    into
        faculty_directory_entries
        (category, email, name, position, profile_url, thesis_level, thesis_status, id) 
    values
        (?, ?, ?, ?, ?, ?, ?, default)
2026-09-04T19:20:02.419+06:00 DEBUG 4068 --- [campusconnect-backend] [  restartedMain] org.hibernate.SQL                        : 
    insert 
    into
        faculty_directory_entries
        (category, email, name, position, profile_url, thesis_level, thesis_status, id) 
    values
        (?, ?, ?, ?, ?, ?, ?, default)
Hibernate: 
    insert 
    into
        faculty_directory_entries
        (category, email, name, position, profile_url, thesis_level, thesis_status, id) 
    values
        (?, ?, ?, ?, ?, ?, ?, default)
2026-09-04T19:20:02.420+06:00 DEBUG 4068 --- [campusconnect-backend] [  restartedMain] org.hibernate.SQL                        : 
    insert 
    into
        faculty_directory_entries
        (category, email, name, position, profile_url, thesis_level, thesis_status, id) 
    values
        (?, ?, ?, ?, ?, ?, ?, default)
Hibernate: 
    insert 
    into
        faculty_directory_entries
        (category, email, name, position, profile_url, thesis_level, thesis_status, id) 
    values
        (?, ?, ?, ?, ?, ?, ?, default)
2026-09-04T19:20:02.422+06:00 DEBUG 4068 --- [campusconnect-backend] [  restartedMain] org.hibernate.SQL                        : 
    insert 
    into
        faculty_directory_entries
        (category, email, name, position, profile_url, thesis_level, thesis_status, id) 
    values
        (?, ?, ?, ?, ?, ?, ?, default)
Hibernate: 
    insert 
    into
        faculty_directory_entries
        (category, email, name, position, profile_url, thesis_level, thesis_status, id) 
    values
        (?, ?, ?, ?, ?, ?, ?, default)
2026-09-04T19:20:02.425+06:00 DEBUG 4068 --- [campusconnect-backend] [  restartedMain] org.hibernate.SQL                        : 
    insert 
    into
        faculty_directory_entries
        (category, email, name, position, profile_url, thesis_level, thesis_status, id) 
    values
        (?, ?, ?, ?, ?, ?, ?, default)
Hibernate: 
    insert 
    into
        faculty_directory_entries
        (category, email, name, position, profile_url, thesis_level, thesis_status, id) 
    values
        (?, ?, ?, ?, ?, ?, ?, default)
2026-09-04T19:20:02.426+06:00 DEBUG 4068 --- [campusconnect-backend] [  restartedMain] org.hibernate.SQL                        : 
    insert 
    into
        faculty_directory_entries
        (category, email, name, position, profile_url, thesis_level, thesis_status, id) 
    values
        (?, ?, ?, ?, ?, ?, ?, default)
Hibernate: 
    insert 
    into
        faculty_directory_entries
        (category, email, name, position, profile_url, thesis_level, thesis_status, id) 
    values
        (?, ?, ?, ?, ?, ?, ?, default)
2026-09-04T19:20:02.428+06:00 DEBUG 4068 --- [campusconnect-backend] [  restartedMain] org.hibernate.SQL                        : 
    insert 
    into
        faculty_directory_entries
        (category, email, name, position, profile_url, thesis_level, thesis_status, id) 
    values
        (?, ?, ?, ?, ?, ?, ?, default)
Hibernate: 
    insert 
    into
        faculty_directory_entries
        (category, email, name, position, profile_url, thesis_level, thesis_status, id) 
    values
        (?, ?, ?, ?, ?, ?, ?, default)
2026-09-04T19:20:02.431+06:00 DEBUG 4068 --- [campusconnect-backend] [  restartedMain] org.hibernate.SQL                        : 
    insert 
    into
        faculty_directory_entries
        (category, email, name, position, profile_url, thesis_level, thesis_status, id) 
    values
        (?, ?, ?, ?, ?, ?, ?, default)
Hibernate: 
    insert 
    into
        faculty_directory_entries
        (category, email, name, position, profile_url, thesis_level, thesis_status, id) 
    values
        (?, ?, ?, ?, ?, ?, ?, default)
2026-09-04T19:20:02.431+06:00 DEBUG 4068 --- [campusconnect-backend] [  restartedMain] org.hibernate.SQL                        : 
    insert 
    into
        faculty_directory_entries
        (category, email, name, position, profile_url, thesis_level, thesis_status, id) 
    values
        (?, ?, ?, ?, ?, ?, ?, default)
Hibernate: 
    insert 
    into
        faculty_directory_entries
        (category, email, name, position, profile_url, thesis_level, thesis_status, id) 
    values
        (?, ?, ?, ?, ?, ?, ?, default)
2026-09-04T19:20:02.432+06:00 DEBUG 4068 --- [campusconnect-backend] [  restartedMain] org.hibernate.SQL                        : 
    insert 
    into
        faculty_directory_entries
        (category, email, name, position, profile_url, thesis_level, thesis_status, id) 
    values
        (?, ?, ?, ?, ?, ?, ?, default)
Hibernate: 
    insert 
    into
        faculty_directory_entries
        (category, email, name, position, profile_url, thesis_level, thesis_status, id) 
    values
        (?, ?, ?, ?, ?, ?, ?, default)
2026-09-04T19:20:02.434+06:00 DEBUG 4068 --- [campusconnect-backend] [  restartedMain] org.hibernate.SQL                        : 
    insert 
    into
        faculty_directory_entries
        (category, email, name, position, profile_url, thesis_level, thesis_status, id) 
    values
        (?, ?, ?, ?, ?, ?, ?, default)
Hibernate: 
    insert 
    into
        faculty_directory_entries
        (category, email, name, position, profile_url, thesis_level, thesis_status, id) 
    values
        (?, ?, ?, ?, ?, ?, ?, default)
2026-09-04T19:20:02.435+06:00 DEBUG 4068 --- [campusconnect-backend] [  restartedMain] org.hibernate.SQL                        : 
    insert 
    into
        faculty_directory_entries
        (category, email, name, position, profile_url, thesis_level, thesis_status, id) 
    values
        (?, ?, ?, ?, ?, ?, ?, default)
Hibernate: 
    insert 
    into
        faculty_directory_entries
        (category, email, name, position, profile_url, thesis_level, thesis_status, id) 
    values
        (?, ?, ?, ?, ?, ?, ?, default)
2026-09-04T19:20:02.436+06:00 DEBUG 4068 --- [campusconnect-backend] [  restartedMain] org.hibernate.SQL                        : 
    insert 
    into
        faculty_directory_entries
        (category, email, name, position, profile_url, thesis_level, thesis_status, id) 
    values
        (?, ?, ?, ?, ?, ?, ?, default)
Hibernate: 
    insert 
    into
        faculty_directory_entries
        (category, email, name, position, profile_url, thesis_level, thesis_status, id) 
    values
        (?, ?, ?, ?, ?, ?, ?, default)
2026-09-04T19:20:02.438+06:00 DEBUG 4068 --- [campusconnect-backend] [  restartedMain] org.hibernate.SQL                        : 
    insert 
    into
        faculty_directory_entries
        (category, email, name, position, profile_url, thesis_level, thesis_status, id) 
    values
        (?, ?, ?, ?, ?, ?, ?, default)
Hibernate: 
    insert 
    into
        faculty_directory_entries
        (category, email, name, position, profile_url, thesis_level, thesis_status, id) 
    values
        (?, ?, ?, ?, ?, ?, ?, default)
2026-09-04T19:20:02.439+06:00 DEBUG 4068 --- [campusconnect-backend] [  restartedMain] org.hibernate.SQL                        : 
    insert 
    into
        faculty_directory_entries
        (category, email, name, position, profile_url, thesis_level, thesis_status, id) 
    values
        (?, ?, ?, ?, ?, ?, ?, default)
Hibernate: 
    insert 
    into
        faculty_directory_entries
        (category, email, name, position, profile_url, thesis_level, thesis_status, id) 
    values
        (?, ?, ?, ?, ?, ?, ?, default)
2026-09-04T19:20:02.441+06:00 DEBUG 4068 --- [campusconnect-backend] [  restartedMain] org.hibernate.SQL                        : 
    insert 
    into
        faculty_directory_entries
        (category, email, name, position, profile_url, thesis_level, thesis_status, id) 
    values
        (?, ?, ?, ?, ?, ?, ?, default)
Hibernate: 
    insert 
    into
        faculty_directory_entries
        (category, email, name, position, profile_url, thesis_level, thesis_status, id) 
    values
        (?, ?, ?, ?, ?, ?, ?, default)
2026-09-04T19:20:02.443+06:00 DEBUG 4068 --- [campusconnect-backend] [  restartedMain] org.hibernate.SQL                        : 
    insert 
    into
        faculty_directory_entries
        (category, email, name, position, profile_url, thesis_level, thesis_status, id) 
    values
        (?, ?, ?, ?, ?, ?, ?, default)
Hibernate: 
    insert 
    into
        faculty_directory_entries
        (category, email, name, position, profile_url, thesis_level, thesis_status, id) 
    values
        (?, ?, ?, ?, ?, ?, ?, default)
2026-09-04T19:20:02.444+06:00 DEBUG 4068 --- [campusconnect-backend] [  restartedMain] org.hibernate.SQL                        : 
    insert 
    into
        faculty_directory_entries
        (category, email, name, position, profile_url, thesis_level, thesis_status, id) 
    values
        (?, ?, ?, ?, ?, ?, ?, default)
Hibernate: 
    insert 
    into
        faculty_directory_entries
        (category, email, name, position, profile_url, thesis_level, thesis_status, id) 
    values
        (?, ?, ?, ?, ?, ?, ?, default)
2026-09-04T19:20:02.445+06:00 DEBUG 4068 --- [campusconnect-backend] [  restartedMain] org.hibernate.SQL                        : 
    insert 
    into
        faculty_directory_entries
        (category, email, name, position, profile_url, thesis_level, thesis_status, id) 
    values
        (?, ?, ?, ?, ?, ?, ?, default)
Hibernate: 
    insert 
    into
        faculty_directory_entries
        (category, email, name, position, profile_url, thesis_level, thesis_status, id) 
    values
        (?, ?, ?, ?, ?, ?, ?, default)
2026-09-04T19:20:02.447+06:00 DEBUG 4068 --- [campusconnect-backend] [  restartedMain] org.hibernate.SQL                        : 
    insert 
    into
        faculty_directory_entries
        (category, email, name, position, profile_url, thesis_level, thesis_status, id) 
    values
        (?, ?, ?, ?, ?, ?, ?, default)
Hibernate: 
    insert 
    into
        faculty_directory_entries
        (category, email, name, position, profile_url, thesis_level, thesis_status, id) 
    values
        (?, ?, ?, ?, ?, ?, ?, default)
2026-09-04T19:20:02.448+06:00 DEBUG 4068 --- [campusconnect-backend] [  restartedMain] org.hibernate.SQL                        : 
    insert 
    into
        faculty_directory_entries
        (category, email, name, position, profile_url, thesis_level, thesis_status, id) 
    values
        (?, ?, ?, ?, ?, ?, ?, default)
Hibernate: 
    insert 
    into
        faculty_directory_entries
        (category, email, name, position, profile_url, thesis_level, thesis_status, id) 
    values
        (?, ?, ?, ?, ?, ?, ?, default)
2026-09-04T19:20:02.448+06:00 DEBUG 4068 --- [campusconnect-backend] [  restartedMain] org.hibernate.SQL                        : 
    insert 
    into
        faculty_directory_entries
        (category, email, name, position, profile_url, thesis_level, thesis_status, id) 
    values
        (?, ?, ?, ?, ?, ?, ?, default)
Hibernate: 
    insert 
    into
        faculty_directory_entries
        (category, email, name, position, profile_url, thesis_level, thesis_status, id) 
    values
        (?, ?, ?, ?, ?, ?, ?, default)
2026-09-04T19:20:02.450+06:00 DEBUG 4068 --- [campusconnect-backend] [  restartedMain] org.hibernate.SQL                        : 
    insert 
    into
        faculty_directory_entries
        (category, email, name, position, profile_url, thesis_level, thesis_status, id) 
    values
        (?, ?, ?, ?, ?, ?, ?, default)
Hibernate: 
    insert 
    into
        faculty_directory_entries
        (category, email, name, position, profile_url, thesis_level, thesis_status, id) 
    values
        (?, ?, ?, ?, ?, ?, ?, default)
2026-09-04T19:20:02.450+06:00 DEBUG 4068 --- [campusconnect-backend] [  restartedMain] org.hibernate.SQL                        : 
    insert 
    into
        faculty_directory_entries
        (category, email, name, position, profile_url, thesis_level, thesis_status, id) 
    values
        (?, ?, ?, ?, ?, ?, ?, default)
Hibernate: 
    insert 
    into
        faculty_directory_entries
        (category, email, name, position, profile_url, thesis_level, thesis_status, id) 
    values
        (?, ?, ?, ?, ?, ?, ?, default)
2026-09-04T19:20:02.452+06:00 DEBUG 4068 --- [campusconnect-backend] [  restartedMain] org.hibernate.SQL                        : 
    insert 
    into
        faculty_directory_entries
        (category, email, name, position, profile_url, thesis_level, thesis_status, id) 
    values
        (?, ?, ?, ?, ?, ?, ?, default)
Hibernate: 
    insert 
    into
        faculty_directory_entries
        (category, email, name, position, profile_url, thesis_level, thesis_status, id) 
    values
        (?, ?, ?, ?, ?, ?, ?, default)
2026-09-04T19:20:02.454+06:00 DEBUG 4068 --- [campusconnect-backend] [  restartedMain] org.hibernate.SQL                        : 
    insert 
    into
        faculty_directory_entries
        (category, email, name, position, profile_url, thesis_level, thesis_status, id) 
    values
        (?, ?, ?, ?, ?, ?, ?, default)
Hibernate: 
    insert 
    into
        faculty_directory_entries
        (category, email, name, position, profile_url, thesis_level, thesis_status, id) 
    values
        (?, ?, ?, ?, ?, ?, ?, default)
2026-09-04T19:20:02.456+06:00 DEBUG 4068 --- [campusconnect-backend] [  restartedMain] org.hibernate.SQL                        : 
    insert 
    into
        faculty_directory_entries
        (category, email, name, position, profile_url, thesis_level, thesis_status, id) 
    values
        (?, ?, ?, ?, ?, ?, ?, default)
Hibernate: 
    insert 
    into
        faculty_directory_entries
        (category, email, name, position, profile_url, thesis_level, thesis_status, id) 
    values
        (?, ?, ?, ?, ?, ?, ?, default)
2026-09-04T19:20:02.459+06:00 DEBUG 4068 --- [campusconnect-backend] [  restartedMain] org.hibernate.SQL                        : 
    insert 
    into
        faculty_directory_entries
        (category, email, name, position, profile_url, thesis_level, thesis_status, id) 
    values
        (?, ?, ?, ?, ?, ?, ?, default)
Hibernate: 
    insert 
    into
        faculty_directory_entries
        (category, email, name, position, profile_url, thesis_level, thesis_status, id) 
    values
        (?, ?, ?, ?, ?, ?, ?, default)
2026-09-04T19:20:02.460+06:00 DEBUG 4068 --- [campusconnect-backend] [  restartedMain] org.hibernate.SQL                        : 
    insert 
    into
        faculty_directory_entries
        (category, email, name, position, profile_url, thesis_level, thesis_status, id) 
    values
        (?, ?, ?, ?, ?, ?, ?, default)
Hibernate: 
    insert 
    into
        faculty_directory_entries
        (category, email, name, position, profile_url, thesis_level, thesis_status, id) 
    values
        (?, ?, ?, ?, ?, ?, ?, default)
2026-09-04T19:20:02.463+06:00 DEBUG 4068 --- [campusconnect-backend] [  restartedMain] org.hibernate.SQL                        : 
    insert 
    into
        faculty_directory_entries
        (category, email, name, position, profile_url, thesis_level, thesis_status, id) 
    values
        (?, ?, ?, ?, ?, ?, ?, default)
Hibernate: 
    insert 
    into
        faculty_directory_entries
        (category, email, name, position, profile_url, thesis_level, thesis_status, id) 
    values
        (?, ?, ?, ?, ?, ?, ?, default)
2026-09-04T19:20:02.465+06:00 DEBUG 4068 --- [campusconnect-backend] [  restartedMain] org.hibernate.SQL                        : 
    insert 
    into
        faculty_directory_entries
        (category, email, name, position, profile_url, thesis_level, thesis_status, id) 
    values
        (?, ?, ?, ?, ?, ?, ?, default)
Hibernate: 
    insert 
    into
        faculty_directory_entries
        (category, email, name, position, profile_url, thesis_level, thesis_status, id) 
    values
        (?, ?, ?, ?, ?, ?, ?, default)
2026-09-04T19:20:02.466+06:00 DEBUG 4068 --- [campusconnect-backend] [  restartedMain] org.hibernate.SQL                        : 
    insert 
    into
        faculty_directory_entries
        (category, email, name, position, profile_url, thesis_level, thesis_status, id) 
    values
        (?, ?, ?, ?, ?, ?, ?, default)
Hibernate: 
    insert 
    into
        faculty_directory_entries
        (category, email, name, position, profile_url, thesis_level, thesis_status, id) 
    values
        (?, ?, ?, ?, ?, ?, ?, default)
2026-09-04T19:20:02.467+06:00 DEBUG 4068 --- [campusconnect-backend] [  restartedMain] org.hibernate.SQL                        : 
    insert 
    into
        faculty_directory_entries
        (category, email, name, position, profile_url, thesis_level, thesis_status, id) 
    values
        (?, ?, ?, ?, ?, ?, ?, default)
Hibernate: 
    insert 
    into
        faculty_directory_entries
        (category, email, name, position, profile_url, thesis_level, thesis_status, id) 
    values
        (?, ?, ?, ?, ?, ?, ?, default)
2026-09-04T19:20:02.469+06:00 DEBUG 4068 --- [campusconnect-backend] [  restartedMain] org.hibernate.SQL                        : 
    insert 
    into
        faculty_directory_entries
        (category, email, name, position, profile_url, thesis_level, thesis_status, id) 
    values
        (?, ?, ?, ?, ?, ?, ?, default)
Hibernate: 
    insert 
    into
        faculty_directory_entries
        (category, email, name, position, profile_url, thesis_level, thesis_status, id) 
    values
        (?, ?, ?, ?, ?, ?, ?, default)
2026-09-04T19:20:02.470+06:00 DEBUG 4068 --- [campusconnect-backend] [  restartedMain] org.hibernate.SQL                        : 
    insert 
    into
        faculty_directory_entries
        (category, email, name, position, profile_url, thesis_level, thesis_status, id) 
    values
        (?, ?, ?, ?, ?, ?, ?, default)
Hibernate: 
    insert 
    into
        faculty_directory_entries
        (category, email, name, position, profile_url, thesis_level, thesis_status, id) 
    values
        (?, ?, ?, ?, ?, ?, ?, default)
2026-09-04T19:20:02.472+06:00 DEBUG 4068 --- [campusconnect-backend] [  restartedMain] org.hibernate.SQL                        : 
    insert 
    into
        faculty_directory_entries
        (category, email, name, position, profile_url, thesis_level, thesis_status, id) 
    values
        (?, ?, ?, ?, ?, ?, ?, default)
Hibernate: 
    insert 
    into
        faculty_directory_entries
        (category, email, name, position, profile_url, thesis_level, thesis_status, id) 
    values
        (?, ?, ?, ?, ?, ?, ?, default)
2026-09-04T19:20:02.475+06:00 DEBUG 4068 --- [campusconnect-backend] [  restartedMain] org.hibernate.SQL                        : 
    insert 
    into
        faculty_directory_entries
        (category, email, name, position, profile_url, thesis_level, thesis_status, id) 
    values
        (?, ?, ?, ?, ?, ?, ?, default)
Hibernate: 
    insert 
    into
        faculty_directory_entries
        (category, email, name, position, profile_url, thesis_level, thesis_status, id) 
    values
        (?, ?, ?, ?, ?, ?, ?, default)
2026-09-04T19:20:02.477+06:00 DEBUG 4068 --- [campusconnect-backend] [  restartedMain] org.hibernate.SQL                        : 
    insert 
    into
        faculty_directory_entries
        (category, email, name, position, profile_url, thesis_level, thesis_status, id) 
    values
        (?, ?, ?, ?, ?, ?, ?, default)
Hibernate: 
    insert 
    into
        faculty_directory_entries
        (category, email, name, position, profile_url, thesis_level, thesis_status, id) 
    values
        (?, ?, ?, ?, ?, ?, ?, default)
2026-09-04T19:20:02.479+06:00 DEBUG 4068 --- [campusconnect-backend] [  restartedMain] org.hibernate.SQL                        : 
    insert 
    into
        faculty_directory_entries
        (category, email, name, position, profile_url, thesis_level, thesis_status, id) 
    values
        (?, ?, ?, ?, ?, ?, ?, default)
Hibernate: 
    insert 
    into
        faculty_directory_entries
        (category, email, name, position, profile_url, thesis_level, thesis_status, id) 
    values
        (?, ?, ?, ?, ?, ?, ?, default)
2026-09-04T19:20:02.481+06:00 DEBUG 4068 --- [campusconnect-backend] [  restartedMain] org.hibernate.SQL                        : 
    insert 
    into
        faculty_directory_entries
        (category, email, name, position, profile_url, thesis_level, thesis_status, id) 
    values
        (?, ?, ?, ?, ?, ?, ?, default)
Hibernate: 
    insert 
    into
        faculty_directory_entries
        (category, email, name, position, profile_url, thesis_level, thesis_status, id) 
    values
        (?, ?, ?, ?, ?, ?, ?, default)
2026-09-04T19:20:02.482+06:00 DEBUG 4068 --- [campusconnect-backend] [  restartedMain] org.hibernate.SQL                        : 
    insert 
    into
        faculty_directory_entries
        (category, email, name, position, profile_url, thesis_level, thesis_status, id) 
    values
        (?, ?, ?, ?, ?, ?, ?, default)
Hibernate: 
    insert 
    into
        faculty_directory_entries
        (category, email, name, position, profile_url, thesis_level, thesis_status, id) 
    values
        (?, ?, ?, ?, ?, ?, ?, default)
2026-09-04T19:20:02.482+06:00 DEBUG 4068 --- [campusconnect-backend] [  restartedMain] org.hibernate.SQL                        : 
    insert 
    into
        faculty_directory_entries
        (category, email, name, position, profile_url, thesis_level, thesis_status, id) 
    values
        (?, ?, ?, ?, ?, ?, ?, default)
Hibernate: 
    insert 
    into
        faculty_directory_entries
        (category, email, name, position, profile_url, thesis_level, thesis_status, id) 
    values
        (?, ?, ?, ?, ?, ?, ?, default)
2026-09-04T19:20:02.484+06:00 DEBUG 4068 --- [campusconnect-backend] [  restartedMain] org.hibernate.SQL                        : 
    insert 
    into
        faculty_directory_entries
        (category, email, name, position, profile_url, thesis_level, thesis_status, id) 
    values
        (?, ?, ?, ?, ?, ?, ?, default)
Hibernate: 
    insert 
    into
        faculty_directory_entries
        (category, email, name, position, profile_url, thesis_level, thesis_status, id) 
    values
        (?, ?, ?, ?, ?, ?, ?, default)
2026-09-04T19:20:02.485+06:00 DEBUG 4068 --- [campusconnect-backend] [  restartedMain] org.hibernate.SQL                        : 
    insert 
    into
        faculty_directory_entries
        (category, email, name, position, profile_url, thesis_level, thesis_status, id) 
    values
        (?, ?, ?, ?, ?, ?, ?, default)
Hibernate: 
    insert 
    into
        faculty_directory_entries
        (category, email, name, position, profile_url, thesis_level, thesis_status, id) 
    values
        (?, ?, ?, ?, ?, ?, ?, default)
2026-09-04T19:20:02.486+06:00 DEBUG 4068 --- [campusconnect-backend] [  restartedMain] org.hibernate.SQL                        : 
    insert 
    into
        faculty_directory_entries
        (category, email, name, position, profile_url, thesis_level, thesis_status, id) 
    values
        (?, ?, ?, ?, ?, ?, ?, default)
Hibernate: 
    insert 
    into
        faculty_directory_entries
        (category, email, name, position, profile_url, thesis_level, thesis_status, id) 
    values
        (?, ?, ?, ?, ?, ?, ?, default)
2026-09-04T19:20:02.487+06:00 DEBUG 4068 --- [campusconnect-backend] [  restartedMain] org.hibernate.SQL                        : 
    insert 
    into
        faculty_directory_entries
        (category, email, name, position, profile_url, thesis_level, thesis_status, id) 
    values
        (?, ?, ?, ?, ?, ?, ?, default)
Hibernate: 
    insert 
    into
        faculty_directory_entries
        (category, email, name, position, profile_url, thesis_level, thesis_status, id) 
    values
        (?, ?, ?, ?, ?, ?, ?, default)
2026-09-04T19:20:02.489+06:00 DEBUG 4068 --- [campusconnect-backend] [  restartedMain] org.hibernate.SQL                        : 
    insert 
    into
        faculty_directory_entries
        (category, email, name, position, profile_url, thesis_level, thesis_status, id) 
    values
        (?, ?, ?, ?, ?, ?, ?, default)
Hibernate: 
    insert 
    into
        faculty_directory_entries
        (category, email, name, position, profile_url, thesis_level, thesis_status, id) 
    values
        (?, ?, ?, ?, ?, ?, ?, default)
2026-09-04T19:20:02.491+06:00 DEBUG 4068 --- [campusconnect-backend] [  restartedMain] org.hibernate.SQL                        : 
    insert 
    into
        faculty_directory_entries
        (category, email, name, position, profile_url, thesis_level, thesis_status, id) 
    values
        (?, ?, ?, ?, ?, ?, ?, default)
Hibernate: 
    insert 
    into
        faculty_directory_entries
        (category, email, name, position, profile_url, thesis_level, thesis_status, id) 
    values
        (?, ?, ?, ?, ?, ?, ?, default)
2026-09-04T19:20:02.492+06:00 DEBUG 4068 --- [campusconnect-backend] [  restartedMain] org.hibernate.SQL                        : 
    insert 
    into
        faculty_directory_entries
        (category, email, name, position, profile_url, thesis_level, thesis_status, id) 
    values
        (?, ?, ?, ?, ?, ?, ?, default)
Hibernate: 
    insert 
    into
        faculty_directory_entries
        (category, email, name, position, profile_url, thesis_level, thesis_status, id) 
    values
        (?, ?, ?, ?, ?, ?, ?, default)
2026-09-04T19:20:02.494+06:00 DEBUG 4068 --- [campusconnect-backend] [  restartedMain] org.hibernate.SQL                        : 
    insert 
    into
        faculty_directory_entries
        (category, email, name, position, profile_url, thesis_level, thesis_status, id) 
    values
        (?, ?, ?, ?, ?, ?, ?, default)
Hibernate: 
    insert 
    into
        faculty_directory_entries
        (category, email, name, position, profile_url, thesis_level, thesis_status, id) 
    values
        (?, ?, ?, ?, ?, ?, ?, default)
2026-09-04T19:20:02.496+06:00 DEBUG 4068 --- [campusconnect-backend] [  restartedMain] org.hibernate.SQL                        : 
    insert 
    into
        faculty_directory_entries
        (category, email, name, position, profile_url, thesis_level, thesis_status, id) 
    values
        (?, ?, ?, ?, ?, ?, ?, default)
Hibernate: 
    insert 
    into
        faculty_directory_entries
        (category, email, name, position, profile_url, thesis_level, thesis_status, id) 
    values
        (?, ?, ?, ?, ?, ?, ?, default)
2026-09-04T19:20:02.497+06:00 DEBUG 4068 --- [campusconnect-backend] [  restartedMain] org.hibernate.SQL                        : 
    insert 
    into
        faculty_directory_entries
        (category, email, name, position, profile_url, thesis_level, thesis_status, id) 
    values
        (?, ?, ?, ?, ?, ?, ?, default)
Hibernate: 
    insert 
    into
        faculty_directory_entries
        (category, email, name, position, profile_url, thesis_level, thesis_status, id) 
    values
        (?, ?, ?, ?, ?, ?, ?, default)
2026-09-04T19:20:02.499+06:00 DEBUG 4068 --- [campusconnect-backend] [  restartedMain] org.hibernate.SQL                        : 
    insert 
    into
        faculty_directory_entries
        (category, email, name, position, profile_url, thesis_level, thesis_status, id) 
    values
        (?, ?, ?, ?, ?, ?, ?, default)
Hibernate: 
    insert 
    into
        faculty_directory_entries
        (category, email, name, position, profile_url, thesis_level, thesis_status, id) 
    values
        (?, ?, ?, ?, ?, ?, ?, default)
2026-09-04T19:20:02.500+06:00 DEBUG 4068 --- [campusconnect-backend] [  restartedMain] org.hibernate.SQL                        : 
    insert 
    into
        faculty_directory_entries
        (category, email, name, position, profile_url, thesis_level, thesis_status, id) 
    values
        (?, ?, ?, ?, ?, ?, ?, default)
Hibernate: 
    insert 
    into
        faculty_directory_entries
        (category, email, name, position, profile_url, thesis_level, thesis_status, id) 
    values
        (?, ?, ?, ?, ?, ?, ?, default)
2026-09-04T19:20:02.501+06:00 DEBUG 4068 --- [campusconnect-backend] [  restartedMain] org.hibernate.SQL                        : 
    insert 
    into
        faculty_directory_entries
        (category, email, name, position, profile_url, thesis_level, thesis_status, id) 
    values
        (?, ?, ?, ?, ?, ?, ?, default)
Hibernate: 
    insert 
    into
        faculty_directory_entries
        (category, email, name, position, profile_url, thesis_level, thesis_status, id) 
    values
        (?, ?, ?, ?, ?, ?, ?, default)
2026-09-04T19:20:02.502+06:00 DEBUG 4068 --- [campusconnect-backend] [  restartedMain] org.hibernate.SQL                        : 
    insert 
    into
        faculty_directory_entries
        (category, email, name, position, profile_url, thesis_level, thesis_status, id) 
    values
        (?, ?, ?, ?, ?, ?, ?, default)
Hibernate: 
    insert 
    into
        faculty_directory_entries
        (category, email, name, position, profile_url, thesis_level, thesis_status, id) 
    values
        (?, ?, ?, ?, ?, ?, ?, default)
2026-09-04T19:20:02.503+06:00 DEBUG 4068 --- [campusconnect-backend] [  restartedMain] org.hibernate.SQL                        : 
    insert 
    into
        faculty_directory_entries
        (category, email, name, position, profile_url, thesis_level, thesis_status, id) 
    values
        (?, ?, ?, ?, ?, ?, ?, default)
Hibernate: 
    insert 
    into
        faculty_directory_entries
        (category, email, name, position, profile_url, thesis_level, thesis_status, id) 
    values
        (?, ?, ?, ?, ?, ?, ?, default)
2026-09-04T19:20:02.504+06:00 DEBUG 4068 --- [campusconnect-backend] [  restartedMain] org.hibernate.SQL                        : 
    insert 
    into
        faculty_directory_entries
        (category, email, name, position, profile_url, thesis_level, thesis_status, id) 
    values
        (?, ?, ?, ?, ?, ?, ?, default)
Hibernate: 
    insert 
    into
        faculty_directory_entries
        (category, email, name, position, profile_url, thesis_level, thesis_status, id) 
    values
        (?, ?, ?, ?, ?, ?, ?, default)
2026-09-04T19:20:02.507+06:00 DEBUG 4068 --- [campusconnect-backend] [  restartedMain] org.hibernate.SQL                        : 
    insert 
    into
        faculty_directory_entries
        (category, email, name, position, profile_url, thesis_level, thesis_status, id) 
    values
        (?, ?, ?, ?, ?, ?, ?, default)
Hibernate: 
    insert 
    into
        faculty_directory_entries
        (category, email, name, position, profile_url, thesis_level, thesis_status, id) 
    values
        (?, ?, ?, ?, ?, ?, ?, default)
2026-09-04T19:20:02.508+06:00 DEBUG 4068 --- [campusconnect-backend] [  restartedMain] org.hibernate.SQL                        : 
    insert 
    into
        faculty_directory_entries
        (category, email, name, position, profile_url, thesis_level, thesis_status, id) 
    values
        (?, ?, ?, ?, ?, ?, ?, default)
Hibernate: 
    insert 
    into
        faculty_directory_entries
        (category, email, name, position, profile_url, thesis_level, thesis_status, id) 
    values
        (?, ?, ?, ?, ?, ?, ?, default)
2026-09-04T19:20:02.509+06:00 DEBUG 4068 --- [campusconnect-backend] [  restartedMain] org.hibernate.SQL                        : 
    insert 
    into
        faculty_directory_entries
        (category, email, name, position, profile_url, thesis_level, thesis_status, id) 
    values
        (?, ?, ?, ?, ?, ?, ?, default)
Hibernate: 
    insert 
    into
        faculty_directory_entries
        (category, email, name, position, profile_url, thesis_level, thesis_status, id) 
    values
        (?, ?, ?, ?, ?, ?, ?, default)
2026-09-04T19:20:02.511+06:00 DEBUG 4068 --- [campusconnect-backend] [  restartedMain] org.hibernate.SQL                        : 
    insert 
    into
        faculty_directory_entries
        (category, email, name, position, profile_url, thesis_level, thesis_status, id) 
    values
        (?, ?, ?, ?, ?, ?, ?, default)
Hibernate: 
    insert 
    into
        faculty_directory_entries
        (category, email, name, position, profile_url, thesis_level, thesis_status, id) 
    values
        (?, ?, ?, ?, ?, ?, ?, default)
2026-09-04T19:20:02.512+06:00 DEBUG 4068 --- [campusconnect-backend] [  restartedMain] org.hibernate.SQL                        : 
    insert 
    into
        faculty_directory_entries
        (category, email, name, position, profile_url, thesis_level, thesis_status, id) 
    values
        (?, ?, ?, ?, ?, ?, ?, default)
Hibernate: 
    insert 
    into
        faculty_directory_entries
        (category, email, name, position, profile_url, thesis_level, thesis_status, id) 
    values
        (?, ?, ?, ?, ?, ?, ?, default)
2026-09-04T19:20:02.512+06:00 DEBUG 4068 --- [campusconnect-backend] [  restartedMain] org.hibernate.SQL                        : 
    insert 
    into
        faculty_directory_entries
        (category, email, name, position, profile_url, thesis_level, thesis_status, id) 
    values
        (?, ?, ?, ?, ?, ?, ?, default)
Hibernate: 
    insert 
    into
        faculty_directory_entries
        (category, email, name, position, profile_url, thesis_level, thesis_status, id) 
    values
        (?, ?, ?, ?, ?, ?, ?, default)
2026-09-04T19:20:02.514+06:00 DEBUG 4068 --- [campusconnect-backend] [  restartedMain] org.hibernate.SQL                        : 
    insert 
    into
        faculty_directory_entries
        (category, email, name, position, profile_url, thesis_level, thesis_status, id) 
    values
        (?, ?, ?, ?, ?, ?, ?, default)
Hibernate: 
    insert 
    into
        faculty_directory_entries
        (category, email, name, position, profile_url, thesis_level, thesis_status, id) 
    values
        (?, ?, ?, ?, ?, ?, ?, default)
2026-09-04T19:20:02.514+06:00 DEBUG 4068 --- [campusconnect-backend] [  restartedMain] org.hibernate.SQL                        : 
    insert 
    into
        faculty_directory_entries
        (category, email, name, position, profile_url, thesis_level, thesis_status, id) 
    values
        (?, ?, ?, ?, ?, ?, ?, default)
Hibernate: 
    insert 
    into
        faculty_directory_entries
        (category, email, name, position, profile_url, thesis_level, thesis_status, id) 
    values
        (?, ?, ?, ?, ?, ?, ?, default)
2026-09-04T19:20:02.515+06:00 DEBUG 4068 --- [campusconnect-backend] [  restartedMain] org.hibernate.SQL                        : 
    insert 
    into
        faculty_directory_entries
        (category, email, name, position, profile_url, thesis_level, thesis_status, id) 
    values
        (?, ?, ?, ?, ?, ?, ?, default)
Hibernate: 
    insert 
    into
        faculty_directory_entries
        (category, email, name, position, profile_url, thesis_level, thesis_status, id) 
    values
        (?, ?, ?, ?, ?, ?, ?, default)
2026-09-04T19:20:02.516+06:00 DEBUG 4068 --- [campusconnect-backend] [  restartedMain] org.hibernate.SQL                        : 
    insert 
    into
        faculty_directory_entries
        (category, email, name, position, profile_url, thesis_level, thesis_status, id) 
    values
        (?, ?, ?, ?, ?, ?, ?, default)
Hibernate: 
    insert 
    into
        faculty_directory_entries
        (category, email, name, position, profile_url, thesis_level, thesis_status, id) 
    values
        (?, ?, ?, ?, ?, ?, ?, default)
2026-09-04T19:20:02.517+06:00 DEBUG 4068 --- [campusconnect-backend] [  restartedMain] org.hibernate.SQL                        : 
    insert 
    into
        faculty_directory_entries
        (category, email, name, position, profile_url, thesis_level, thesis_status, id) 
    values
        (?, ?, ?, ?, ?, ?, ?, default)
Hibernate: 
    insert 
    into
        faculty_directory_entries
        (category, email, name, position, profile_url, thesis_level, thesis_status, id) 
    values
        (?, ?, ?, ?, ?, ?, ?, default)
2026-09-04T19:20:02.519+06:00 DEBUG 4068 --- [campusconnect-backend] [  restartedMain] org.hibernate.SQL                        : 
    insert 
    into
        faculty_directory_entries
        (category, email, name, position, profile_url, thesis_level, thesis_status, id) 
    values
        (?, ?, ?, ?, ?, ?, ?, default)
Hibernate: 
    insert 
    into
        faculty_directory_entries
        (category, email, name, position, profile_url, thesis_level, thesis_status, id) 
    values
        (?, ?, ?, ?, ?, ?, ?, default)
2026-09-04T19:20:02.519+06:00 DEBUG 4068 --- [campusconnect-backend] [  restartedMain] org.hibernate.SQL                        : 
    insert 
    into
        faculty_directory_entries
        (category, email, name, position, profile_url, thesis_level, thesis_status, id) 
    values
        (?, ?, ?, ?, ?, ?, ?, default)
Hibernate: 
    insert 
    into
        faculty_directory_entries
        (category, email, name, position, profile_url, thesis_level, thesis_status, id) 
    values
        (?, ?, ?, ?, ?, ?, ?, default)
2026-09-04T19:20:02.519+06:00 DEBUG 4068 --- [campusconnect-backend] [  restartedMain] org.hibernate.SQL                        : 
    insert 
    into
        faculty_directory_entries
        (category, email, name, position, profile_url, thesis_level, thesis_status, id) 
    values
        (?, ?, ?, ?, ?, ?, ?, default)
Hibernate: 
    insert 
    into
        faculty_directory_entries
        (category, email, name, position, profile_url, thesis_level, thesis_status, id) 
    values
        (?, ?, ?, ?, ?, ?, ?, default)
2026-09-04T19:20:02.521+06:00 DEBUG 4068 --- [campusconnect-backend] [  restartedMain] org.hibernate.SQL                        : 
    insert 
    into
        faculty_directory_entries
        (category, email, name, position, profile_url, thesis_level, thesis_status, id) 
    values
        (?, ?, ?, ?, ?, ?, ?, default)
Hibernate: 
    insert 
    into
        faculty_directory_entries
        (category, email, name, position, profile_url, thesis_level, thesis_status, id) 
    values
        (?, ?, ?, ?, ?, ?, ?, default)
2026-09-04T19:20:02.523+06:00 DEBUG 4068 --- [campusconnect-backend] [  restartedMain] org.hibernate.SQL                        : 
    insert 
    into
        faculty_directory_entries
        (category, email, name, position, profile_url, thesis_level, thesis_status, id) 
    values
        (?, ?, ?, ?, ?, ?, ?, default)
Hibernate: 
    insert 
    into
        faculty_directory_entries
        (category, email, name, position, profile_url, thesis_level, thesis_status, id) 
    values
        (?, ?, ?, ?, ?, ?, ?, default)
2026-09-04T19:20:02.525+06:00 DEBUG 4068 --- [campusconnect-backend] [  restartedMain] org.hibernate.SQL                        : 
    insert 
    into
        faculty_directory_entries
        (category, email, name, position, profile_url, thesis_level, thesis_status, id) 
    values
        (?, ?, ?, ?, ?, ?, ?, default)
Hibernate: 
    insert 
    into
        faculty_directory_entries
        (category, email, name, position, profile_url, thesis_level, thesis_status, id) 
    values
        (?, ?, ?, ?, ?, ?, ?, default)
2026-09-04T19:20:02.527+06:00 DEBUG 4068 --- [campusconnect-backend] [  restartedMain] org.hibernate.SQL                        : 
    insert 
    into
        faculty_directory_entries
        (category, email, name, position, profile_url, thesis_level, thesis_status, id) 
    values
        (?, ?, ?, ?, ?, ?, ?, default)
Hibernate: 
    insert 
    into
        faculty_directory_entries
        (category, email, name, position, profile_url, thesis_level, thesis_status, id) 
    values
        (?, ?, ?, ?, ?, ?, ?, default)
2026-09-04T19:20:02.528+06:00 DEBUG 4068 --- [campusconnect-backend] [  restartedMain] org.hibernate.SQL                        : 
    insert 
    into
        faculty_directory_entries
        (category, email, name, position, profile_url, thesis_level, thesis_status, id) 
    values
        (?, ?, ?, ?, ?, ?, ?, default)
Hibernate: 
    insert 
    into
        faculty_directory_entries
        (category, email, name, position, profile_url, thesis_level, thesis_status, id) 
    values
        (?, ?, ?, ?, ?, ?, ?, default)
2026-09-04T19:20:02.530+06:00 DEBUG 4068 --- [campusconnect-backend] [  restartedMain] org.hibernate.SQL                        : 
    insert 
    into
        faculty_directory_entries
        (category, email, name, position, profile_url, thesis_level, thesis_status, id) 
    values
        (?, ?, ?, ?, ?, ?, ?, default)
Hibernate: 
    insert 
    into
        faculty_directory_entries
        (category, email, name, position, profile_url, thesis_level, thesis_status, id) 
    values
        (?, ?, ?, ?, ?, ?, ?, default)
2026-09-04T19:20:02.531+06:00 DEBUG 4068 --- [campusconnect-backend] [  restartedMain] org.hibernate.SQL                        : 
    insert 
    into
        faculty_directory_entries
        (category, email, name, position, profile_url, thesis_level, thesis_status, id) 
    values
        (?, ?, ?, ?, ?, ?, ?, default)
Hibernate: 
    insert 
    into
        faculty_directory_entries
        (category, email, name, position, profile_url, thesis_level, thesis_status, id) 
    values
        (?, ?, ?, ?, ?, ?, ?, default)
2026-09-04T19:20:02.531+06:00 DEBUG 4068 --- [campusconnect-backend] [  restartedMain] org.hibernate.SQL                        : 
    insert 
    into
        faculty_directory_entries
        (category, email, name, position, profile_url, thesis_level, thesis_status, id) 
    values
        (?, ?, ?, ?, ?, ?, ?, default)
Hibernate: 
    insert 
    into
        faculty_directory_entries
        (category, email, name, position, profile_url, thesis_level, thesis_status, id) 
    values
        (?, ?, ?, ?, ?, ?, ?, default)
2026-09-04T19:20:02.532+06:00 DEBUG 4068 --- [campusconnect-backend] [  restartedMain] org.hibernate.SQL                        : 
    insert 
    into
        faculty_directory_entries
        (category, email, name, position, profile_url, thesis_level, thesis_status, id) 
    values
        (?, ?, ?, ?, ?, ?, ?, default)
Hibernate: 
    insert 
    into
        faculty_directory_entries
        (category, email, name, position, profile_url, thesis_level, thesis_status, id) 
    values
        (?, ?, ?, ?, ?, ?, ?, default)
2026-09-04T19:20:02.533+06:00 DEBUG 4068 --- [campusconnect-backend] [  restartedMain] org.hibernate.SQL                        : 
    insert 
    into
        faculty_directory_entries
        (category, email, name, position, profile_url, thesis_level, thesis_status, id) 
    values
        (?, ?, ?, ?, ?, ?, ?, default)
Hibernate: 
    insert 
    into
        faculty_directory_entries
        (category, email, name, position, profile_url, thesis_level, thesis_status, id) 
    values
        (?, ?, ?, ?, ?, ?, ?, default)
2026-09-04T19:20:02.534+06:00 DEBUG 4068 --- [campusconnect-backend] [  restartedMain] org.hibernate.SQL                        : 
    insert 
    into
        faculty_directory_entries
        (category, email, name, position, profile_url, thesis_level, thesis_status, id) 
    values
        (?, ?, ?, ?, ?, ?, ?, default)
Hibernate: 
    insert 
    into
        faculty_directory_entries
        (category, email, name, position, profile_url, thesis_level, thesis_status, id) 
    values
        (?, ?, ?, ?, ?, ?, ?, default)
2026-09-04T19:20:02.535+06:00 DEBUG 4068 --- [campusconnect-backend] [  restartedMain] org.hibernate.SQL                        : 
    insert 
    into
        faculty_directory_entries
        (category, email, name, position, profile_url, thesis_level, thesis_status, id) 
    values
        (?, ?, ?, ?, ?, ?, ?, default)
Hibernate: 
    insert 
    into
        faculty_directory_entries
        (category, email, name, position, profile_url, thesis_level, thesis_status, id) 
    values
        (?, ?, ?, ?, ?, ?, ?, default)
2026-09-04T19:20:02.536+06:00 DEBUG 4068 --- [campusconnect-backend] [  restartedMain] org.hibernate.SQL                        : 
    insert 
    into
        faculty_directory_entries
        (category, email, name, position, profile_url, thesis_level, thesis_status, id) 
    values
        (?, ?, ?, ?, ?, ?, ?, default)
Hibernate: 
    insert 
    into
        faculty_directory_entries
        (category, email, name, position, profile_url, thesis_level, thesis_status, id) 
    values
        (?, ?, ?, ?, ?, ?, ?, default)
2026-09-04T19:20:02.538+06:00 DEBUG 4068 --- [campusconnect-backend] [  restartedMain] org.hibernate.SQL                        : 
    insert 
    into
        faculty_directory_entries
        (category, email, name, position, profile_url, thesis_level, thesis_status, id) 
    values
        (?, ?, ?, ?, ?, ?, ?, default)
Hibernate: 
    insert 
    into
        faculty_directory_entries
        (category, email, name, position, profile_url, thesis_level, thesis_status, id) 
    values
        (?, ?, ?, ?, ?, ?, ?, default)
2026-09-04T19:20:02.541+06:00 DEBUG 4068 --- [campusconnect-backend] [  restartedMain] org.hibernate.SQL                        : 
    insert 
    into
        faculty_directory_entries
        (category, email, name, position, profile_url, thesis_level, thesis_status, id) 
    values
        (?, ?, ?, ?, ?, ?, ?, default)
Hibernate: 
    insert 
    into
        faculty_directory_entries
        (category, email, name, position, profile_url, thesis_level, thesis_status, id) 
    values
        (?, ?, ?, ?, ?, ?, ?, default)
2026-09-04T19:20:02.543+06:00 DEBUG 4068 --- [campusconnect-backend] [  restartedMain] org.hibernate.SQL                        : 
    insert 
    into
        faculty_directory_entries
        (category, email, name, position, profile_url, thesis_level, thesis_status, id) 
    values
        (?, ?, ?, ?, ?, ?, ?, default)
Hibernate: 
    insert 
    into
        faculty_directory_entries
        (category, email, name, position, profile_url, thesis_level, thesis_status, id) 
    values
        (?, ?, ?, ?, ?, ?, ?, default)
2026-09-04T19:20:02.545+06:00 DEBUG 4068 --- [campusconnect-backend] [  restartedMain] org.hibernate.SQL                        : 
    insert 
    into
        faculty_directory_entries
        (category, email, name, position, profile_url, thesis_level, thesis_status, id) 
    values
        (?, ?, ?, ?, ?, ?, ?, default)
Hibernate: 
    insert 
    into
        faculty_directory_entries
        (category, email, name, position, profile_url, thesis_level, thesis_status, id) 
    values
        (?, ?, ?, ?, ?, ?, ?, default)
2026-09-04T19:20:02.547+06:00 DEBUG 4068 --- [campusconnect-backend] [  restartedMain] org.hibernate.SQL                        : 
    insert 
    into
        faculty_directory_entries
        (category, email, name, position, profile_url, thesis_level, thesis_status, id) 
    values
        (?, ?, ?, ?, ?, ?, ?, default)
Hibernate: 
    insert 
    into
        faculty_directory_entries
        (category, email, name, position, profile_url, thesis_level, thesis_status, id) 
    values
        (?, ?, ?, ?, ?, ?, ?, default)
2026-09-04T19:20:02.548+06:00 DEBUG 4068 --- [campusconnect-backend] [  restartedMain] org.hibernate.SQL                        : 
    insert 
    into
        faculty_directory_entries
        (category, email, name, position, profile_url, thesis_level, thesis_status, id) 
    values
        (?, ?, ?, ?, ?, ?, ?, default)
Hibernate: 
    insert 
    into
        faculty_directory_entries
        (category, email, name, position, profile_url, thesis_level, thesis_status, id) 
    values
        (?, ?, ?, ?, ?, ?, ?, default)
2026-09-04T19:20:02.550+06:00 DEBUG 4068 --- [campusconnect-backend] [  restartedMain] org.hibernate.SQL                        : 
    insert 
    into
        faculty_directory_entries
        (category, email, name, position, profile_url, thesis_level, thesis_status, id) 
    values
        (?, ?, ?, ?, ?, ?, ?, default)
Hibernate: 
    insert 
    into
        faculty_directory_entries
        (category, email, name, position, profile_url, thesis_level, thesis_status, id) 
    values
        (?, ?, ?, ?, ?, ?, ?, default)
2026-09-04T19:20:02.551+06:00 DEBUG 4068 --- [campusconnect-backend] [  restartedMain] org.hibernate.SQL                        : 
    insert 
    into
        faculty_directory_entries
        (category, email, name, position, profile_url, thesis_level, thesis_status, id) 
    values
        (?, ?, ?, ?, ?, ?, ?, default)
Hibernate: 
    insert 
    into
        faculty_directory_entries
        (category, email, name, position, profile_url, thesis_level, thesis_status, id) 
    values
        (?, ?, ?, ?, ?, ?, ?, default)
2026-09-04T19:20:02.551+06:00 DEBUG 4068 --- [campusconnect-backend] [  restartedMain] org.hibernate.SQL                        : 
    insert 
    into
        faculty_directory_entries
        (category, email, name, position, profile_url, thesis_level, thesis_status, id) 
    values
        (?, ?, ?, ?, ?, ?, ?, default)
Hibernate: 
    insert 
    into
        faculty_directory_entries
        (category, email, name, position, profile_url, thesis_level, thesis_status, id) 
    values
        (?, ?, ?, ?, ?, ?, ?, default)
2026-09-04T19:20:02.552+06:00 DEBUG 4068 --- [campusconnect-backend] [  restartedMain] org.hibernate.SQL                        : 
    insert 
    into
        faculty_directory_entries
        (category, email, name, position, profile_url, thesis_level, thesis_status, id) 
    values
        (?, ?, ?, ?, ?, ?, ?, default)
Hibernate: 
    insert 
    into
        faculty_directory_entries
        (category, email, name, position, profile_url, thesis_level, thesis_status, id) 
    values
        (?, ?, ?, ?, ?, ?, ?, default)
2026-09-04T19:20:02.554+06:00 DEBUG 4068 --- [campusconnect-backend] [  restartedMain] org.hibernate.SQL                        : 
    insert 
    into
        faculty_directory_entries
        (category, email, name, position, profile_url, thesis_level, thesis_status, id) 
    values
        (?, ?, ?, ?, ?, ?, ?, default)
Hibernate: 
    insert 
    into
        faculty_directory_entries
        (category, email, name, position, profile_url, thesis_level, thesis_status, id) 
    values
        (?, ?, ?, ?, ?, ?, ?, default)
2026-09-04T19:20:02.555+06:00 DEBUG 4068 --- [campusconnect-backend] [  restartedMain] org.hibernate.SQL                        : 
    insert 
    into
        faculty_directory_entries
        (category, email, name, position, profile_url, thesis_level, thesis_status, id) 
    values
        (?, ?, ?, ?, ?, ?, ?, default)
Hibernate: 
    insert 
    into
        faculty_directory_entries
        (category, email, name, position, profile_url, thesis_level, thesis_status, id) 
    values
        (?, ?, ?, ?, ?, ?, ?, default)
2026-09-04T19:20:02.558+06:00 DEBUG 4068 --- [campusconnect-backend] [  restartedMain] org.hibernate.SQL                        : 
    insert 
    into
        faculty_directory_entries
        (category, email, name, position, profile_url, thesis_level, thesis_status, id) 
    values
        (?, ?, ?, ?, ?, ?, ?, default)
Hibernate: 
    insert 
    into
        faculty_directory_entries
        (category, email, name, position, profile_url, thesis_level, thesis_status, id) 
    values
        (?, ?, ?, ?, ?, ?, ?, default)
2026-09-04T19:20:02.559+06:00 DEBUG 4068 --- [campusconnect-backend] [  restartedMain] org.hibernate.SQL                        : 
    insert 
    into
        faculty_directory_entries
        (category, email, name, position, profile_url, thesis_level, thesis_status, id) 
    values
        (?, ?, ?, ?, ?, ?, ?, default)
Hibernate: 
    insert 
    into
        faculty_directory_entries
        (category, email, name, position, profile_url, thesis_level, thesis_status, id) 
    values
        (?, ?, ?, ?, ?, ?, ?, default)
2026-09-04T19:20:02.562+06:00 DEBUG 4068 --- [campusconnect-backend] [  restartedMain] org.hibernate.SQL                        : 
    insert 
    into
        faculty_directory_entries
        (category, email, name, position, profile_url, thesis_level, thesis_status, id) 
    values
        (?, ?, ?, ?, ?, ?, ?, default)
Hibernate: 
    insert 
    into
        faculty_directory_entries
        (category, email, name, position, profile_url, thesis_level, thesis_status, id) 
    values
        (?, ?, ?, ?, ?, ?, ?, default)
2026-09-04T19:20:02.563+06:00 DEBUG 4068 --- [campusconnect-backend] [  restartedMain] org.hibernate.SQL                        : 
    insert 
    into
        faculty_directory_entries
        (category, email, name, position, profile_url, thesis_level, thesis_status, id) 
    values
        (?, ?, ?, ?, ?, ?, ?, default)
Hibernate: 
    insert 
    into
        faculty_directory_entries
        (category, email, name, position, profile_url, thesis_level, thesis_status, id) 
    values
        (?, ?, ?, ?, ?, ?, ?, default)
2026-09-04T19:20:02.564+06:00 DEBUG 4068 --- [campusconnect-backend] [  restartedMain] org.hibernate.SQL                        : 
    insert 
    into
        faculty_directory_entries
        (category, email, name, position, profile_url, thesis_level, thesis_status, id) 
    values
        (?, ?, ?, ?, ?, ?, ?, default)
Hibernate: 
    insert 
    into
        faculty_directory_entries
        (category, email, name, position, profile_url, thesis_level, thesis_status, id) 
    values
        (?, ?, ?, ?, ?, ?, ?, default)
2026-09-04T19:20:02.566+06:00 DEBUG 4068 --- [campusconnect-backend] [  restartedMain] org.hibernate.SQL                        : 
    insert 
    into
        faculty_directory_entries
        (category, email, name, position, profile_url, thesis_level, thesis_status, id) 
    values
        (?, ?, ?, ?, ?, ?, ?, default)
Hibernate: 
    insert 
    into
        faculty_directory_entries
        (category, email, name, position, profile_url, thesis_level, thesis_status, id) 
    values
        (?, ?, ?, ?, ?, ?, ?, default)
2026-09-04T19:20:02.567+06:00 DEBUG 4068 --- [campusconnect-backend] [  restartedMain] org.hibernate.SQL                        : 
    insert 
    into
        faculty_directory_entries
        (category, email, name, position, profile_url, thesis_level, thesis_status, id) 
    values
        (?, ?, ?, ?, ?, ?, ?, default)
Hibernate: 
    insert 
    into
        faculty_directory_entries
        (category, email, name, position, profile_url, thesis_level, thesis_status, id) 
    values
        (?, ?, ?, ?, ?, ?, ?, default)
2026-09-04T19:20:02.569+06:00 DEBUG 4068 --- [campusconnect-backend] [  restartedMain] org.hibernate.SQL                        : 
    insert 
    into
        faculty_directory_entries
        (category, email, name, position, profile_url, thesis_level, thesis_status, id) 
    values
        (?, ?, ?, ?, ?, ?, ?, default)
Hibernate: 
    insert 
    into
        faculty_directory_entries
        (category, email, name, position, profile_url, thesis_level, thesis_status, id) 
    values
        (?, ?, ?, ?, ?, ?, ?, default)
2026-09-04T19:20:02.570+06:00 DEBUG 4068 --- [campusconnect-backend] [  restartedMain] org.hibernate.SQL                        : 
    insert 
    into
        faculty_directory_entries
        (category, email, name, position, profile_url, thesis_level, thesis_status, id) 
    values
        (?, ?, ?, ?, ?, ?, ?, default)
Hibernate: 
    insert 
    into
        faculty_directory_entries
        (category, email, name, position, profile_url, thesis_level, thesis_status, id) 
    values
        (?, ?, ?, ?, ?, ?, ?, default)
2026-09-04T19:20:02.572+06:00 DEBUG 4068 --- [campusconnect-backend] [  restartedMain] org.hibernate.SQL                        : 
    insert 
    into
        faculty_directory_entries
        (category, email, name, position, profile_url, thesis_level, thesis_status, id) 
    values
        (?, ?, ?, ?, ?, ?, ?, default)
Hibernate: 
    insert 
    into
        faculty_directory_entries
        (category, email, name, position, profile_url, thesis_level, thesis_status, id) 
    values
        (?, ?, ?, ?, ?, ?, ?, default)
2026-09-04T19:20:02.575+06:00 DEBUG 4068 --- [campusconnect-backend] [  restartedMain] org.hibernate.SQL                        : 
    insert 
    into
        faculty_directory_entries
        (category, email, name, position, profile_url, thesis_level, thesis_status, id) 
    values
        (?, ?, ?, ?, ?, ?, ?, default)
Hibernate: 
    insert 
    into
        faculty_directory_entries
        (category, email, name, position, profile_url, thesis_level, thesis_status, id) 
    values
        (?, ?, ?, ?, ?, ?, ?, default)
2026-09-04T19:20:02.576+06:00 DEBUG 4068 --- [campusconnect-backend] [  restartedMain] org.hibernate.SQL                        : 
    insert 
    into
        faculty_directory_entries
        (category, email, name, position, profile_url, thesis_level, thesis_status, id) 
    values
        (?, ?, ?, ?, ?, ?, ?, default)
Hibernate: 
    insert 
    into
        faculty_directory_entries
        (category, email, name, position, profile_url, thesis_level, thesis_status, id) 
    values
        (?, ?, ?, ?, ?, ?, ?, default)
2026-09-04T19:20:02.586+06:00 DEBUG 4068 --- [campusconnect-backend] [  restartedMain] org.hibernate.SQL                        : 
    insert 
    into
        faculty_directory_entries
        (category, email, name, position, profile_url, thesis_level, thesis_status, id) 
    values
        (?, ?, ?, ?, ?, ?, ?, default)
Hibernate: 
    insert 
    into
        faculty_directory_entries
        (category, email, name, position, profile_url, thesis_level, thesis_status, id) 
    values
        (?, ?, ?, ?, ?, ?, ?, default)
2026-09-04T19:20:02.588+06:00 DEBUG 4068 --- [campusconnect-backend] [  restartedMain] org.hibernate.SQL                        : 
    insert 
    into
        faculty_directory_entries
        (category, email, name, position, profile_url, thesis_level, thesis_status, id) 
    values
        (?, ?, ?, ?, ?, ?, ?, default)
Hibernate: 
    insert 
    into
        faculty_directory_entries
        (category, email, name, position, profile_url, thesis_level, thesis_status, id) 
    values
        (?, ?, ?, ?, ?, ?, ?, default)
2026-09-04T19:20:02.590+06:00 DEBUG 4068 --- [campusconnect-backend] [  restartedMain] org.hibernate.SQL                        : 
    insert 
    into
        faculty_directory_entries
        (category, email, name, position, profile_url, thesis_level, thesis_status, id) 
    values
        (?, ?, ?, ?, ?, ?, ?, default)
Hibernate: 
    insert 
    into
        faculty_directory_entries
        (category, email, name, position, profile_url, thesis_level, thesis_status, id) 
    values
        (?, ?, ?, ?, ?, ?, ?, default)
2026-09-04T19:20:02.593+06:00 DEBUG 4068 --- [campusconnect-backend] [  restartedMain] org.hibernate.SQL                        : 
    insert 
    into
        faculty_directory_entries
        (category, email, name, position, profile_url, thesis_level, thesis_status, id) 
    values
        (?, ?, ?, ?, ?, ?, ?, default)
Hibernate: 
    insert 
    into
        faculty_directory_entries
        (category, email, name, position, profile_url, thesis_level, thesis_status, id) 
    values
        (?, ?, ?, ?, ?, ?, ?, default)
2026-09-04T19:20:02.595+06:00 DEBUG 4068 --- [campusconnect-backend] [  restartedMain] org.hibernate.SQL                        : 
    insert 
    into
        faculty_directory_entries
        (category, email, name, position, profile_url, thesis_level, thesis_status, id) 
    values
        (?, ?, ?, ?, ?, ?, ?, default)
Hibernate: 
    insert 
    into
        faculty_directory_entries
        (category, email, name, position, profile_url, thesis_level, thesis_status, id) 
    values
        (?, ?, ?, ?, ?, ?, ?, default)
2026-09-04T19:20:02.597+06:00 DEBUG 4068 --- [campusconnect-backend] [  restartedMain] org.hibernate.SQL                        : 
    insert 
    into
        faculty_directory_entries
        (category, email, name, position, profile_url, thesis_level, thesis_status, id) 
    values
        (?, ?, ?, ?, ?, ?, ?, default)
Hibernate: 
    insert 
    into
        faculty_directory_entries
        (category, email, name, position, profile_url, thesis_level, thesis_status, id) 
    values
        (?, ?, ?, ?, ?, ?, ?, default)
2026-09-04T19:20:02.598+06:00 DEBUG 4068 --- [campusconnect-backend] [  restartedMain] org.hibernate.SQL                        : 
    insert 
    into
        faculty_directory_entries
        (category, email, name, position, profile_url, thesis_level, thesis_status, id) 
    values
        (?, ?, ?, ?, ?, ?, ?, default)
Hibernate: 
    insert 
    into
        faculty_directory_entries
        (category, email, name, position, profile_url, thesis_level, thesis_status, id) 
    values
        (?, ?, ?, ?, ?, ?, ?, default)
2026-09-04T19:20:02.599+06:00 DEBUG 4068 --- [campusconnect-backend] [  restartedMain] org.hibernate.SQL                        : 
    insert 
    into
        faculty_directory_entries
        (category, email, name, position, profile_url, thesis_level, thesis_status, id) 
    values
        (?, ?, ?, ?, ?, ?, ?, default)
Hibernate: 
    insert 
    into
        faculty_directory_entries
        (category, email, name, position, profile_url, thesis_level, thesis_status, id) 
    values
        (?, ?, ?, ?, ?, ?, ?, default)
2026-09-04T19:20:02.600+06:00 DEBUG 4068 --- [campusconnect-backend] [  restartedMain] org.hibernate.SQL                        : 
    insert 
    into
        faculty_directory_entries
        (category, email, name, position, profile_url, thesis_level, thesis_status, id) 
    values
        (?, ?, ?, ?, ?, ?, ?, default)
Hibernate: 
    insert 
    into
        faculty_directory_entries
        (category, email, name, position, profile_url, thesis_level, thesis_status, id) 
    values
        (?, ?, ?, ?, ?, ?, ?, default)
2026-09-04T19:20:02.601+06:00 DEBUG 4068 --- [campusconnect-backend] [  restartedMain] org.hibernate.SQL                        : 
    insert 
    into
        faculty_directory_entries
        (category, email, name, position, profile_url, thesis_level, thesis_status, id) 
    values
        (?, ?, ?, ?, ?, ?, ?, default)
Hibernate: 
    insert 
    into
        faculty_directory_entries
        (category, email, name, position, profile_url, thesis_level, thesis_status, id) 
    values
        (?, ?, ?, ?, ?, ?, ?, default)
2026-09-04T19:20:02.602+06:00 DEBUG 4068 --- [campusconnect-backend] [  restartedMain] org.hibernate.SQL                        : 
    insert 
    into
        faculty_directory_entries
        (category, email, name, position, profile_url, thesis_level, thesis_status, id) 
    values
        (?, ?, ?, ?, ?, ?, ?, default)
Hibernate: 
    insert 
    into
        faculty_directory_entries
        (category, email, name, position, profile_url, thesis_level, thesis_status, id) 
    values
        (?, ?, ?, ?, ?, ?, ?, default)
2026-09-04T19:20:02.602+06:00 DEBUG 4068 --- [campusconnect-backend] [  restartedMain] org.hibernate.SQL                        : 
    insert 
    into
        faculty_directory_entries
        (category, email, name, position, profile_url, thesis_level, thesis_status, id) 
    values
        (?, ?, ?, ?, ?, ?, ?, default)
Hibernate: 
    insert 
    into
        faculty_directory_entries
        (category, email, name, position, profile_url, thesis_level, thesis_status, id) 
    values
        (?, ?, ?, ?, ?, ?, ?, default)
2026-09-04T19:20:02.604+06:00 DEBUG 4068 --- [campusconnect-backend] [  restartedMain] org.hibernate.SQL                        : 
    insert 
    into
        faculty_directory_entries
        (category, email, name, position, profile_url, thesis_level, thesis_status, id) 
    values
        (?, ?, ?, ?, ?, ?, ?, default)
Hibernate: 
    insert 
    into
        faculty_directory_entries
        (category, email, name, position, profile_url, thesis_level, thesis_status, id) 
    values
        (?, ?, ?, ?, ?, ?, ?, default)
2026-09-04T19:20:02.605+06:00 DEBUG 4068 --- [campusconnect-backend] [  restartedMain] org.hibernate.SQL                        : 
    insert 
    into
        faculty_directory_entries
        (category, email, name, position, profile_url, thesis_level, thesis_status, id) 
    values
        (?, ?, ?, ?, ?, ?, ?, default)
Hibernate: 
    insert 
    into
        faculty_directory_entries
        (category, email, name, position, profile_url, thesis_level, thesis_status, id) 
    values
        (?, ?, ?, ?, ?, ?, ?, default)
2026-09-04T19:20:02.607+06:00 DEBUG 4068 --- [campusconnect-backend] [  restartedMain] org.hibernate.SQL                        : 
    insert 
    into
        faculty_directory_entries
        (category, email, name, position, profile_url, thesis_level, thesis_status, id) 
    values
        (?, ?, ?, ?, ?, ?, ?, default)
Hibernate: 
    insert 
    into
        faculty_directory_entries
        (category, email, name, position, profile_url, thesis_level, thesis_status, id) 
    values
        (?, ?, ?, ?, ?, ?, ?, default)
2026-09-04T19:20:02.608+06:00 DEBUG 4068 --- [campusconnect-backend] [  restartedMain] org.hibernate.SQL                        : 
    insert 
    into
        faculty_directory_entries
        (category, email, name, position, profile_url, thesis_level, thesis_status, id) 
    values
        (?, ?, ?, ?, ?, ?, ?, default)
Hibernate: 
    insert 
    into
        faculty_directory_entries
        (category, email, name, position, profile_url, thesis_level, thesis_status, id) 
    values
        (?, ?, ?, ?, ?, ?, ?, default)
2026-09-04T19:20:02.609+06:00 DEBUG 4068 --- [campusconnect-backend] [  restartedMain] org.hibernate.SQL                        : 
    insert 
    into
        faculty_directory_entries
        (category, email, name, position, profile_url, thesis_level, thesis_status, id) 
    values
        (?, ?, ?, ?, ?, ?, ?, default)
Hibernate: 
    insert 
    into
        faculty_directory_entries
        (category, email, name, position, profile_url, thesis_level, thesis_status, id) 
    values
        (?, ?, ?, ?, ?, ?, ?, default)
2026-09-04T19:20:02.609+06:00 DEBUG 4068 --- [campusconnect-backend] [  restartedMain] org.hibernate.SQL                        : 
    insert 
    into
        faculty_directory_entries
        (category, email, name, position, profile_url, thesis_level, thesis_status, id) 
    values
        (?, ?, ?, ?, ?, ?, ?, default)
Hibernate: 
    insert 
    into
        faculty_directory_entries
        (category, email, name, position, profile_url, thesis_level, thesis_status, id) 
    values
        (?, ?, ?, ?, ?, ?, ?, default)
2026-09-04T19:20:02.611+06:00 DEBUG 4068 --- [campusconnect-backend] [  restartedMain] org.hibernate.SQL                        : 
    insert 
    into
        faculty_directory_entries
        (category, email, name, position, profile_url, thesis_level, thesis_status, id) 
    values
        (?, ?, ?, ?, ?, ?, ?, default)
Hibernate: 
    insert 
    into
        faculty_directory_entries
        (category, email, name, position, profile_url, thesis_level, thesis_status, id) 
    values
        (?, ?, ?, ?, ?, ?, ?, default)
2026-09-04T19:20:02.612+06:00 DEBUG 4068 --- [campusconnect-backend] [  restartedMain] org.hibernate.SQL                        : 
    insert 
    into
        faculty_directory_entries
        (category, email, name, position, profile_url, thesis_level, thesis_status, id) 
    values
        (?, ?, ?, ?, ?, ?, ?, default)
Hibernate: 
    insert 
    into
        faculty_directory_entries
        (category, email, name, position, profile_url, thesis_level, thesis_status, id) 
    values
        (?, ?, ?, ?, ?, ?, ?, default)
2026-09-04T19:20:02.613+06:00 DEBUG 4068 --- [campusconnect-backend] [  restartedMain] org.hibernate.SQL                        : 
    insert 
    into
        faculty_directory_entries
        (category, email, name, position, profile_url, thesis_level, thesis_status, id) 
    values
        (?, ?, ?, ?, ?, ?, ?, default)
Hibernate: 
    insert 
    into
        faculty_directory_entries
        (category, email, name, position, profile_url, thesis_level, thesis_status, id) 
    values
        (?, ?, ?, ?, ?, ?, ?, default)
2026-09-04T19:20:02.613+06:00 DEBUG 4068 --- [campusconnect-backend] [  restartedMain] org.hibernate.SQL                        : 
    insert 
    into
        faculty_directory_entries
        (category, email, name, position, profile_url, thesis_level, thesis_status, id) 
    values
        (?, ?, ?, ?, ?, ?, ?, default)
Hibernate: 
    insert 
    into
        faculty_directory_entries
        (category, email, name, position, profile_url, thesis_level, thesis_status, id) 
    values
        (?, ?, ?, ?, ?, ?, ?, default)
2026-09-04T19:20:02.614+06:00 DEBUG 4068 --- [campusconnect-backend] [  restartedMain] org.hibernate.SQL                        : 
    insert 
    into
        faculty_directory_entries
        (category, email, name, position, profile_url, thesis_level, thesis_status, id) 
    values
        (?, ?, ?, ?, ?, ?, ?, default)
Hibernate: 
    insert 
    into
        faculty_directory_entries
        (category, email, name, position, profile_url, thesis_level, thesis_status, id) 
    values
        (?, ?, ?, ?, ?, ?, ?, default)
2026-09-04T19:20:02.615+06:00 DEBUG 4068 --- [campusconnect-backend] [  restartedMain] org.hibernate.SQL                        : 
    insert 
    into
        faculty_directory_entries
        (category, email, name, position, profile_url, thesis_level, thesis_status, id) 
    values
        (?, ?, ?, ?, ?, ?, ?, default)
Hibernate: 
    insert 
    into
        faculty_directory_entries
        (category, email, name, position, profile_url, thesis_level, thesis_status, id) 
    values
        (?, ?, ?, ?, ?, ?, ?, default)
2026-09-04T19:20:02.615+06:00 DEBUG 4068 --- [campusconnect-backend] [  restartedMain] org.hibernate.SQL                        : 
    insert 
    into
        faculty_directory_entries
        (category, email, name, position, profile_url, thesis_level, thesis_status, id) 
    values
        (?, ?, ?, ?, ?, ?, ?, default)
Hibernate: 
    insert 
    into
        faculty_directory_entries
        (category, email, name, position, profile_url, thesis_level, thesis_status, id) 
    values
        (?, ?, ?, ?, ?, ?, ?, default)
2026-09-04T19:20:02.617+06:00 DEBUG 4068 --- [campusconnect-backend] [  restartedMain] org.hibernate.SQL                        : 
    insert 
    into
        faculty_directory_entries
        (category, email, name, position, profile_url, thesis_level, thesis_status, id) 
    values
        (?, ?, ?, ?, ?, ?, ?, default)
Hibernate: 
    insert 
    into
        faculty_directory_entries
        (category, email, name, position, profile_url, thesis_level, thesis_status, id) 
    values
        (?, ?, ?, ?, ?, ?, ?, default)
2026-09-04T19:20:02.618+06:00 DEBUG 4068 --- [campusconnect-backend] [  restartedMain] org.hibernate.SQL                        : 
    insert 
    into
        faculty_directory_entries
        (category, email, name, position, profile_url, thesis_level, thesis_status, id) 
    values
        (?, ?, ?, ?, ?, ?, ?, default)
Hibernate: 
    insert 
    into
        faculty_directory_entries
        (category, email, name, position, profile_url, thesis_level, thesis_status, id) 
    values
        (?, ?, ?, ?, ?, ?, ?, default)
2026-09-04T19:20:02.619+06:00 DEBUG 4068 --- [campusconnect-backend] [  restartedMain] org.hibernate.SQL                        : 
    insert 
    into
        faculty_directory_entries
        (category, email, name, position, profile_url, thesis_level, thesis_status, id) 
    values
        (?, ?, ?, ?, ?, ?, ?, default)
Hibernate: 
    insert 
    into
        faculty_directory_entries
        (category, email, name, position, profile_url, thesis_level, thesis_status, id) 
    values
        (?, ?, ?, ?, ?, ?, ?, default)
2026-09-04T19:20:02.619+06:00 DEBUG 4068 --- [campusconnect-backend] [  restartedMain] org.hibernate.SQL                        : 
    insert 
    into
        faculty_directory_entries
        (category, email, name, position, profile_url, thesis_level, thesis_status, id) 
    values
        (?, ?, ?, ?, ?, ?, ?, default)
Hibernate: 
    insert 
    into
        faculty_directory_entries
        (category, email, name, position, profile_url, thesis_level, thesis_status, id) 
    values
        (?, ?, ?, ?, ?, ?, ?, default)
2026-09-04T19:20:02.622+06:00 DEBUG 4068 --- [campusconnect-backend] [  restartedMain] org.hibernate.SQL                        : 
    insert 
    into
        faculty_directory_entries
        (category, email, name, position, profile_url, thesis_level, thesis_status, id) 
    values
        (?, ?, ?, ?, ?, ?, ?, default)
Hibernate: 
    insert 
    into
        faculty_directory_entries
        (category, email, name, position, profile_url, thesis_level, thesis_status, id) 
    values
        (?, ?, ?, ?, ?, ?, ?, default)
2026-09-04T19:20:02.625+06:00 DEBUG 4068 --- [campusconnect-backend] [  restartedMain] org.hibernate.SQL                        : 
    insert 
    into
        faculty_directory_entries
        (category, email, name, position, profile_url, thesis_level, thesis_status, id) 
    values
        (?, ?, ?, ?, ?, ?, ?, default)
Hibernate: 
    insert 
    into
        faculty_directory_entries
        (category, email, name, position, profile_url, thesis_level, thesis_status, id) 
    values
        (?, ?, ?, ?, ?, ?, ?, default)
2026-09-04T19:20:02.627+06:00 DEBUG 4068 --- [campusconnect-backend] [  restartedMain] org.hibernate.SQL                        : 
    insert 
    into
        faculty_directory_entries
        (category, email, name, position, profile_url, thesis_level, thesis_status, id) 
    values
        (?, ?, ?, ?, ?, ?, ?, default)
Hibernate: 
    insert 
    into
        faculty_directory_entries
        (category, email, name, position, profile_url, thesis_level, thesis_status, id) 
    values
        (?, ?, ?, ?, ?, ?, ?, default)
2026-09-04T19:20:02.629+06:00 DEBUG 4068 --- [campusconnect-backend] [  restartedMain] org.hibernate.SQL                        : 
    insert 
    into
        faculty_directory_entries
        (category, email, name, position, profile_url, thesis_level, thesis_status, id) 
    values
        (?, ?, ?, ?, ?, ?, ?, default)
Hibernate: 
    insert 
    into
        faculty_directory_entries
        (category, email, name, position, profile_url, thesis_level, thesis_status, id) 
    values
        (?, ?, ?, ?, ?, ?, ?, default)
2026-09-04T19:20:02.631+06:00 DEBUG 4068 --- [campusconnect-backend] [  restartedMain] org.hibernate.SQL                        : 
    insert 
    into
        faculty_directory_entries
        (category, email, name, position, profile_url, thesis_level, thesis_status, id) 
    values
        (?, ?, ?, ?, ?, ?, ?, default)
Hibernate: 
    insert 
    into
        faculty_directory_entries
        (category, email, name, position, profile_url, thesis_level, thesis_status, id) 
    values
        (?, ?, ?, ?, ?, ?, ?, default)
2026-09-04T19:20:02.632+06:00 DEBUG 4068 --- [campusconnect-backend] [  restartedMain] org.hibernate.SQL                        : 
    insert 
    into
        faculty_directory_entries
        (category, email, name, position, profile_url, thesis_level, thesis_status, id) 
    values
        (?, ?, ?, ?, ?, ?, ?, default)
Hibernate: 
    insert 
    into
        faculty_directory_entries
        (category, email, name, position, profile_url, thesis_level, thesis_status, id) 
    values
        (?, ?, ?, ?, ?, ?, ?, default)
2026-09-04T19:20:02.632+06:00 DEBUG 4068 --- [campusconnect-backend] [  restartedMain] org.hibernate.SQL                        : 
    insert 
    into
        faculty_directory_entries
        (category, email, name, position, profile_url, thesis_level, thesis_status, id) 
    values
        (?, ?, ?, ?, ?, ?, ?, default)
Hibernate: 
    insert 
    into
        faculty_directory_entries
        (category, email, name, position, profile_url, thesis_level, thesis_status, id) 
    values
        (?, ?, ?, ?, ?, ?, ?, default)
2026-09-04T19:20:02.633+06:00 DEBUG 4068 --- [campusconnect-backend] [  restartedMain] org.hibernate.SQL                        : 
    insert 
    into
        faculty_directory_entries
        (category, email, name, position, profile_url, thesis_level, thesis_status, id) 
    values
        (?, ?, ?, ?, ?, ?, ?, default)
Hibernate: 
    insert 
    into
        faculty_directory_entries
        (category, email, name, position, profile_url, thesis_level, thesis_status, id) 
    values
        (?, ?, ?, ?, ?, ?, ?, default)
2026-09-04T19:20:02.634+06:00 DEBUG 4068 --- [campusconnect-backend] [  restartedMain] org.hibernate.SQL                        : 
    insert 
    into
        faculty_directory_entries
        (category, email, name, position, profile_url, thesis_level, thesis_status, id) 
    values
        (?, ?, ?, ?, ?, ?, ?, default)
Hibernate: 
    insert 
    into
        faculty_directory_entries
        (category, email, name, position, profile_url, thesis_level, thesis_status, id) 
    values
        (?, ?, ?, ?, ?, ?, ?, default)
2026-09-04T19:20:02.635+06:00 DEBUG 4068 --- [campusconnect-backend] [  restartedMain] org.hibernate.SQL                        : 
    insert 
    into
        faculty_directory_entries
        (category, email, name, position, profile_url, thesis_level, thesis_status, id) 
    values
        (?, ?, ?, ?, ?, ?, ?, default)
Hibernate: 
    insert 
    into
        faculty_directory_entries
        (category, email, name, position, profile_url, thesis_level, thesis_status, id) 
    values
        (?, ?, ?, ?, ?, ?, ?, default)
2026-09-04T19:20:02.635+06:00 DEBUG 4068 --- [campusconnect-backend] [  restartedMain] org.hibernate.SQL                        : 
    insert 
    into
        faculty_directory_entries
        (category, email, name, position, profile_url, thesis_level, thesis_status, id) 
    values
        (?, ?, ?, ?, ?, ?, ?, default)
Hibernate: 
    insert 
    into
        faculty_directory_entries
        (category, email, name, position, profile_url, thesis_level, thesis_status, id) 
    values
        (?, ?, ?, ?, ?, ?, ?, default)
2026-09-04T19:20:02.636+06:00 DEBUG 4068 --- [campusconnect-backend] [  restartedMain] org.hibernate.SQL                        : 
    insert 
    into
        faculty_directory_entries
        (category, email, name, position, profile_url, thesis_level, thesis_status, id) 
    values
        (?, ?, ?, ?, ?, ?, ?, default)
Hibernate: 
    insert 
    into
        faculty_directory_entries
        (category, email, name, position, profile_url, thesis_level, thesis_status, id) 
    values
        (?, ?, ?, ?, ?, ?, ?, default)
2026-09-04T19:20:02.637+06:00 DEBUG 4068 --- [campusconnect-backend] [  restartedMain] org.hibernate.SQL                        : 
    insert 
    into
        faculty_directory_entries
        (category, email, name, position, profile_url, thesis_level, thesis_status, id) 
    values
        (?, ?, ?, ?, ?, ?, ?, default)
Hibernate: 
    insert 
    into
        faculty_directory_entries
        (category, email, name, position, profile_url, thesis_level, thesis_status, id) 
    values
        (?, ?, ?, ?, ?, ?, ?, default)
2026-09-04T19:20:02.639+06:00 DEBUG 4068 --- [campusconnect-backend] [  restartedMain] org.hibernate.SQL                        : 
    insert 
    into
        faculty_directory_entries
        (category, email, name, position, profile_url, thesis_level, thesis_status, id) 
    values
        (?, ?, ?, ?, ?, ?, ?, default)
Hibernate: 
    insert 
    into
        faculty_directory_entries
        (category, email, name, position, profile_url, thesis_level, thesis_status, id) 
    values
        (?, ?, ?, ?, ?, ?, ?, default)
2026-09-04T19:20:02.640+06:00 DEBUG 4068 --- [campusconnect-backend] [  restartedMain] org.hibernate.SQL                        : 
    insert 
    into
        faculty_directory_entries
        (category, email, name, position, profile_url, thesis_level, thesis_status, id) 
    values
        (?, ?, ?, ?, ?, ?, ?, default)
Hibernate: 
    insert 
    into
        faculty_directory_entries
        (category, email, name, position, profile_url, thesis_level, thesis_status, id) 
    values
        (?, ?, ?, ?, ?, ?, ?, default)
2026-09-04T19:20:02.641+06:00 DEBUG 4068 --- [campusconnect-backend] [  restartedMain] org.hibernate.SQL                        : 
    insert 
    into
        faculty_directory_entries
        (category, email, name, position, profile_url, thesis_level, thesis_status, id) 
    values
        (?, ?, ?, ?, ?, ?, ?, default)
Hibernate: 
    insert 
    into
        faculty_directory_entries
        (category, email, name, position, profile_url, thesis_level, thesis_status, id) 
    values
        (?, ?, ?, ?, ?, ?, ?, default)
2026-09-04T19:20:02.642+06:00 DEBUG 4068 --- [campusconnect-backend] [  restartedMain] org.hibernate.SQL                        : 
    insert 
    into
        faculty_directory_entries
        (category, email, name, position, profile_url, thesis_level, thesis_status, id) 
    values
        (?, ?, ?, ?, ?, ?, ?, default)
Hibernate: 
    insert 
    into
        faculty_directory_entries
        (category, email, name, position, profile_url, thesis_level, thesis_status, id) 
    values
        (?, ?, ?, ?, ?, ?, ?, default)
2026-09-04T19:20:02.643+06:00 DEBUG 4068 --- [campusconnect-backend] [  restartedMain] org.hibernate.SQL                        : 
    insert 
    into
        faculty_directory_entries
        (category, email, name, position, profile_url, thesis_level, thesis_status, id) 
    values
        (?, ?, ?, ?, ?, ?, ?, default)
Hibernate: 
    insert 
    into
        faculty_directory_entries
        (category, email, name, position, profile_url, thesis_level, thesis_status, id) 
    values
        (?, ?, ?, ?, ?, ?, ?, default)
2026-09-04T19:20:02.644+06:00 DEBUG 4068 --- [campusconnect-backend] [  restartedMain] org.hibernate.SQL                        : 
    insert 
    into
        faculty_directory_entries
        (category, email, name, position, profile_url, thesis_level, thesis_status, id) 
    values
        (?, ?, ?, ?, ?, ?, ?, default)
Hibernate: 
    insert 
    into
        faculty_directory_entries
        (category, email, name, position, profile_url, thesis_level, thesis_status, id) 
    values
        (?, ?, ?, ?, ?, ?, ?, default)
2026-09-04T19:20:02.645+06:00 DEBUG 4068 --- [campusconnect-backend] [  restartedMain] org.hibernate.SQL                        : 
    insert 
    into
        faculty_directory_entries
        (category, email, name, position, profile_url, thesis_level, thesis_status, id) 
    values
        (?, ?, ?, ?, ?, ?, ?, default)
Hibernate: 
    insert 
    into
        faculty_directory_entries
        (category, email, name, position, profile_url, thesis_level, thesis_status, id) 
    values
        (?, ?, ?, ?, ?, ?, ?, default)
2026-09-04T19:20:02.646+06:00 DEBUG 4068 --- [campusconnect-backend] [  restartedMain] org.hibernate.SQL                        : 
    insert 
    into
        faculty_directory_entries
        (category, email, name, position, profile_url, thesis_level, thesis_status, id) 
    values
        (?, ?, ?, ?, ?, ?, ?, default)
Hibernate: 
    insert 
    into
        faculty_directory_entries
        (category, email, name, position, profile_url, thesis_level, thesis_status, id) 
    values
        (?, ?, ?, ?, ?, ?, ?, default)
2026-09-04T19:20:02.648+06:00 DEBUG 4068 --- [campusconnect-backend] [  restartedMain] org.hibernate.SQL                        : 
    insert 
    into
        faculty_directory_entries
        (category, email, name, position, profile_url, thesis_level, thesis_status, id) 
    values
        (?, ?, ?, ?, ?, ?, ?, default)
Hibernate: 
    insert 
    into
        faculty_directory_entries
        (category, email, name, position, profile_url, thesis_level, thesis_status, id) 
    values
        (?, ?, ?, ?, ?, ?, ?, default)
2026-09-04T19:20:02.649+06:00 DEBUG 4068 --- [campusconnect-backend] [  restartedMain] org.hibernate.SQL                        : 
    insert 
    into
        faculty_directory_entries
        (category, email, name, position, profile_url, thesis_level, thesis_status, id) 
    values
        (?, ?, ?, ?, ?, ?, ?, default)
Hibernate: 
    insert 
    into
        faculty_directory_entries
        (category, email, name, position, profile_url, thesis_level, thesis_status, id) 
    values
        (?, ?, ?, ?, ?, ?, ?, default)
2026-09-04T19:20:02.650+06:00 DEBUG 4068 --- [campusconnect-backend] [  restartedMain] org.hibernate.SQL                        : 
    insert 
    into
        faculty_directory_entries
        (category, email, name, position, profile_url, thesis_level, thesis_status, id) 
    values
        (?, ?, ?, ?, ?, ?, ?, default)
Hibernate: 
    insert 
    into
        faculty_directory_entries
        (category, email, name, position, profile_url, thesis_level, thesis_status, id) 
    values
        (?, ?, ?, ?, ?, ?, ?, default)
2026-09-04T19:20:02.651+06:00 DEBUG 4068 --- [campusconnect-backend] [  restartedMain] org.hibernate.SQL                        : 
    insert 
    into
        faculty_directory_entries
        (category, email, name, position, profile_url, thesis_level, thesis_status, id) 
    values
        (?, ?, ?, ?, ?, ?, ?, default)
Hibernate: 
    insert 
    into
        faculty_directory_entries
        (category, email, name, position, profile_url, thesis_level, thesis_status, id) 
    values
        (?, ?, ?, ?, ?, ?, ?, default)
2026-09-04T19:20:02.652+06:00 DEBUG 4068 --- [campusconnect-backend] [  restartedMain] org.hibernate.SQL                        : 
    insert 
    into
        faculty_directory_entries
        (category, email, name, position, profile_url, thesis_level, thesis_status, id) 
    values
        (?, ?, ?, ?, ?, ?, ?, default)
Hibernate: 
    insert 
    into
        faculty_directory_entries
        (category, email, name, position, profile_url, thesis_level, thesis_status, id) 
    values
        (?, ?, ?, ?, ?, ?, ?, default)
2026-09-04T19:20:02.653+06:00 DEBUG 4068 --- [campusconnect-backend] [  restartedMain] org.hibernate.SQL                        : 
    insert 
    into
        faculty_directory_entries
        (category, email, name, position, profile_url, thesis_level, thesis_status, id) 
    values
        (?, ?, ?, ?, ?, ?, ?, default)
Hibernate: 
    insert 
    into
        faculty_directory_entries
        (category, email, name, position, profile_url, thesis_level, thesis_status, id) 
    values
        (?, ?, ?, ?, ?, ?, ?, default)
2026-09-04T19:20:02.654+06:00 DEBUG 4068 --- [campusconnect-backend] [  restartedMain] org.hibernate.SQL                        : 
    insert 
    into
        faculty_directory_entries
        (category, email, name, position, profile_url, thesis_level, thesis_status, id) 
    values
        (?, ?, ?, ?, ?, ?, ?, default)
Hibernate: 
    insert 
    into
        faculty_directory_entries
        (category, email, name, position, profile_url, thesis_level, thesis_status, id) 
    values
        (?, ?, ?, ?, ?, ?, ?, default)
2026-09-04T19:20:02.655+06:00 DEBUG 4068 --- [campusconnect-backend] [  restartedMain] org.hibernate.SQL                        : 
    insert 
    into
        faculty_directory_entries
        (category, email, name, position, profile_url, thesis_level, thesis_status, id) 
    values
        (?, ?, ?, ?, ?, ?, ?, default)
Hibernate: 
    insert 
    into
        faculty_directory_entries
        (category, email, name, position, profile_url, thesis_level, thesis_status, id) 
    values
        (?, ?, ?, ?, ?, ?, ?, default)
2026-09-04T19:20:02.656+06:00 DEBUG 4068 --- [campusconnect-backend] [  restartedMain] org.hibernate.SQL                        : 
    insert 
    into
        faculty_directory_entries
        (category, email, name, position, profile_url, thesis_level, thesis_status, id) 
    values
        (?, ?, ?, ?, ?, ?, ?, default)
Hibernate: 
    insert 
    into
        faculty_directory_entries
        (category, email, name, position, profile_url, thesis_level, thesis_status, id) 
    values
        (?, ?, ?, ?, ?, ?, ?, default)
2026-09-04T19:20:02.657+06:00 DEBUG 4068 --- [campusconnect-backend] [  restartedMain] org.hibernate.SQL                        : 
    insert 
    into
        faculty_directory_entries
        (category, email, name, position, profile_url, thesis_level, thesis_status, id) 
    values
        (?, ?, ?, ?, ?, ?, ?, default)
Hibernate: 
    insert 
    into
        faculty_directory_entries
        (category, email, name, position, profile_url, thesis_level, thesis_status, id) 
    values
        (?, ?, ?, ?, ?, ?, ?, default)
2026-09-04T19:20:02.658+06:00 DEBUG 4068 --- [campusconnect-backend] [  restartedMain] org.hibernate.SQL                        : 
    insert 
    into
        faculty_directory_entries
        (category, email, name, position, profile_url, thesis_level, thesis_status, id) 
    values
        (?, ?, ?, ?, ?, ?, ?, default)
Hibernate: 
    insert 
    into
        faculty_directory_entries
        (category, email, name, position, profile_url, thesis_level, thesis_status, id) 
    values
        (?, ?, ?, ?, ?, ?, ?, default)
2026-09-04T19:20:02.659+06:00 DEBUG 4068 --- [campusconnect-backend] [  restartedMain] org.hibernate.SQL                        : 
    insert 
    into
        faculty_directory_entries
        (category, email, name, position, profile_url, thesis_level, thesis_status, id) 
    values
        (?, ?, ?, ?, ?, ?, ?, default)
Hibernate: 
    insert 
    into
        faculty_directory_entries
        (category, email, name, position, profile_url, thesis_level, thesis_status, id) 
    values
        (?, ?, ?, ?, ?, ?, ?, default)
2026-09-04T19:20:02.661+06:00 DEBUG 4068 --- [campusconnect-backend] [  restartedMain] org.hibernate.SQL                        : 
    insert 
    into
        faculty_directory_entries
        (category, email, name, position, profile_url, thesis_level, thesis_status, id) 
    values
        (?, ?, ?, ?, ?, ?, ?, default)
Hibernate: 
    insert 
    into
        faculty_directory_entries
        (category, email, name, position, profile_url, thesis_level, thesis_status, id) 
    values
        (?, ?, ?, ?, ?, ?, ?, default)
2026-09-04T19:20:02.662+06:00 DEBUG 4068 --- [campusconnect-backend] [  restartedMain] org.hibernate.SQL                        : 
    insert 
    into
        faculty_directory_entries
        (category, email, name, position, profile_url, thesis_level, thesis_status, id) 
    values
        (?, ?, ?, ?, ?, ?, ?, default)
Hibernate: 
    insert 
    into
        faculty_directory_entries
        (category, email, name, position, profile_url, thesis_level, thesis_status, id) 
    values
        (?, ?, ?, ?, ?, ?, ?, default)
2026-09-04T19:20:02.663+06:00 DEBUG 4068 --- [campusconnect-backend] [  restartedMain] org.hibernate.SQL                        : 
    insert 
    into
        faculty_directory_entries
        (category, email, name, position, profile_url, thesis_level, thesis_status, id) 
    values
        (?, ?, ?, ?, ?, ?, ?, default)
Hibernate: 
    insert 
    into
        faculty_directory_entries
        (category, email, name, position, profile_url, thesis_level, thesis_status, id) 
    values
        (?, ?, ?, ?, ?, ?, ?, default)
2026-09-04T19:20:02.664+06:00 DEBUG 4068 --- [campusconnect-backend] [  restartedMain] org.hibernate.SQL                        : 
    insert 
    into
        faculty_directory_entries
        (category, email, name, position, profile_url, thesis_level, thesis_status, id) 
    values
        (?, ?, ?, ?, ?, ?, ?, default)
Hibernate: 
    insert 
    into
        faculty_directory_entries
        (category, email, name, position, profile_url, thesis_level, thesis_status, id) 
    values
        (?, ?, ?, ?, ?, ?, ?, default)
2026-09-04T19:20:02.664+06:00 DEBUG 4068 --- [campusconnect-backend] [  restartedMain] org.hibernate.SQL                        : 
    insert 
    into
        faculty_directory_entries
        (category, email, name, position, profile_url, thesis_level, thesis_status, id) 
    values
        (?, ?, ?, ?, ?, ?, ?, default)
Hibernate: 
    insert 
    into
        faculty_directory_entries
        (category, email, name, position, profile_url, thesis_level, thesis_status, id) 
    values
        (?, ?, ?, ?, ?, ?, ?, default)
2026-09-04T19:20:02.665+06:00 DEBUG 4068 --- [campusconnect-backend] [  restartedMain] org.hibernate.SQL                        : 
    insert 
    into
        faculty_directory_entries
        (category, email, name, position, profile_url, thesis_level, thesis_status, id) 
    values
        (?, ?, ?, ?, ?, ?, ?, default)
Hibernate: 
    insert 
    into
        faculty_directory_entries
        (category, email, name, position, profile_url, thesis_level, thesis_status, id) 
    values
        (?, ?, ?, ?, ?, ?, ?, default)
2026-09-04T19:20:02.665+06:00 DEBUG 4068 --- [campusconnect-backend] [  restartedMain] org.hibernate.SQL                        : 
    insert 
    into
        faculty_directory_entries
        (category, email, name, position, profile_url, thesis_level, thesis_status, id) 
    values
        (?, ?, ?, ?, ?, ?, ?, default)
Hibernate: 
    insert 
    into
        faculty_directory_entries
        (category, email, name, position, profile_url, thesis_level, thesis_status, id) 
    values
        (?, ?, ?, ?, ?, ?, ?, default)
2026-09-04T19:20:02.667+06:00 DEBUG 4068 --- [campusconnect-backend] [  restartedMain] org.hibernate.SQL                        : 
    insert 
    into
        faculty_directory_entries
        (category, email, name, position, profile_url, thesis_level, thesis_status, id) 
    values
        (?, ?, ?, ?, ?, ?, ?, default)
Hibernate: 
    insert 
    into
        faculty_directory_entries
        (category, email, name, position, profile_url, thesis_level, thesis_status, id) 
    values
        (?, ?, ?, ?, ?, ?, ?, default)
2026-09-04T19:20:02.668+06:00 DEBUG 4068 --- [campusconnect-backend] [  restartedMain] org.hibernate.SQL                        : 
    insert 
    into
        faculty_directory_entries
        (category, email, name, position, profile_url, thesis_level, thesis_status, id) 
    values
        (?, ?, ?, ?, ?, ?, ?, default)
Hibernate: 
    insert 
    into
        faculty_directory_entries
        (category, email, name, position, profile_url, thesis_level, thesis_status, id) 
    values
        (?, ?, ?, ?, ?, ?, ?, default)
2026-09-04T19:20:02.669+06:00 DEBUG 4068 --- [campusconnect-backend] [  restartedMain] org.hibernate.SQL                        : 
    insert 
    into
        faculty_directory_entries
        (category, email, name, position, profile_url, thesis_level, thesis_status, id) 
    values
        (?, ?, ?, ?, ?, ?, ?, default)
Hibernate: 
    insert 
    into
        faculty_directory_entries
        (category, email, name, position, profile_url, thesis_level, thesis_status, id) 
    values
        (?, ?, ?, ?, ?, ?, ?, default)
2026-09-04T19:20:02.669+06:00 DEBUG 4068 --- [campusconnect-backend] [  restartedMain] org.hibernate.SQL                        : 
    insert 
    into
        faculty_directory_entries
        (category, email, name, position, profile_url, thesis_level, thesis_status, id) 
    values
        (?, ?, ?, ?, ?, ?, ?, default)
Hibernate: 
    insert 
    into
        faculty_directory_entries
        (category, email, name, position, profile_url, thesis_level, thesis_status, id) 
    values
        (?, ?, ?, ?, ?, ?, ?, default)
2026-09-04T19:20:02.670+06:00 DEBUG 4068 --- [campusconnect-backend] [  restartedMain] org.hibernate.SQL                        : 
    insert 
    into
        faculty_directory_entries
        (category, email, name, position, profile_url, thesis_level, thesis_status, id) 
    values
        (?, ?, ?, ?, ?, ?, ?, default)
Hibernate: 
    insert 
    into
        faculty_directory_entries
        (category, email, name, position, profile_url, thesis_level, thesis_status, id) 
    values
        (?, ?, ?, ?, ?, ?, ?, default)
2026-09-04T19:20:02.670+06:00 DEBUG 4068 --- [campusconnect-backend] [  restartedMain] org.hibernate.SQL                        : 
    insert 
    into
        faculty_directory_entries
        (category, email, name, position, profile_url, thesis_level, thesis_status, id) 
    values
        (?, ?, ?, ?, ?, ?, ?, default)
Hibernate: 
    insert 
    into
        faculty_directory_entries
        (category, email, name, position, profile_url, thesis_level, thesis_status, id) 
    values
        (?, ?, ?, ?, ?, ?, ?, default)
2026-09-04T19:20:02.672+06:00 DEBUG 4068 --- [campusconnect-backend] [  restartedMain] org.hibernate.SQL                        : 
    insert 
    into
        faculty_directory_entries
        (category, email, name, position, profile_url, thesis_level, thesis_status, id) 
    values
        (?, ?, ?, ?, ?, ?, ?, default)
Hibernate: 
    insert 
    into
        faculty_directory_entries
        (category, email, name, position, profile_url, thesis_level, thesis_status, id) 
    values
        (?, ?, ?, ?, ?, ?, ?, default)
2026-09-04T19:20:02.673+06:00 DEBUG 4068 --- [campusconnect-backend] [  restartedMain] org.hibernate.SQL                        : 
    insert 
    into
        faculty_directory_entries
        (category, email, name, position, profile_url, thesis_level, thesis_status, id) 
    values
        (?, ?, ?, ?, ?, ?, ?, default)
Hibernate: 
    insert 
    into
        faculty_directory_entries
        (category, email, name, position, profile_url, thesis_level, thesis_status, id) 
    values
        (?, ?, ?, ?, ?, ?, ?, default)
2026-09-04T19:20:02.674+06:00 DEBUG 4068 --- [campusconnect-backend] [  restartedMain] org.hibernate.SQL                        : 
    insert 
    into
        faculty_directory_entries
        (category, email, name, position, profile_url, thesis_level, thesis_status, id) 
    values
        (?, ?, ?, ?, ?, ?, ?, default)
Hibernate: 
    insert 
    into
        faculty_directory_entries
        (category, email, name, position, profile_url, thesis_level, thesis_status, id) 
    values
        (?, ?, ?, ?, ?, ?, ?, default)
2026-09-04T19:20:02.675+06:00 DEBUG 4068 --- [campusconnect-backend] [  restartedMain] org.hibernate.SQL                        : 
    insert 
    into
        faculty_directory_entries
        (category, email, name, position, profile_url, thesis_level, thesis_status, id) 
    values
        (?, ?, ?, ?, ?, ?, ?, default)
Hibernate: 
    insert 
    into
        faculty_directory_entries
        (category, email, name, position, profile_url, thesis_level, thesis_status, id) 
    values
        (?, ?, ?, ?, ?, ?, ?, default)
2026-09-04T19:20:02.675+06:00 DEBUG 4068 --- [campusconnect-backend] [  restartedMain] org.hibernate.SQL                        : 
    insert 
    into
        faculty_directory_entries
        (category, email, name, position, profile_url, thesis_level, thesis_status, id) 
    values
        (?, ?, ?, ?, ?, ?, ?, default)
Hibernate: 
    insert 
    into
        faculty_directory_entries
        (category, email, name, position, profile_url, thesis_level, thesis_status, id) 
    values
        (?, ?, ?, ?, ?, ?, ?, default)
2026-09-04T19:20:02.676+06:00 DEBUG 4068 --- [campusconnect-backend] [  restartedMain] org.hibernate.SQL                        : 
    insert 
    into
        faculty_directory_entries
        (category, email, name, position, profile_url, thesis_level, thesis_status, id) 
    values
        (?, ?, ?, ?, ?, ?, ?, default)
Hibernate: 
    insert 
    into
        faculty_directory_entries
        (category, email, name, position, profile_url, thesis_level, thesis_status, id) 
    values
        (?, ?, ?, ?, ?, ?, ?, default)
2026-09-04T19:20:02.677+06:00 DEBUG 4068 --- [campusconnect-backend] [  restartedMain] org.hibernate.SQL                        : 
    insert 
    into
        faculty_directory_entries
        (category, email, name, position, profile_url, thesis_level, thesis_status, id) 
    values
        (?, ?, ?, ?, ?, ?, ?, default)
Hibernate: 
    insert 
    into
        faculty_directory_entries
        (category, email, name, position, profile_url, thesis_level, thesis_status, id) 
    values
        (?, ?, ?, ?, ?, ?, ?, default)
2026-09-04T19:20:02.677+06:00 DEBUG 4068 --- [campusconnect-backend] [  restartedMain] org.hibernate.SQL                        : 
    insert 
    into
        faculty_directory_entries
        (category, email, name, position, profile_url, thesis_level, thesis_status, id) 
    values
        (?, ?, ?, ?, ?, ?, ?, default)
Hibernate: 
    insert 
    into
        faculty_directory_entries
        (category, email, name, position, profile_url, thesis_level, thesis_status, id) 
    values
        (?, ?, ?, ?, ?, ?, ?, default)
2026-09-04T19:20:02.678+06:00 DEBUG 4068 --- [campusconnect-backend] [  restartedMain] org.hibernate.SQL                        : 
    insert 
    into
        faculty_directory_entries
        (category, email, name, position, profile_url, thesis_level, thesis_status, id) 
    values
        (?, ?, ?, ?, ?, ?, ?, default)
Hibernate: 
    insert 
    into
        faculty_directory_entries
        (category, email, name, position, profile_url, thesis_level, thesis_status, id) 
    values
        (?, ?, ?, ?, ?, ?, ?, default)
2026-09-04T19:20:02.678+06:00 DEBUG 4068 --- [campusconnect-backend] [  restartedMain] org.hibernate.SQL                        : 
    insert 
    into
        faculty_directory_entries
        (category, email, name, position, profile_url, thesis_level, thesis_status, id) 
    values
        (?, ?, ?, ?, ?, ?, ?, default)
Hibernate: 
    insert 
    into
        faculty_directory_entries
        (category, email, name, position, profile_url, thesis_level, thesis_status, id) 
    values
        (?, ?, ?, ?, ?, ?, ?, default)
2026-09-04T19:20:02.679+06:00 DEBUG 4068 --- [campusconnect-backend] [  restartedMain] org.hibernate.SQL                        : 
    insert 
    into
        faculty_directory_entries
        (category, email, name, position, profile_url, thesis_level, thesis_status, id) 
    values
        (?, ?, ?, ?, ?, ?, ?, default)
Hibernate: 
    insert 
    into
        faculty_directory_entries
        (category, email, name, position, profile_url, thesis_level, thesis_status, id) 
    values
        (?, ?, ?, ?, ?, ?, ?, default)
2026-09-04T19:20:02.679+06:00 DEBUG 4068 --- [campusconnect-backend] [  restartedMain] org.hibernate.SQL                        : 
    insert 
    into
        faculty_directory_entries
        (category, email, name, position, profile_url, thesis_level, thesis_status, id) 
    values
        (?, ?, ?, ?, ?, ?, ?, default)
Hibernate: 
    insert 
    into
        faculty_directory_entries
        (category, email, name, position, profile_url, thesis_level, thesis_status, id) 
    values
        (?, ?, ?, ?, ?, ?, ?, default)
2026-09-04T19:20:02.680+06:00 DEBUG 4068 --- [campusconnect-backend] [  restartedMain] org.hibernate.SQL                        : 
    insert 
    into
        faculty_directory_entries
        (category, email, name, position, profile_url, thesis_level, thesis_status, id) 
    values
        (?, ?, ?, ?, ?, ?, ?, default)
Hibernate: 
    insert 
    into
        faculty_directory_entries
        (category, email, name, position, profile_url, thesis_level, thesis_status, id) 
    values
        (?, ?, ?, ?, ?, ?, ?, default)
2026-09-04T19:20:02.681+06:00 DEBUG 4068 --- [campusconnect-backend] [  restartedMain] org.hibernate.SQL                        : 
    insert 
    into
        faculty_directory_entries
        (category, email, name, position, profile_url, thesis_level, thesis_status, id) 
    values
        (?, ?, ?, ?, ?, ?, ?, default)
Hibernate: 
    insert 
    into
        faculty_directory_entries
        (category, email, name, position, profile_url, thesis_level, thesis_status, id) 
    values
        (?, ?, ?, ?, ?, ?, ?, default)
2026-09-04T19:20:02.681+06:00 DEBUG 4068 --- [campusconnect-backend] [  restartedMain] org.hibernate.SQL                        : 
    insert 
    into
        faculty_directory_entries
        (category, email, name, position, profile_url, thesis_level, thesis_status, id) 
    values
        (?, ?, ?, ?, ?, ?, ?, default)
Hibernate: 
    insert 
    into
        faculty_directory_entries
        (category, email, name, position, profile_url, thesis_level, thesis_status, id) 
    values
        (?, ?, ?, ?, ?, ?, ?, default)
2026-09-04T19:20:02.682+06:00 DEBUG 4068 --- [campusconnect-backend] [  restartedMain] org.hibernate.SQL                        : 
    insert 
    into
        faculty_directory_entries
        (category, email, name, position, profile_url, thesis_level, thesis_status, id) 
    values
        (?, ?, ?, ?, ?, ?, ?, default)
Hibernate: 
    insert 
    into
        faculty_directory_entries
        (category, email, name, position, profile_url, thesis_level, thesis_status, id) 
    values
        (?, ?, ?, ?, ?, ?, ?, default)
2026-09-04T19:20:02.683+06:00 DEBUG 4068 --- [campusconnect-backend] [  restartedMain] org.hibernate.SQL                        : 
    insert 
    into
        faculty_directory_entries
        (category, email, name, position, profile_url, thesis_level, thesis_status, id) 
    values
        (?, ?, ?, ?, ?, ?, ?, default)
Hibernate: 
    insert 
    into
        faculty_directory_entries
        (category, email, name, position, profile_url, thesis_level, thesis_status, id) 
    values
        (?, ?, ?, ?, ?, ?, ?, default)
2026-09-04T19:20:02.683+06:00 DEBUG 4068 --- [campusconnect-backend] [  restartedMain] org.hibernate.SQL                        : 
    insert 
    into
        faculty_directory_entries
        (category, email, name, position, profile_url, thesis_level, thesis_status, id) 
    values
        (?, ?, ?, ?, ?, ?, ?, default)
Hibernate: 
    insert 
    into
        faculty_directory_entries
        (category, email, name, position, profile_url, thesis_level, thesis_status, id) 
    values
        (?, ?, ?, ?, ?, ?, ?, default)
2026-09-04T19:20:02.684+06:00 DEBUG 4068 --- [campusconnect-backend] [  restartedMain] org.hibernate.SQL                        : 
    insert 
    into
        faculty_directory_entries
        (category, email, name, position, profile_url, thesis_level, thesis_status, id) 
    values
        (?, ?, ?, ?, ?, ?, ?, default)
Hibernate: 
    insert 
    into
        faculty_directory_entries
        (category, email, name, position, profile_url, thesis_level, thesis_status, id) 
    values
        (?, ?, ?, ?, ?, ?, ?, default)
2026-09-04T19:20:02.685+06:00 DEBUG 4068 --- [campusconnect-backend] [  restartedMain] org.hibernate.SQL                        : 
    insert 
    into
        faculty_directory_entries
        (category, email, name, position, profile_url, thesis_level, thesis_status, id) 
    values
        (?, ?, ?, ?, ?, ?, ?, default)
Hibernate: 
    insert 
    into
        faculty_directory_entries
        (category, email, name, position, profile_url, thesis_level, thesis_status, id) 
    values
        (?, ?, ?, ?, ?, ?, ?, default)
2026-09-04T19:20:02.685+06:00 DEBUG 4068 --- [campusconnect-backend] [  restartedMain] org.hibernate.SQL                        : 
    insert 
    into
        faculty_directory_entries
        (category, email, name, position, profile_url, thesis_level, thesis_status, id) 
    values
        (?, ?, ?, ?, ?, ?, ?, default)
Hibernate: 
    insert 
    into
        faculty_directory_entries
        (category, email, name, position, profile_url, thesis_level, thesis_status, id) 
    values
        (?, ?, ?, ?, ?, ?, ?, default)
2026-09-04T19:20:02.686+06:00 DEBUG 4068 --- [campusconnect-backend] [  restartedMain] org.hibernate.SQL                        : 
    insert 
    into
        faculty_directory_entries
        (category, email, name, position, profile_url, thesis_level, thesis_status, id) 
    values
        (?, ?, ?, ?, ?, ?, ?, default)
Hibernate: 
    insert 
    into
        faculty_directory_entries
        (category, email, name, position, profile_url, thesis_level, thesis_status, id) 
    values
        (?, ?, ?, ?, ?, ?, ?, default)
2026-09-04T19:20:02.687+06:00 DEBUG 4068 --- [campusconnect-backend] [  restartedMain] org.hibernate.SQL                        : 
    insert 
    into
        faculty_directory_entries
        (category, email, name, position, profile_url, thesis_level, thesis_status, id) 
    values
        (?, ?, ?, ?, ?, ?, ?, default)
Hibernate: 
    insert 
    into
        faculty_directory_entries
        (category, email, name, position, profile_url, thesis_level, thesis_status, id) 
    values
        (?, ?, ?, ?, ?, ?, ?, default)
2026-09-04T19:20:02.687+06:00 DEBUG 4068 --- [campusconnect-backend] [  restartedMain] org.hibernate.SQL                        : 
    insert 
    into
        faculty_directory_entries
        (category, email, name, position, profile_url, thesis_level, thesis_status, id) 
    values
        (?, ?, ?, ?, ?, ?, ?, default)
Hibernate: 
    insert 
    into
        faculty_directory_entries
        (category, email, name, position, profile_url, thesis_level, thesis_status, id) 
    values
        (?, ?, ?, ?, ?, ?, ?, default)
2026-09-04T19:20:02.688+06:00 DEBUG 4068 --- [campusconnect-backend] [  restartedMain] org.hibernate.SQL                        : 
    insert 
    into
        faculty_directory_entries
        (category, email, name, position, profile_url, thesis_level, thesis_status, id) 
    values
        (?, ?, ?, ?, ?, ?, ?, default)
Hibernate: 
    insert 
    into
        faculty_directory_entries
        (category, email, name, position, profile_url, thesis_level, thesis_status, id) 
    values
        (?, ?, ?, ?, ?, ?, ?, default)
2026-09-04T19:20:02.689+06:00 DEBUG 4068 --- [campusconnect-backend] [  restartedMain] org.hibernate.SQL                        : 
    insert 
    into
        faculty_directory_entries
        (category, email, name, position, profile_url, thesis_level, thesis_status, id) 
    values
        (?, ?, ?, ?, ?, ?, ?, default)
Hibernate: 
    insert 
    into
        faculty_directory_entries
        (category, email, name, position, profile_url, thesis_level, thesis_status, id) 
    values
        (?, ?, ?, ?, ?, ?, ?, default)
2026-09-04T19:20:02.691+06:00 DEBUG 4068 --- [campusconnect-backend] [  restartedMain] org.hibernate.SQL                        : 
    insert 
    into
        faculty_directory_entries
        (category, email, name, position, profile_url, thesis_level, thesis_status, id) 
    values
        (?, ?, ?, ?, ?, ?, ?, default)
Hibernate: 
    insert 
    into
        faculty_directory_entries
        (category, email, name, position, profile_url, thesis_level, thesis_status, id) 
    values
        (?, ?, ?, ?, ?, ?, ?, default)
2026-09-04T19:20:02.692+06:00 DEBUG 4068 --- [campusconnect-backend] [  restartedMain] org.hibernate.SQL                        : 
    insert 
    into
        faculty_directory_entries
        (category, email, name, position, profile_url, thesis_level, thesis_status, id) 
    values
        (?, ?, ?, ?, ?, ?, ?, default)
Hibernate: 
    insert 
    into
        faculty_directory_entries
        (category, email, name, position, profile_url, thesis_level, thesis_status, id) 
    values
        (?, ?, ?, ?, ?, ?, ?, default)
2026-09-04T19:20:02.692+06:00 DEBUG 4068 --- [campusconnect-backend] [  restartedMain] org.hibernate.SQL                        : 
    insert 
    into
        faculty_directory_entries
        (category, email, name, position, profile_url, thesis_level, thesis_status, id) 
    values
        (?, ?, ?, ?, ?, ?, ?, default)
Hibernate: 
    insert 
    into
        faculty_directory_entries
        (category, email, name, position, profile_url, thesis_level, thesis_status, id) 
    values
        (?, ?, ?, ?, ?, ?, ?, default)
2026-09-04T19:20:02.693+06:00 DEBUG 4068 --- [campusconnect-backend] [  restartedMain] org.hibernate.SQL                        : 
    insert 
    into
        faculty_directory_entries
        (category, email, name, position, profile_url, thesis_level, thesis_status, id) 
    values
        (?, ?, ?, ?, ?, ?, ?, default)
Hibernate: 
    insert 
    into
        faculty_directory_entries
        (category, email, name, position, profile_url, thesis_level, thesis_status, id) 
    values
        (?, ?, ?, ?, ?, ?, ?, default)
2026-09-04T19:20:02.693+06:00 DEBUG 4068 --- [campusconnect-backend] [  restartedMain] org.hibernate.SQL                        : 
    insert 
    into
        faculty_directory_entries
        (category, email, name, position, profile_url, thesis_level, thesis_status, id) 
    values
        (?, ?, ?, ?, ?, ?, ?, default)
Hibernate: 
    insert 
    into
        faculty_directory_entries
        (category, email, name, position, profile_url, thesis_level, thesis_status, id) 
    values
        (?, ?, ?, ?, ?, ?, ?, default)
2026-09-04T19:20:02.695+06:00 DEBUG 4068 --- [campusconnect-backend] [  restartedMain] org.hibernate.SQL                        : 
    insert 
    into
        faculty_directory_entries
        (category, email, name, position, profile_url, thesis_level, thesis_status, id) 
    values
        (?, ?, ?, ?, ?, ?, ?, default)
Hibernate: 
    insert 
    into
        faculty_directory_entries
        (category, email, name, position, profile_url, thesis_level, thesis_status, id) 
    values
        (?, ?, ?, ?, ?, ?, ?, default)
2026-09-04T19:20:02.695+06:00 DEBUG 4068 --- [campusconnect-backend] [  restartedMain] org.hibernate.SQL                        : 
    insert 
    into
        faculty_directory_entries
        (category, email, name, position, profile_url, thesis_level, thesis_status, id) 
    values
        (?, ?, ?, ?, ?, ?, ?, default)
Hibernate: 
    insert 
    into
        faculty_directory_entries
        (category, email, name, position, profile_url, thesis_level, thesis_status, id) 
    values
        (?, ?, ?, ?, ?, ?, ?, default)
2026-09-04T19:20:02.696+06:00 DEBUG 4068 --- [campusconnect-backend] [  restartedMain] org.hibernate.SQL                        : 
    insert 
    into
        faculty_directory_entries
        (category, email, name, position, profile_url, thesis_level, thesis_status, id) 
    values
        (?, ?, ?, ?, ?, ?, ?, default)
Hibernate: 
    insert 
    into
        faculty_directory_entries
        (category, email, name, position, profile_url, thesis_level, thesis_status, id) 
    values
        (?, ?, ?, ?, ?, ?, ?, default)
2026-09-04T19:20:02.696+06:00 DEBUG 4068 --- [campusconnect-backend] [  restartedMain] org.hibernate.SQL                        : 
    insert 
    into
        faculty_directory_entries
        (category, email, name, position, profile_url, thesis_level, thesis_status, id) 
    values
        (?, ?, ?, ?, ?, ?, ?, default)
Hibernate: 
    insert 
    into
        faculty_directory_entries
        (category, email, name, position, profile_url, thesis_level, thesis_status, id) 
    values
        (?, ?, ?, ?, ?, ?, ?, default)
2026-09-04T19:20:02.696+06:00 DEBUG 4068 --- [campusconnect-backend] [  restartedMain] org.hibernate.SQL                        : 
    insert 
    into
        faculty_directory_entries
        (category, email, name, position, profile_url, thesis_level, thesis_status, id) 
    values
        (?, ?, ?, ?, ?, ?, ?, default)
Hibernate: 
    insert 
    into
        faculty_directory_entries
        (category, email, name, position, profile_url, thesis_level, thesis_status, id) 
    values
        (?, ?, ?, ?, ?, ?, ?, default)
2026-09-04T19:20:02.697+06:00 DEBUG 4068 --- [campusconnect-backend] [  restartedMain] org.hibernate.SQL                        : 
    insert 
    into
        faculty_directory_entries
        (category, email, name, position, profile_url, thesis_level, thesis_status, id) 
    values
        (?, ?, ?, ?, ?, ?, ?, default)
Hibernate: 
    insert 
    into
        faculty_directory_entries
        (category, email, name, position, profile_url, thesis_level, thesis_status, id) 
    values
        (?, ?, ?, ?, ?, ?, ?, default)
2026-09-04T19:20:02.697+06:00 DEBUG 4068 --- [campusconnect-backend] [  restartedMain] org.hibernate.SQL                        : 
    insert 
    into
        faculty_directory_entries
        (category, email, name, position, profile_url, thesis_level, thesis_status, id) 
    values
        (?, ?, ?, ?, ?, ?, ?, default)
Hibernate: 
    insert 
    into
        faculty_directory_entries
        (category, email, name, position, profile_url, thesis_level, thesis_status, id) 
    values
        (?, ?, ?, ?, ?, ?, ?, default)
2026-09-04T19:20:02.699+06:00 DEBUG 4068 --- [campusconnect-backend] [  restartedMain] org.hibernate.SQL                        : 
    insert 
    into
        faculty_directory_entries
        (category, email, name, position, profile_url, thesis_level, thesis_status, id) 
    values
        (?, ?, ?, ?, ?, ?, ?, default)
Hibernate: 
    insert 
    into
        faculty_directory_entries
        (category, email, name, position, profile_url, thesis_level, thesis_status, id) 
    values
        (?, ?, ?, ?, ?, ?, ?, default)
2026-09-04T19:20:02.699+06:00 DEBUG 4068 --- [campusconnect-backend] [  restartedMain] org.hibernate.SQL                        : 
    insert 
    into
        faculty_directory_entries
        (category, email, name, position, profile_url, thesis_level, thesis_status, id) 
    values
        (?, ?, ?, ?, ?, ?, ?, default)
Hibernate: 
    insert 
    into
        faculty_directory_entries
        (category, email, name, position, profile_url, thesis_level, thesis_status, id) 
    values
        (?, ?, ?, ?, ?, ?, ?, default)
2026-09-04T19:20:02.699+06:00 DEBUG 4068 --- [campusconnect-backend] [  restartedMain] org.hibernate.SQL                        : 
    insert 
    into
        faculty_directory_entries
        (category, email, name, position, profile_url, thesis_level, thesis_status, id) 
    values
        (?, ?, ?, ?, ?, ?, ?, default)
Hibernate: 
    insert 
    into
        faculty_directory_entries
        (category, email, name, position, profile_url, thesis_level, thesis_status, id) 
    values
        (?, ?, ?, ?, ?, ?, ?, default)
2026-09-04T19:20:02.701+06:00 DEBUG 4068 --- [campusconnect-backend] [  restartedMain] org.hibernate.SQL                        : 
    insert 
    into
        faculty_directory_entries
        (category, email, name, position, profile_url, thesis_level, thesis_status, id) 
    values
        (?, ?, ?, ?, ?, ?, ?, default)
Hibernate: 
    insert 
    into
        faculty_directory_entries
        (category, email, name, position, profile_url, thesis_level, thesis_status, id) 
    values
        (?, ?, ?, ?, ?, ?, ?, default)
2026-09-04T19:20:02.701+06:00 DEBUG 4068 --- [campusconnect-backend] [  restartedMain] org.hibernate.SQL                        : 
    insert 
    into
        faculty_directory_entries
        (category, email, name, position, profile_url, thesis_level, thesis_status, id) 
    values
        (?, ?, ?, ?, ?, ?, ?, default)
Hibernate: 
    insert 
    into
        faculty_directory_entries
        (category, email, name, position, profile_url, thesis_level, thesis_status, id) 
    values
        (?, ?, ?, ?, ?, ?, ?, default)
2026-09-04T19:20:02.702+06:00 DEBUG 4068 --- [campusconnect-backend] [  restartedMain] org.hibernate.SQL                        : 
    insert 
    into
        faculty_directory_entries
        (category, email, name, position, profile_url, thesis_level, thesis_status, id) 
    values
        (?, ?, ?, ?, ?, ?, ?, default)
Hibernate: 
    insert 
    into
        faculty_directory_entries
        (category, email, name, position, profile_url, thesis_level, thesis_status, id) 
    values
        (?, ?, ?, ?, ?, ?, ?, default)
2026-09-04T19:20:02.702+06:00 DEBUG 4068 --- [campusconnect-backend] [  restartedMain] org.hibernate.SQL                        : 
    insert 
    into
        faculty_directory_entries
        (category, email, name, position, profile_url, thesis_level, thesis_status, id) 
    values
        (?, ?, ?, ?, ?, ?, ?, default)
Hibernate: 
    insert 
    into
        faculty_directory_entries
        (category, email, name, position, profile_url, thesis_level, thesis_status, id) 
    values
        (?, ?, ?, ?, ?, ?, ?, default)
2026-09-04T19:20:02.702+06:00 DEBUG 4068 --- [campusconnect-backend] [  restartedMain] org.hibernate.SQL                        : 
    insert 
    into
        faculty_directory_entries
        (category, email, name, position, profile_url, thesis_level, thesis_status, id) 
    values
        (?, ?, ?, ?, ?, ?, ?, default)
Hibernate: 
    insert 
    into
        faculty_directory_entries
        (category, email, name, position, profile_url, thesis_level, thesis_status, id) 
    values
        (?, ?, ?, ?, ?, ?, ?, default)
2026-09-04T19:20:02.703+06:00 DEBUG 4068 --- [campusconnect-backend] [  restartedMain] org.hibernate.SQL                        : 
    insert 
    into
        faculty_directory_entries
        (category, email, name, position, profile_url, thesis_level, thesis_status, id) 
    values
        (?, ?, ?, ?, ?, ?, ?, default)
Hibernate: 
    insert 
    into
        faculty_directory_entries
        (category, email, name, position, profile_url, thesis_level, thesis_status, id) 
    values
        (?, ?, ?, ?, ?, ?, ?, default)
2026-09-04T19:20:02.705+06:00 DEBUG 4068 --- [campusconnect-backend] [  restartedMain] org.hibernate.SQL                        : 
    insert 
    into
        faculty_directory_entries
        (category, email, name, position, profile_url, thesis_level, thesis_status, id) 
    values
        (?, ?, ?, ?, ?, ?, ?, default)
Hibernate: 
    insert 
    into
        faculty_directory_entries
        (category, email, name, position, profile_url, thesis_level, thesis_status, id) 
    values
        (?, ?, ?, ?, ?, ?, ?, default)
2026-09-04T19:20:02.706+06:00 DEBUG 4068 --- [campusconnect-backend] [  restartedMain] org.hibernate.SQL                        : 
    insert 
    into
        faculty_directory_entries
        (category, email, name, position, profile_url, thesis_level, thesis_status, id) 
    values
        (?, ?, ?, ?, ?, ?, ?, default)
Hibernate: 
    insert 
    into
        faculty_directory_entries
        (category, email, name, position, profile_url, thesis_level, thesis_status, id) 
    values
        (?, ?, ?, ?, ?, ?, ?, default)
2026-09-04T19:20:02.739+06:00 DEBUG 4068 --- [campusconnect-backend] [  restartedMain] org.hibernate.SQL                        : 
    select
        count(*) 
    from
        payment_records pr1_0
Hibernate: 
    select
        count(*) 
    from
        payment_records pr1_0
2026-09-04T19:20:02.742+06:00  INFO 4068 --- [campusconnect-backend] [  restartedMain] c.c.backend.service.PaymentService       : Seeding initial student payment history records...
2026-09-04T19:20:02.744+06:00 DEBUG 4068 --- [campusconnect-backend] [  restartedMain] org.hibernate.SQL                        : 
    insert 
    into
        payment_records
        (amount_in_words, bank_name, created_at, department, gross_payable, items_json, net_payable, paid_at, payment_method, payment_status, receipt_number, semester_fee, student_id, student_name, term, total_course_fee, transaction_id, id) 
    values
        (?, ?, ?, ?, ?, ?, ?, ?, ?, ?, ?, ?, ?, ?, ?, ?, ?, default)
Hibernate: 
    insert 
    into
        payment_records
        (amount_in_words, bank_name, created_at, department, gross_payable, items_json, net_payable, paid_at, payment_method, payment_status, receipt_number, semester_fee, student_id, student_name, term, total_course_fee, transaction_id, id) 
    values
        (?, ?, ?, ?, ?, ?, ?, ?, ?, ?, ?, ?, ?, ?, ?, ?, ?, default)
2026-09-04T19:20:02.749+06:00 DEBUG 4068 --- [campusconnect-backend] [  restartedMain] org.hibernate.SQL                        : 
    insert 
    into
        payment_records
        (amount_in_words, bank_name, created_at, department, gross_payable, items_json, net_payable, paid_at, payment_method, payment_status, receipt_number, semester_fee, student_id, student_name, term, total_course_fee, transaction_id, id) 
    values
        (?, ?, ?, ?, ?, ?, ?, ?, ?, ?, ?, ?, ?, ?, ?, ?, ?, default)
Hibernate: 
    insert 
    into
        payment_records
        (amount_in_words, bank_name, created_at, department, gross_payable, items_json, net_payable, paid_at, payment_method, payment_status, receipt_number, semester_fee, student_id, student_name, term, total_course_fee, transaction_id, id) 
    values
        (?, ?, ?, ?, ?, ?, ?, ?, ?, ?, ?, ?, ?, ?, ?, ?, ?, default)
2026-09-04T19:20:02.751+06:00 DEBUG 4068 --- [campusconnect-backend] [  restartedMain] org.hibernate.SQL                        : 
    select
        count(*) 
    from
        payment_records pr1_0
Hibernate: 
    select
        count(*) 
    from
        payment_records pr1_0
2026-09-04T19:20:02.752+06:00  INFO 4068 --- [campusconnect-backend] [  restartedMain] c.c.backend.service.PaymentService       : Seeded 2 payment history records.
2026-09-04T19:20:02.891+06:00  WARN 4068 --- [campusconnect-backend] [  restartedMain] JpaBaseConfiguration$JpaWebConfiguration : spring.jpa.open-in-view is enabled by default. Therefore, database queries may be performed during view rendering. Explicitly configure spring.jpa.open-in-view to disable this warning
2026-09-04T19:20:02.929+06:00  WARN 4068 --- [campusconnect-backend] [  restartedMain] .s.s.UserDetailsServiceAutoConfiguration : 

Using generated security password: 384d081f-6dc0-4919-9d5d-ed16ad1907fc

This generated password is for development use only. Your security configuration must be updated before running your application in production.

2026-09-04T19:20:02.943+06:00  INFO 4068 --- [campusconnect-backend] [  restartedMain] r$InitializeUserDetailsManagerConfigurer : Global AuthenticationManager configured with UserDetailsService bean with name inMemoryUserDetailsManager
2026-09-04T19:20:03.383+06:00 DEBUG 4068 --- [campusconnect-backend] [  restartedMain] o.s.s.web.DefaultSecurityFilterChain     : Will secure any request with filters: DisableEncodeUrlFilter, WebAsyncManagerIntegrationFilter, SecurityContextHolderFilter, HeaderWriterFilter, CorsFilter, LogoutFilter, JwtAuthFilter, RequestCacheAwareFilter, SecurityContextHolderAwareRequestFilter, AnonymousAuthenticationFilter, SessionManagementFilter, ExceptionTranslationFilter, AuthorizationFilter
2026-09-04T19:20:04.009+06:00  WARN 4068 --- [campusconnect-backend] [  restartedMain] ConfigServletWebServerApplicationContext : Exception encountered during context initialization - cancelling refresh attempt: org.springframework.beans.factory.BeanCreationException: Error creating bean with name 'dataSourceScriptDatabaseInitializer' defined in class path resource [org/springframework/boot/autoconfigure/sql/init/DataSourceInitializationConfiguration.class]: Failed to execute SQL script statement #45 of class path resource [data.sql]: INSERT INTO exam_schedules (course_code, course_name, midterm_date, final_date) VALUES ('BTE401', 'BIOINFORMATICS', '2026-07-29 16:30:00', '2026-09-16 16:30:00'), ('BTE402', 'GMOS AND BIOSAFETY', '2026-08-02 11:00:00', '2026-09-19 11:00:00'), ('BTE403', 'DNA FINGERPRINTING AND MOLECULAR DIAGNOSTICS', '2026-07-30 14:00:00', '2026-09-17 14:00:00'), ('BTE404', 'BIOPROCESS TECHNOLOGY', '2026-07-30 08:30:00', '2026-09-17 08:30:00'), ('BTE405', 'ADVANCED IMMUNOLOGY', '2026-07-29 14:00:00', '2026-09-16 14:00:00'), ('BTE411', 'VIROLOGY AND ONCOLOGY', '2026-07-29 11:00:00', '2026-09-16 11:00:00'), ('BTE450', 'BIOTECH PROJECT', '2026-07-28 09:00:00', '2026-09-15 09:00:00'), ('BUS102', 'BUSINESS - BASICS, ETHICS AND ENVIRONMENT', '2026-07-26 16:30:00', '2026-09-13 16:30:00'), ('BUS201', 'BUSINESS COMMUNICATION', '2026-07-25 14:00:00', '2026-09-12 14:00:00'), ('BUS204', 'BUSINESS LAW AND CORPORATE GOVERNANCE', '2026-07-28 16:30:00', '2026-09-15 16:30:00'), ('BUS209', 'QUANTITATIVE METHODS IN BUSINESS AND ECONOMICS', '2026-07-30 11:00:00', '2026-09-17 11:00:00'), ('BUS221', 'PRINCIPLES OF ENTREPRENEURSHIP', '2026-07-29 08:30:00', '2026-09-16 08:30:00'), ('BUS232', 'RESEARCH METHODS AND BUSINESS ANALYTICS', '2026-07-30 14:00:00', '2026-09-17 14:00:00'), ('BUS301', 'INTERNATIONAL BUSINESS', '2026-07-28 08:30:00', '2026-09-15 08:30:00'), ('BUS421', 'VENTURE DEVELOPMENT', '2026-08-01 08:30:00', '2026-09-18 08:30:00'), ('BUS422', 'SMALL BUSINESS MANAGEMENT', '2026-08-02 08:30:00', '2026-09-19 08:30:00'), ('BUS490', 'INTERNSHIP', '2026-07-24 08:30:00', '2026-09-11 08:30:00'), ('CEE211', 'STRUCTURE I', '2026-07-27 11:00:00', '2026-09-14 11:00:00'), ('CEE212', 'STRUCTURE II', '2026-07-29 14:00:00', '2026-09-16 14:00:00'), ('CEE213', 'PLUMBING SERVICES', '2026-07-27 11:00:00', '2026-09-14 11:00:00'), ('CEE311', 'STRUCTURE III', '2026-07-27 14:00:00', '2026-09-14 14:00:00'), ('CEE312', 'STRUCTURE IV', '2026-07-27 14:00:00', '2026-09-14 14:00:00'), ('CEE411', 'STRUCTURE V', '2026-07-29 14:00:00', '2026-09-16 14:00:00'), ('CEE412', 'STRUCTURE VI', '2026-07-29 14:00:00', '2026-09-16 11:00:00'), ('CHE101', 'INTRODUCTION TO CHEMISTRY', '2026-07-29 14:00:00', '2026-09-16 14:00:00'), ('CHE110', 'PRINCIPLES OF CHEMISTRY', '2026-08-01 14:00:00', '2026-09-18 14:00:00'), ('CHN101', 'CHINESE LANGUAGE COURSE - LEVEL ONE', '2026-07-25 14:00:00', '2026-09-12 14:00:00'), ('CSE101', 'INTRODUCTION TO COMPUTER SCIENCE', '2026-07-25 11:00:00', '2026-09-12 11:00:00'), ('CSE103', 'INTRODUCTION TO COMPUTING', '2026-07-28 09:00:00', '2026-09-15 09:00:00'), ('CSE110', 'PROGRAMMING LANGUAGE I', '2026-07-26 08:30:00', '2026-09-13 08:30:00'), ('CSE111', 'PROGRAMMING LANGUAGE-II', '2026-07-26 11:00:00', '2026-09-13 11:00:00'), ('CSE161', 'COMPUTER PROGRAMMING', '2026-08-01 11:00:00', '2026-09-18 11:00:00'), ('CSE162', 'COMPUTER PROGRAMMING LABORATORY', '2026-07-28 09:00:00', '2026-09-15 09:00:00'), ('CSE220', 'DATA STRUCTURES', '2026-07-26 14:00:00', '2026-09-13 14:00:00'), ('CSE221', 'ALGORITHMS', '2026-07-26 08:30:00', '2026-09-13 08:30:00'), ('CSE230', 'DISCRETE MATHEMATICS', '2026-07-28 08:30:00', '2026-09-15 08:30:00'), ('CSE250', 'CIRCUITS AND ELECTRONICS', '2026-08-01 08:30:00', '2026-09-18 08:30:00'), ('CSE251', 'ELECTRONIC DEVICES AND CIRCUITS', '2026-07-25 16:30:00', '2026-09-12 16:30:00'), ('CSE260', 'DIGITAL LOGIC DESIGN', '2026-07-25 14:00:00', '2026-09-12 14:00:00'), ('CSE320', 'DATA COMMUNICATIONS', '2026-07-25 14:00:00', '2026-09-12 14:00:00'), ('CSE321', 'OPERATING SYSTEMS', '2026-07-30 14:00:00', '2026-09-17 14:00:00'), ('CSE330', 'NUMERICAL METHODS', '2026-07-29 11:00:00', '2026-09-16 11:00:00'), ('CSE331', 'AUTOMATA AND COMPUTABILITY', '2026-07-28 16:30:00', '2026-09-15 16:30:00'), ('CSE340', 'COMPUTER ARCHITECTURE', '2026-08-01 11:00:00', '2026-09-18 11:00:00'), ('CSE341', 'MICROPROCESSORS', '2026-07-27 16:30:00', '2026-09-14 16:30:00'), ('CSE350', 'DIGITAL ELECTRONICS AND PULSE TECHNIQUES', '2026-07-25 16:30:00', '2026-09-12 16:30:00'), ('CSE360', 'COMPUTER INTERFACING', '2026-07-27 16:30:00', '2026-09-14 16:30:00'), ('CSE370', 'DATABASE SYSTEMS', '2026-07-29 16:30:00', '2026-09-16 16:30:00'), ('CSE391', 'PROGRAMMING FOR THE INTERNET', '2026-07-26 11:00:00', '2026-09-13 11:00:00'), ('CSE400', 'PROJECT & THESIS', '2026-07-28 09:00:00', '2026-09-15 09:00:00'), ('CSE402', 'OPTIMIZATION', '2026-07-30 08:30:00', '2026-09-17 08:30:00'), ('CSE420', 'COMPILER DESIGN', '2026-07-28 14:00:00', '2026-09-15 14:00:00'), ('CSE421', 'COMPUTER NETWORKS', '2026-07-25 14:00:00', '2026-09-12 14:00:00'), ('CSE422', 'ARTIFICIAL INTELLIGENCE', '2026-07-30 11:00:00', '2026-09-17 11:00:00'), ('CSE423', 'COMPUTER GRAPHICS', '2026-07-26 16:30:00', '2026-09-13 16:30:00'), ('CSE424', 'PATTERN RECOGNITION', '2026-07-29 14:00:00', '2026-09-16 14:00:00'), ('CSE425', 'NEURAL NETWORKS', '2026-07-25 11:00:00', '2026-09-12 11:00:00'), ('CSE426', 'ADVANCED ALGORITHMS', '2026-07-27 11:00:00', '2026-09-14 11:00:00'), ('CSE427', 'MACHINE LEARNING', '2026-07-28 11:00:00', '2026-09-15 11:00:00'), ('CSE428', 'IMAGE PROCESSING', '2026-07-29 14:00:00', '2026-09-16 14:00:00'), ('CSE437', 'DATA SCIENCE: CODING WITH REAL WORLD DATA', '2026-07-28 11:00:00', '2026-09-15 11:00:00'), ('CSE440', 'NATURAL LANGUAGE PROCESSING II', '2026-07-25 11:00:00', '2026-09-12 11:00:00'), ('CSE443', 'BIOINFORMATICS I', '2026-07-29 08:30:00', '2026-09-16 08:30:00'), ('CSE446', 'BLOCKCHAIN AND CRYPTOCURRENCIES', '2026-07-30 11:00:00', '2026-09-17 11:00:00'), ('CSE447', 'CRYPTOGRAPHY AND CRYPTOANALYSIS', '2026-07-27 14:00:00', '2026-09-14 14:00:00'), ('CSE449', 'PARALLEL, DISTRIBUTED, AND HIGH-PERFORMANCE COMPUTING (HPC)', '2026-07-26 14:00:00', '2026-09-13 14:00:00'), ('CSE460', 'VLSI DESIGN', '2026-07-25 16:30:00', '2026-09-12 16:30:00'), ('CSE461', 'INTRODUCTION TO ROBOTICS', '2026-07-27 16:30:00', '2026-09-14 16:30:00'), ('CSE463', 'COMPUTER VISION: FUNDAMENTALS AND APPLICATIONS', '2026-07-30 16:30:00', '2026-09-17 16:30:00'), ('CSE470', 'SOFTWARE ENGINEERING', '2026-07-29 16:30:00', '2026-09-16 16:30:00'), ('CSE471', 'SYSTEM ANALYSIS AND DESIGN', '2026-07-29 14:00:00', '2026-09-16 14:00:00'), ('CSE472', 'HUMAN COMPUTER INTERFACE', '2026-07-30 14:00:00', '2026-09-17 14:00:00'), ('CSE481', 'QUANTUM COMPUTING I', '2026-07-26 16:30:00', '2026-09-13 16:30:00'), ('CSE489', 'ANDROID APP DEVELOPMENT', '2026-08-02 08:30:00', '2026-09-19 08:30:00'), ('CSE490A', 'GAMIFICATION: ENGINEERING USER ENGAGEMENT', '2026-07-25 14:00:00', '2026-09-12 14:00:00'), ('CSE490B', 'INTRODUCTION TO CYBERSECURITY', '2026-07-30 16:30:00', '2026-09-17 16:30:00'), ('CSE490D', 'INTRODUCTION TO FOOTBALL DATA AND ANALYTICS', '2026-07-29 08:30:00', '2026-09-16 08:30:00'), ('CST204', 'COMMUNICATION FOR SOCIAL CHANGE', '2026-07-30 14:00:00', '2026-09-17 14:00:00'), ('CST301', 'FOR THE LOVE OF FOOD', '2026-07-30 11:00:00', '2026-09-17 11:00:00'), ('CST302', 'THE PURSUIT OF WELLBEING', '2026-08-01 11:00:00', '2026-09-18 11:00:00'), ('CST303', 'LAW FOR LIFE', '2026-07-29 11:00:00', '2026-09-16 11:00:00'), ('CST304', 'DOCUMENTARY FILM: THEORY AND PRACTICE', '2026-07-29 16:30:00', '2026-09-16 16:30:00'), ('CST305', 'BORDERS AND BELONGING: PAST AND FUTURE', '2026-07-29 14:00:00', '2026-09-16 14:00:00'), ('CST306', 'ETHICAL LEADERSHIP', '2026-07-28 11:00:00', '2026-09-15 11:00:00'), ('CST307', 'ART, COMMUNITY AND THE FUTURE', '2026-07-27 11:00:00', '2026-09-14 11:00:00'), ('CST308', 'RELIGIOUS PLURALISM, RELIGIOUS FREEDOM, AND DIALOGUE IN THE MODERN WORLD', '2026-07-29 11:00:00', '2026-09-16 11:00:00'), ('CST309', 'GLOBAL CITIZENSHIP', '2026-07-28 11:00:00', '2026-09-15 11:00:00'), ('CST333', 'PERSONAL FINANCE FOR SUSTAINABLE ECONOMIC WELLBEING', '2026-08-01 08:30:00', '2026-09-18 08:30:00'), ('DEV104', 'FOUNDATIONS OF INTERNATIONAL DEVELOPMENT', '2026-07-27 11:00:00', '2026-09-14 11:00:00'), ('DEV310', 'THE BANGLADESH ECONOMY IN A GLOBALIZED WORLD', '2026-07-29 11:00:00', '2026-09-16 11:00:00'), ('DEV320', 'PROJECT PLANNING AND MANAGEMENT IN INTERNATIONAL DEVELOPMENT', '2026-07-28 11:00:00', '2026-09-15 11:00:00'), ('DMG101', 'DISASTER, HAZARD, AND RISK', '2026-07-28 14:00:00', '2026-09-15 14:00:00'), ('DMG104', 'PLANNING THEORY AND METHOD I: RISK MITIGATION PERSPECTIVE', '2026-07-29 11:00:00', '2026-09-16 11:00:00'), ('ECE101', 'ELECTRICAL CIRCUITS I', '2026-07-29 14:00:00', '2026-09-16 14:00:00'), ('ECE101L', 'ELECTRICAL CIRCUITS I LABORATORY', '2026-07-28 09:00:00', '2026-09-15 09:00:00'), ('ECE103', 'COMPUTER PROGRAMMING', '2026-08-01 08:30:00', '2026-09-18 08:30:00'), ('ECE203', 'ELECTRICAL CIRCUITS II', '2026-08-02 11:00:00', '2026-09-19 11:00:00'), ('ECE203L', 'ELECTRICAL CIRCUITS II LABORATORY', '2026-07-28 09:00:00', '2026-09-15 09:00:00'), ('ECE205', 'ELECTRONIC CIRCUITS I', '2026-07-30 11:00:00', '2026-09-17 11:00:00'), ('ECE205L', 'ELECTRONIC CIRCUITS I LABORATORY', '2026-07-28 09:00:00', '2026-09-15 09:00:00')
2026-09-04T19:20:04.019+06:00  INFO 4068 --- [campusconnect-backend] [  restartedMain] j.LocalContainerEntityManagerFactoryBean : Closing JPA EntityManagerFactory for persistence unit 'default'
2026-09-04T19:20:04.023+06:00 DEBUG 4068 --- [campusconnect-backend] [  restartedMain] org.hibernate.SQL                        : 
    drop table if exists advised_courses cascade 
Hibernate: 
    drop table if exists advised_courses cascade 
2026-09-04T19:20:04.026+06:00 DEBUG 4068 --- [campusconnect-backend] [  restartedMain] org.hibernate.SQL                        : 
    drop table if exists advising_portal_status cascade 
Hibernate: 
    drop table if exists advising_portal_status cascade 
2026-09-04T19:20:04.028+06:00 DEBUG 4068 --- [campusconnect-backend] [  restartedMain] org.hibernate.SQL                        : 
    drop table if exists advisor_available_days cascade 
Hibernate: 
    drop table if exists advisor_available_days cascade 
2026-09-04T19:20:04.028+06:00 DEBUG 4068 --- [campusconnect-backend] [  restartedMain] org.hibernate.SQL                        : 
    drop table if exists advisor_specialties cascade 
Hibernate: 
    drop table if exists advisor_specialties cascade 
2026-09-04T19:20:04.029+06:00 DEBUG 4068 --- [campusconnect-backend] [  restartedMain] org.hibernate.SQL                        : 
    drop table if exists advisors cascade 
Hibernate: 
    drop table if exists advisors cascade 
2026-09-04T19:20:04.030+06:00 DEBUG 4068 --- [campusconnect-backend] [  restartedMain] org.hibernate.SQL                        : 
    drop table if exists app_users cascade 
Hibernate: 
    drop table if exists app_users cascade 
2026-09-04T19:20:04.031+06:00 DEBUG 4068 --- [campusconnect-backend] [  restartedMain] org.hibernate.SQL                        : 
    drop table if exists assignments cascade 
Hibernate: 
    drop table if exists assignments cascade 
2026-09-04T19:20:04.033+06:00 DEBUG 4068 --- [campusconnect-backend] [  restartedMain] org.hibernate.SQL                        : 
    drop table if exists attendance_records cascade 
Hibernate: 
    drop table if exists attendance_records cascade 
2026-09-04T19:20:04.033+06:00 DEBUG 4068 --- [campusconnect-backend] [  restartedMain] org.hibernate.SQL                        : 
    drop table if exists chat_messages cascade 
Hibernate: 
    drop table if exists chat_messages cascade 
2026-09-04T19:20:04.034+06:00 DEBUG 4068 --- [campusconnect-backend] [  restartedMain] org.hibernate.SQL                        : 
    drop table if exists club_applications cascade 
Hibernate: 
    drop table if exists club_applications cascade 
2026-09-04T19:20:04.035+06:00 DEBUG 4068 --- [campusconnect-backend] [  restartedMain] org.hibernate.SQL                        : 
    drop table if exists club_notices cascade 
Hibernate: 
    drop table if exists club_notices cascade 
2026-09-04T19:20:04.035+06:00 DEBUG 4068 --- [campusconnect-backend] [  restartedMain] org.hibernate.SQL                        : 
    drop table if exists course_catalog cascade 
Hibernate: 
    drop table if exists course_catalog cascade 
2026-09-04T19:20:04.036+06:00 DEBUG 4068 --- [campusconnect-backend] [  restartedMain] org.hibernate.SQL                        : 
    drop table if exists course_channel_members cascade 
Hibernate: 
    drop table if exists course_channel_members cascade 
2026-09-04T19:20:04.037+06:00 DEBUG 4068 --- [campusconnect-backend] [  restartedMain] org.hibernate.SQL                        : 
    drop table if exists course_section cascade 
Hibernate: 
    drop table if exists course_section cascade 
2026-09-04T19:20:04.037+06:00 DEBUG 4068 --- [campusconnect-backend] [  restartedMain] org.hibernate.SQL                        : 
    drop table if exists exam_schedules cascade 
Hibernate: 
    drop table if exists exam_schedules cascade 
2026-09-04T19:20:04.038+06:00 DEBUG 4068 --- [campusconnect-backend] [  restartedMain] org.hibernate.SQL                        : 
    drop table if exists faculty_directory_entries cascade 
Hibernate: 
    drop table if exists faculty_directory_entries cascade 
2026-09-04T19:20:04.039+06:00 DEBUG 4068 --- [campusconnect-backend] [  restartedMain] org.hibernate.SQL                        : 
    drop table if exists notifications cascade 
Hibernate: 
    drop table if exists notifications cascade 
2026-09-04T19:20:04.040+06:00 DEBUG 4068 --- [campusconnect-backend] [  restartedMain] org.hibernate.SQL                        : 
    drop table if exists payment_records cascade 
Hibernate: 
    drop table if exists payment_records cascade 
2026-09-04T19:20:04.041+06:00 DEBUG 4068 --- [campusconnect-backend] [  restartedMain] org.hibernate.SQL                        : 
    drop table if exists recruitments cascade 
Hibernate: 
    drop table if exists recruitments cascade 
2026-09-04T19:20:04.041+06:00 DEBUG 4068 --- [campusconnect-backend] [  restartedMain] org.hibernate.SQL                        : 
    drop table if exists section_registrations cascade 
Hibernate: 
    drop table if exists section_registrations cascade 
2026-09-04T19:20:04.043+06:00 DEBUG 4068 --- [campusconnect-backend] [  restartedMain] org.hibernate.SQL                        : 
    drop table if exists student_completed_courses cascade 
Hibernate: 
    drop table if exists student_completed_courses cascade 
2026-09-04T19:20:04.043+06:00 DEBUG 4068 --- [campusconnect-backend] [  restartedMain] org.hibernate.SQL                        : 
    drop table if exists student_profiles cascade 
Hibernate: 
    drop table if exists student_profiles cascade 
2026-09-04T19:20:04.044+06:00 DEBUG 4068 --- [campusconnect-backend] [  restartedMain] org.hibernate.SQL                        : 
    drop table if exists submissions cascade 
Hibernate: 
    drop table if exists submissions cascade 
2026-09-04T19:20:04.044+06:00 DEBUG 4068 --- [campusconnect-backend] [  restartedMain] org.hibernate.SQL                        : 
    drop table if exists test_courses cascade 
Hibernate: 
    drop table if exists test_courses cascade 
2026-09-04T19:20:04.045+06:00 DEBUG 4068 --- [campusconnect-backend] [  restartedMain] org.hibernate.SQL                        : 
    drop table if exists test_faculties cascade 
Hibernate: 
    drop table if exists test_faculties cascade 
2026-09-04T19:20:04.046+06:00 DEBUG 4068 --- [campusconnect-backend] [  restartedMain] org.hibernate.SQL                        : 
    drop table if exists test_sections cascade 
Hibernate: 
    drop table if exists test_sections cascade 
2026-09-04T19:20:04.052+06:00  WARN 4068 --- [campusconnect-backend] [  restartedMain] o.s.b.f.support.DisposableBeanAdapter    : Invocation of destroy method failed on bean with name 'inMemoryDatabaseShutdownExecutor': org.h2.jdbc.JdbcSQLNonTransientConnectionException: Database is already closed (to disable automatic closing at VM shutdown, add ";DB_CLOSE_ON_EXIT=FALSE" to the db URL) [90121-224]
2026-09-04T19:20:04.053+06:00  INFO 4068 --- [campusconnect-backend] [  restartedMain] com.zaxxer.hikari.HikariDataSource       : HikariPool-1 - Shutdown initiated...
2026-09-04T19:20:04.057+06:00  INFO 4068 --- [campusconnect-backend] [  restartedMain] com.zaxxer.hikari.HikariDataSource       : HikariPool-1 - Shutdown completed.
2026-09-04T19:20:04.060+06:00  INFO 4068 --- [campusconnect-backend] [  restartedMain] o.apache.catalina.core.StandardService   : Stopping service [Tomcat]
2026-09-04T19:20:04.078+06:00  INFO 4068 --- [campusconnect-backend] [  restartedMain] .s.b.a.l.ConditionEvaluationReportLogger : 

Error starting ApplicationContext. To display the condition evaluation report re-run your application with 'debug' enabled.
2026-09-04T19:20:04.111+06:00 ERROR 4068 --- [campusconnect-backend] [  restartedMain] o.s.boot.SpringApplication               : Application run failed

org.springframework.beans.factory.BeanCreationException: Error creating bean with name 'dataSourceScriptDatabaseInitializer' defined in class path resource [org/springframework/boot/autoconfigure/sql/init/DataSourceInitializationConfiguration.class]: Failed to execute SQL script statement #45 of class path resource [data.sql]: INSERT INTO exam_schedules (course_code, course_name, midterm_date, final_date) VALUES ('BTE401', 'BIOINFORMATICS', '2026-07-29 16:30:00', '2026-09-16 16:30:00'), ('BTE402', 'GMOS AND BIOSAFETY', '2026-08-02 11:00:00', '2026-09-19 11:00:00'), ('BTE403', 'DNA FINGERPRINTING AND MOLECULAR DIAGNOSTICS', '2026-07-30 14:00:00', '2026-09-17 14:00:00'), ('BTE404', 'BIOPROCESS TECHNOLOGY', '2026-07-30 08:30:00', '2026-09-17 08:30:00'), ('BTE405', 'ADVANCED IMMUNOLOGY', '2026-07-29 14:00:00', '2026-09-16 14:00:00'), ('BTE411', 'VIROLOGY AND ONCOLOGY', '2026-07-29 11:00:00', '2026-09-16 11:00:00'), ('BTE450', 'BIOTECH PROJECT', '2026-07-28 09:00:00', '2026-09-15 09:00:00'), ('BUS102', 'BUSINESS - BASICS, ETHICS AND ENVIRONMENT', '2026-07-26 16:30:00', '2026-09-13 16:30:00'), ('BUS201', 'BUSINESS COMMUNICATION', '2026-07-25 14:00:00', '2026-09-12 14:00:00'), ('BUS204', 'BUSINESS LAW AND CORPORATE GOVERNANCE', '2026-07-28 16:30:00', '2026-09-15 16:30:00'), ('BUS209', 'QUANTITATIVE METHODS IN BUSINESS AND ECONOMICS', '2026-07-30 11:00:00', '2026-09-17 11:00:00'), ('BUS221', 'PRINCIPLES OF ENTREPRENEURSHIP', '2026-07-29 08:30:00', '2026-09-16 08:30:00'), ('BUS232', 'RESEARCH METHODS AND BUSINESS ANALYTICS', '2026-07-30 14:00:00', '2026-09-17 14:00:00'), ('BUS301', 'INTERNATIONAL BUSINESS', '2026-07-28 08:30:00', '2026-09-15 08:30:00'), ('BUS421', 'VENTURE DEVELOPMENT', '2026-08-01 08:30:00', '2026-09-18 08:30:00'), ('BUS422', 'SMALL BUSINESS MANAGEMENT', '2026-08-02 08:30:00', '2026-09-19 08:30:00'), ('BUS490', 'INTERNSHIP', '2026-07-24 08:30:00', '2026-09-11 08:30:00'), ('CEE211', 'STRUCTURE I', '2026-07-27 11:00:00', '2026-09-14 11:00:00'), ('CEE212', 'STRUCTURE II', '2026-07-29 14:00:00', '2026-09-16 14:00:00'), ('CEE213', 'PLUMBING SERVICES', '2026-07-27 11:00:00', '2026-09-14 11:00:00'), ('CEE311', 'STRUCTURE III', '2026-07-27 14:00:00', '2026-09-14 14:00:00'), ('CEE312', 'STRUCTURE IV', '2026-07-27 14:00:00', '2026-09-14 14:00:00'), ('CEE411', 'STRUCTURE V', '2026-07-29 14:00:00', '2026-09-16 14:00:00'), ('CEE412', 'STRUCTURE VI', '2026-07-29 14:00:00', '2026-09-16 11:00:00'), ('CHE101', 'INTRODUCTION TO CHEMISTRY', '2026-07-29 14:00:00', '2026-09-16 14:00:00'), ('CHE110', 'PRINCIPLES OF CHEMISTRY', '2026-08-01 14:00:00', '2026-09-18 14:00:00'), ('CHN101', 'CHINESE LANGUAGE COURSE - LEVEL ONE', '2026-07-25 14:00:00', '2026-09-12 14:00:00'), ('CSE101', 'INTRODUCTION TO COMPUTER SCIENCE', '2026-07-25 11:00:00', '2026-09-12 11:00:00'), ('CSE103', 'INTRODUCTION TO COMPUTING', '2026-07-28 09:00:00', '2026-09-15 09:00:00'), ('CSE110', 'PROGRAMMING LANGUAGE I', '2026-07-26 08:30:00', '2026-09-13 08:30:00'), ('CSE111', 'PROGRAMMING LANGUAGE-II', '2026-07-26 11:00:00', '2026-09-13 11:00:00'), ('CSE161', 'COMPUTER PROGRAMMING', '2026-08-01 11:00:00', '2026-09-18 11:00:00'), ('CSE162', 'COMPUTER PROGRAMMING LABORATORY', '2026-07-28 09:00:00', '2026-09-15 09:00:00'), ('CSE220', 'DATA STRUCTURES', '2026-07-26 14:00:00', '2026-09-13 14:00:00'), ('CSE221', 'ALGORITHMS', '2026-07-26 08:30:00', '2026-09-13 08:30:00'), ('CSE230', 'DISCRETE MATHEMATICS', '2026-07-28 08:30:00', '2026-09-15 08:30:00'), ('CSE250', 'CIRCUITS AND ELECTRONICS', '2026-08-01 08:30:00', '2026-09-18 08:30:00'), ('CSE251', 'ELECTRONIC DEVICES AND CIRCUITS', '2026-07-25 16:30:00', '2026-09-12 16:30:00'), ('CSE260', 'DIGITAL LOGIC DESIGN', '2026-07-25 14:00:00', '2026-09-12 14:00:00'), ('CSE320', 'DATA COMMUNICATIONS', '2026-07-25 14:00:00', '2026-09-12 14:00:00'), ('CSE321', 'OPERATING SYSTEMS', '2026-07-30 14:00:00', '2026-09-17 14:00:00'), ('CSE330', 'NUMERICAL METHODS', '2026-07-29 11:00:00', '2026-09-16 11:00:00'), ('CSE331', 'AUTOMATA AND COMPUTABILITY', '2026-07-28 16:30:00', '2026-09-15 16:30:00'), ('CSE340', 'COMPUTER ARCHITECTURE', '2026-08-01 11:00:00', '2026-09-18 11:00:00'), ('CSE341', 'MICROPROCESSORS', '2026-07-27 16:30:00', '2026-09-14 16:30:00'), ('CSE350', 'DIGITAL ELECTRONICS AND PULSE TECHNIQUES', '2026-07-25 16:30:00', '2026-09-12 16:30:00'), ('CSE360', 'COMPUTER INTERFACING', '2026-07-27 16:30:00', '2026-09-14 16:30:00'), ('CSE370', 'DATABASE SYSTEMS', '2026-07-29 16:30:00', '2026-09-16 16:30:00'), ('CSE391', 'PROGRAMMING FOR THE INTERNET', '2026-07-26 11:00:00', '2026-09-13 11:00:00'), ('CSE400', 'PROJECT & THESIS', '2026-07-28 09:00:00', '2026-09-15 09:00:00'), ('CSE402', 'OPTIMIZATION', '2026-07-30 08:30:00', '2026-09-17 08:30:00'), ('CSE420', 'COMPILER DESIGN', '2026-07-28 14:00:00', '2026-09-15 14:00:00'), ('CSE421', 'COMPUTER NETWORKS', '2026-07-25 14:00:00', '2026-09-12 14:00:00'), ('CSE422', 'ARTIFICIAL INTELLIGENCE', '2026-07-30 11:00:00', '2026-09-17 11:00:00'), ('CSE423', 'COMPUTER GRAPHICS', '2026-07-26 16:30:00', '2026-09-13 16:30:00'), ('CSE424', 'PATTERN RECOGNITION', '2026-07-29 14:00:00', '2026-09-16 14:00:00'), ('CSE425', 'NEURAL NETWORKS', '2026-07-25 11:00:00', '2026-09-12 11:00:00'), ('CSE426', 'ADVANCED ALGORITHMS', '2026-07-27 11:00:00', '2026-09-14 11:00:00'), ('CSE427', 'MACHINE LEARNING', '2026-07-28 11:00:00', '2026-09-15 11:00:00'), ('CSE428', 'IMAGE PROCESSING', '2026-07-29 14:00:00', '2026-09-16 14:00:00'), ('CSE437', 'DATA SCIENCE: CODING WITH REAL WORLD DATA', '2026-07-28 11:00:00', '2026-09-15 11:00:00'), ('CSE440', 'NATURAL LANGUAGE PROCESSING II', '2026-07-25 11:00:00', '2026-09-12 11:00:00'), ('CSE443', 'BIOINFORMATICS I', '2026-07-29 08:30:00', '2026-09-16 08:30:00'), ('CSE446', 'BLOCKCHAIN AND CRYPTOCURRENCIES', '2026-07-30 11:00:00', '2026-09-17 11:00:00'), ('CSE447', 'CRYPTOGRAPHY AND CRYPTOANALYSIS', '2026-07-27 14:00:00', '2026-09-14 14:00:00'), ('CSE449', 'PARALLEL, DISTRIBUTED, AND HIGH-PERFORMANCE COMPUTING (HPC)', '2026-07-26 14:00:00', '2026-09-13 14:00:00'), ('CSE460', 'VLSI DESIGN', '2026-07-25 16:30:00', '2026-09-12 16:30:00'), ('CSE461', 'INTRODUCTION TO ROBOTICS', '2026-07-27 16:30:00', '2026-09-14 16:30:00'), ('CSE463', 'COMPUTER VISION: FUNDAMENTALS AND APPLICATIONS', '2026-07-30 16:30:00', '2026-09-17 16:30:00'), ('CSE470', 'SOFTWARE ENGINEERING', '2026-07-29 16:30:00', '2026-09-16 16:30:00'), ('CSE471', 'SYSTEM ANALYSIS AND DESIGN', '2026-07-29 14:00:00', '2026-09-16 14:00:00'), ('CSE472', 'HUMAN COMPUTER INTERFACE', '2026-07-30 14:00:00', '2026-09-17 14:00:00'), ('CSE481', 'QUANTUM COMPUTING I', '2026-07-26 16:30:00', '2026-09-13 16:30:00'), ('CSE489', 'ANDROID APP DEVELOPMENT', '2026-08-02 08:30:00', '2026-09-19 08:30:00'), ('CSE490A', 'GAMIFICATION: ENGINEERING USER ENGAGEMENT', '2026-07-25 14:00:00', '2026-09-12 14:00:00'), ('CSE490B', 'INTRODUCTION TO CYBERSECURITY', '2026-07-30 16:30:00', '2026-09-17 16:30:00'), ('CSE490D', 'INTRODUCTION TO FOOTBALL DATA AND ANALYTICS', '2026-07-29 08:30:00', '2026-09-16 08:30:00'), ('CST204', 'COMMUNICATION FOR SOCIAL CHANGE', '2026-07-30 14:00:00', '2026-09-17 14:00:00'), ('CST301', 'FOR THE LOVE OF FOOD', '2026-07-30 11:00:00', '2026-09-17 11:00:00'), ('CST302', 'THE PURSUIT OF WELLBEING', '2026-08-01 11:00:00', '2026-09-18 11:00:00'), ('CST303', 'LAW FOR LIFE', '2026-07-29 11:00:00', '2026-09-16 11:00:00'), ('CST304', 'DOCUMENTARY FILM: THEORY AND PRACTICE', '2026-07-29 16:30:00', '2026-09-16 16:30:00'), ('CST305', 'BORDERS AND BELONGING: PAST AND FUTURE', '2026-07-29 14:00:00', '2026-09-16 14:00:00'), ('CST306', 'ETHICAL LEADERSHIP', '2026-07-28 11:00:00', '2026-09-15 11:00:00'), ('CST307', 'ART, COMMUNITY AND THE FUTURE', '2026-07-27 11:00:00', '2026-09-14 11:00:00'), ('CST308', 'RELIGIOUS PLURALISM, RELIGIOUS FREEDOM, AND DIALOGUE IN THE MODERN WORLD', '2026-07-29 11:00:00', '2026-09-16 11:00:00'), ('CST309', 'GLOBAL CITIZENSHIP', '2026-07-28 11:00:00', '2026-09-15 11:00:00'), ('CST333', 'PERSONAL FINANCE FOR SUSTAINABLE ECONOMIC WELLBEING', '2026-08-01 08:30:00', '2026-09-18 08:30:00'), ('DEV104', 'FOUNDATIONS OF INTERNATIONAL DEVELOPMENT', '2026-07-27 11:00:00', '2026-09-14 11:00:00'), ('DEV310', 'THE BANGLADESH ECONOMY IN A GLOBALIZED WORLD', '2026-07-29 11:00:00', '2026-09-16 11:00:00'), ('DEV320', 'PROJECT PLANNING AND MANAGEMENT IN INTERNATIONAL DEVELOPMENT', '2026-07-28 11:00:00', '2026-09-15 11:00:00'), ('DMG101', 'DISASTER, HAZARD, AND RISK', '2026-07-28 14:00:00', '2026-09-15 14:00:00'), ('DMG104', 'PLANNING THEORY AND METHOD I: RISK MITIGATION PERSPECTIVE', '2026-07-29 11:00:00', '2026-09-16 11:00:00'), ('ECE101', 'ELECTRICAL CIRCUITS I', '2026-07-29 14:00:00', '2026-09-16 14:00:00'), ('ECE101L', 'ELECTRICAL CIRCUITS I LABORATORY', '2026-07-28 09:00:00', '2026-09-15 09:00:00'), ('ECE103', 'COMPUTER PROGRAMMING', '2026-08-01 08:30:00', '2026-09-18 08:30:00'), ('ECE203', 'ELECTRICAL CIRCUITS II', '2026-08-02 11:00:00', '2026-09-19 11:00:00'), ('ECE203L', 'ELECTRICAL CIRCUITS II LABORATORY', '2026-07-28 09:00:00', '2026-09-15 09:00:00'), ('ECE205', 'ELECTRONIC CIRCUITS I', '2026-07-30 11:00:00', '2026-09-17 11:00:00'), ('ECE205L', 'ELECTRONIC CIRCUITS I LABORATORY', '2026-07-28 09:00:00', '2026-09-15 09:00:00')
	at org.springframework.beans.factory.support.AbstractAutowireCapableBeanFactory.initializeBean(AbstractAutowireCapableBeanFactory.java:1806) ~[spring-beans-6.1.11.jar:6.1.11]
	at org.springframework.beans.factory.support.AbstractAutowireCapableBeanFactory.doCreateBean(AbstractAutowireCapableBeanFactory.java:600) ~[spring-beans-6.1.11.jar:6.1.11]
	at org.springframework.beans.factory.support.AbstractAutowireCapableBeanFactory.createBean(AbstractAutowireCapableBeanFactory.java:522) ~[spring-beans-6.1.11.jar:6.1.11]
	at org.springframework.beans.factory.support.AbstractBeanFactory.lambda$doGetBean$0(AbstractBeanFactory.java:337) ~[spring-beans-6.1.11.jar:6.1.11]
	at org.springframework.beans.factory.support.DefaultSingletonBeanRegistry.getSingleton(DefaultSingletonBeanRegistry.java:234) ~[spring-beans-6.1.11.jar:6.1.11]
	at org.springframework.beans.factory.support.AbstractBeanFactory.doGetBean(AbstractBeanFactory.java:335) ~[spring-beans-6.1.11.jar:6.1.11]
	at org.springframework.beans.factory.support.AbstractBeanFactory.getBean(AbstractBeanFactory.java:200) ~[spring-beans-6.1.11.jar:6.1.11]
	at org.springframework.beans.factory.support.AbstractBeanFactory.doGetBean(AbstractBeanFactory.java:313) ~[spring-beans-6.1.11.jar:6.1.11]
	at org.springframework.beans.factory.support.AbstractBeanFactory.getBean(AbstractBeanFactory.java:200) ~[spring-beans-6.1.11.jar:6.1.11]
	at org.springframework.beans.factory.support.DefaultListableBeanFactory.preInstantiateSingletons(DefaultListableBeanFactory.java:975) ~[spring-beans-6.1.11.jar:6.1.11]
	at org.springframework.context.support.AbstractApplicationContext.finishBeanFactoryInitialization(AbstractApplicationContext.java:971) ~[spring-context-6.1.11.jar:6.1.11]
	at org.springframework.context.support.AbstractApplicationContext.refresh(AbstractApplicationContext.java:625) ~[spring-context-6.1.11.jar:6.1.11]
	at org.springframework.boot.web.servlet.context.ServletWebServerApplicationContext.refresh(ServletWebServerApplicationContext.java:146) ~[spring-boot-3.3.2.jar:3.3.2]
	at org.springframework.boot.SpringApplication.refresh(SpringApplication.java:754) ~[spring-boot-3.3.2.jar:3.3.2]
	at org.springframework.boot.SpringApplication.refreshContext(SpringApplication.java:456) ~[spring-boot-3.3.2.jar:3.3.2]
	at org.springframework.boot.SpringApplication.run(SpringApplication.java:335) ~[spring-boot-3.3.2.jar:3.3.2]
	at org.springframework.boot.SpringApplication.run(SpringApplication.java:1363) ~[spring-boot-3.3.2.jar:3.3.2]
	at org.springframework.boot.SpringApplication.run(SpringApplication.java:1352) ~[spring-boot-3.3.2.jar:3.3.2]
	at com.campusconnect.backend.BackendApplication.main(BackendApplication.java:20) ~[classes/:na]
	at java.base/jdk.internal.reflect.NativeMethodAccessorImpl.invoke0(Native Method) ~[na:na]
	at java.base/jdk.internal.reflect.NativeMethodAccessorImpl.invoke(NativeMethodAccessorImpl.java:77) ~[na:na]
	at java.base/jdk.internal.reflect.DelegatingMethodAccessorImpl.invoke(DelegatingMethodAccessorImpl.java:43) ~[na:na]
	at java.base/java.lang.reflect.Method.invoke(Method.java:569) ~[na:na]
	at org.springframework.boot.devtools.restart.RestartLauncher.run(RestartLauncher.java:50) ~[spring-boot-devtools-3.3.2.jar:3.3.2]
Caused by: org.springframework.jdbc.datasource.init.ScriptStatementFailedException: Failed to execute SQL script statement #45 of class path resource [data.sql]: INSERT INTO exam_schedules (course_code, course_name, midterm_date, final_date) VALUES ('BTE401', 'BIOINFORMATICS', '2026-07-29 16:30:00', '2026-09-16 16:30:00'), ('BTE402', 'GMOS AND BIOSAFETY', '2026-08-02 11:00:00', '2026-09-19 11:00:00'), ('BTE403', 'DNA FINGERPRINTING AND MOLECULAR DIAGNOSTICS', '2026-07-30 14:00:00', '2026-09-17 14:00:00'), ('BTE404', 'BIOPROCESS TECHNOLOGY', '2026-07-30 08:30:00', '2026-09-17 08:30:00'), ('BTE405', 'ADVANCED IMMUNOLOGY', '2026-07-29 14:00:00', '2026-09-16 14:00:00'), ('BTE411', 'VIROLOGY AND ONCOLOGY', '2026-07-29 11:00:00', '2026-09-16 11:00:00'), ('BTE450', 'BIOTECH PROJECT', '2026-07-28 09:00:00', '2026-09-15 09:00:00'), ('BUS102', 'BUSINESS - BASICS, ETHICS AND ENVIRONMENT', '2026-07-26 16:30:00', '2026-09-13 16:30:00'), ('BUS201', 'BUSINESS COMMUNICATION', '2026-07-25 14:00:00', '2026-09-12 14:00:00'), ('BUS204', 'BUSINESS LAW AND CORPORATE GOVERNANCE', '2026-07-28 16:30:00', '2026-09-15 16:30:00'), ('BUS209', 'QUANTITATIVE METHODS IN BUSINESS AND ECONOMICS', '2026-07-30 11:00:00', '2026-09-17 11:00:00'), ('BUS221', 'PRINCIPLES OF ENTREPRENEURSHIP', '2026-07-29 08:30:00', '2026-09-16 08:30:00'), ('BUS232', 'RESEARCH METHODS AND BUSINESS ANALYTICS', '2026-07-30 14:00:00', '2026-09-17 14:00:00'), ('BUS301', 'INTERNATIONAL BUSINESS', '2026-07-28 08:30:00', '2026-09-15 08:30:00'), ('BUS421', 'VENTURE DEVELOPMENT', '2026-08-01 08:30:00', '2026-09-18 08:30:00'), ('BUS422', 'SMALL BUSINESS MANAGEMENT', '2026-08-02 08:30:00', '2026-09-19 08:30:00'), ('BUS490', 'INTERNSHIP', '2026-07-24 08:30:00', '2026-09-11 08:30:00'), ('CEE211', 'STRUCTURE I', '2026-07-27 11:00:00', '2026-09-14 11:00:00'), ('CEE212', 'STRUCTURE II', '2026-07-29 14:00:00', '2026-09-16 14:00:00'), ('CEE213', 'PLUMBING SERVICES', '2026-07-27 11:00:00', '2026-09-14 11:00:00'), ('CEE311', 'STRUCTURE III', '2026-07-27 14:00:00', '2026-09-14 14:00:00'), ('CEE312', 'STRUCTURE IV', '2026-07-27 14:00:00', '2026-09-14 14:00:00'), ('CEE411', 'STRUCTURE V', '2026-07-29 14:00:00', '2026-09-16 14:00:00'), ('CEE412', 'STRUCTURE VI', '2026-07-29 14:00:00', '2026-09-16 11:00:00'), ('CHE101', 'INTRODUCTION TO CHEMISTRY', '2026-07-29 14:00:00', '2026-09-16 14:00:00'), ('CHE110', 'PRINCIPLES OF CHEMISTRY', '2026-08-01 14:00:00', '2026-09-18 14:00:00'), ('CHN101', 'CHINESE LANGUAGE COURSE - LEVEL ONE', '2026-07-25 14:00:00', '2026-09-12 14:00:00'), ('CSE101', 'INTRODUCTION TO COMPUTER SCIENCE', '2026-07-25 11:00:00', '2026-09-12 11:00:00'), ('CSE103', 'INTRODUCTION TO COMPUTING', '2026-07-28 09:00:00', '2026-09-15 09:00:00'), ('CSE110', 'PROGRAMMING LANGUAGE I', '2026-07-26 08:30:00', '2026-09-13 08:30:00'), ('CSE111', 'PROGRAMMING LANGUAGE-II', '2026-07-26 11:00:00', '2026-09-13 11:00:00'), ('CSE161', 'COMPUTER PROGRAMMING', '2026-08-01 11:00:00', '2026-09-18 11:00:00'), ('CSE162', 'COMPUTER PROGRAMMING LABORATORY', '2026-07-28 09:00:00', '2026-09-15 09:00:00'), ('CSE220', 'DATA STRUCTURES', '2026-07-26 14:00:00', '2026-09-13 14:00:00'), ('CSE221', 'ALGORITHMS', '2026-07-26 08:30:00', '2026-09-13 08:30:00'), ('CSE230', 'DISCRETE MATHEMATICS', '2026-07-28 08:30:00', '2026-09-15 08:30:00'), ('CSE250', 'CIRCUITS AND ELECTRONICS', '2026-08-01 08:30:00', '2026-09-18 08:30:00'), ('CSE251', 'ELECTRONIC DEVICES AND CIRCUITS', '2026-07-25 16:30:00', '2026-09-12 16:30:00'), ('CSE260', 'DIGITAL LOGIC DESIGN', '2026-07-25 14:00:00', '2026-09-12 14:00:00'), ('CSE320', 'DATA COMMUNICATIONS', '2026-07-25 14:00:00', '2026-09-12 14:00:00'), ('CSE321', 'OPERATING SYSTEMS', '2026-07-30 14:00:00', '2026-09-17 14:00:00'), ('CSE330', 'NUMERICAL METHODS', '2026-07-29 11:00:00', '2026-09-16 11:00:00'), ('CSE331', 'AUTOMATA AND COMPUTABILITY', '2026-07-28 16:30:00', '2026-09-15 16:30:00'), ('CSE340', 'COMPUTER ARCHITECTURE', '2026-08-01 11:00:00', '2026-09-18 11:00:00'), ('CSE341', 'MICROPROCESSORS', '2026-07-27 16:30:00', '2026-09-14 16:30:00'), ('CSE350', 'DIGITAL ELECTRONICS AND PULSE TECHNIQUES', '2026-07-25 16:30:00', '2026-09-12 16:30:00'), ('CSE360', 'COMPUTER INTERFACING', '2026-07-27 16:30:00', '2026-09-14 16:30:00'), ('CSE370', 'DATABASE SYSTEMS', '2026-07-29 16:30:00', '2026-09-16 16:30:00'), ('CSE391', 'PROGRAMMING FOR THE INTERNET', '2026-07-26 11:00:00', '2026-09-13 11:00:00'), ('CSE400', 'PROJECT & THESIS', '2026-07-28 09:00:00', '2026-09-15 09:00:00'), ('CSE402', 'OPTIMIZATION', '2026-07-30 08:30:00', '2026-09-17 08:30:00'), ('CSE420', 'COMPILER DESIGN', '2026-07-28 14:00:00', '2026-09-15 14:00:00'), ('CSE421', 'COMPUTER NETWORKS', '2026-07-25 14:00:00', '2026-09-12 14:00:00'), ('CSE422', 'ARTIFICIAL INTELLIGENCE', '2026-07-30 11:00:00', '2026-09-17 11:00:00'), ('CSE423', 'COMPUTER GRAPHICS', '2026-07-26 16:30:00', '2026-09-13 16:30:00'), ('CSE424', 'PATTERN RECOGNITION', '2026-07-29 14:00:00', '2026-09-16 14:00:00'), ('CSE425', 'NEURAL NETWORKS', '2026-07-25 11:00:00', '2026-09-12 11:00:00'), ('CSE426', 'ADVANCED ALGORITHMS', '2026-07-27 11:00:00', '2026-09-14 11:00:00'), ('CSE427', 'MACHINE LEARNING', '2026-07-28 11:00:00', '2026-09-15 11:00:00'), ('CSE428', 'IMAGE PROCESSING', '2026-07-29 14:00:00', '2026-09-16 14:00:00'), ('CSE437', 'DATA SCIENCE: CODING WITH REAL WORLD DATA', '2026-07-28 11:00:00', '2026-09-15 11:00:00'), ('CSE440', 'NATURAL LANGUAGE PROCESSING II', '2026-07-25 11:00:00', '2026-09-12 11:00:00'), ('CSE443', 'BIOINFORMATICS I', '2026-07-29 08:30:00', '2026-09-16 08:30:00'), ('CSE446', 'BLOCKCHAIN AND CRYPTOCURRENCIES', '2026-07-30 11:00:00', '2026-09-17 11:00:00'), ('CSE447', 'CRYPTOGRAPHY AND CRYPTOANALYSIS', '2026-07-27 14:00:00', '2026-09-14 14:00:00'), ('CSE449', 'PARALLEL, DISTRIBUTED, AND HIGH-PERFORMANCE COMPUTING (HPC)', '2026-07-26 14:00:00', '2026-09-13 14:00:00'), ('CSE460', 'VLSI DESIGN', '2026-07-25 16:30:00', '2026-09-12 16:30:00'), ('CSE461', 'INTRODUCTION TO ROBOTICS', '2026-07-27 16:30:00', '2026-09-14 16:30:00'), ('CSE463', 'COMPUTER VISION: FUNDAMENTALS AND APPLICATIONS', '2026-07-30 16:30:00', '2026-09-17 16:30:00'), ('CSE470', 'SOFTWARE ENGINEERING', '2026-07-29 16:30:00', '2026-09-16 16:30:00'), ('CSE471', 'SYSTEM ANALYSIS AND DESIGN', '2026-07-29 14:00:00', '2026-09-16 14:00:00'), ('CSE472', 'HUMAN COMPUTER INTERFACE', '2026-07-30 14:00:00', '2026-09-17 14:00:00'), ('CSE481', 'QUANTUM COMPUTING I', '2026-07-26 16:30:00', '2026-09-13 16:30:00'), ('CSE489', 'ANDROID APP DEVELOPMENT', '2026-08-02 08:30:00', '2026-09-19 08:30:00'), ('CSE490A', 'GAMIFICATION: ENGINEERING USER ENGAGEMENT', '2026-07-25 14:00:00', '2026-09-12 14:00:00'), ('CSE490B', 'INTRODUCTION TO CYBERSECURITY', '2026-07-30 16:30:00', '2026-09-17 16:30:00'), ('CSE490D', 'INTRODUCTION TO FOOTBALL DATA AND ANALYTICS', '2026-07-29 08:30:00', '2026-09-16 08:30:00'), ('CST204', 'COMMUNICATION FOR SOCIAL CHANGE', '2026-07-30 14:00:00', '2026-09-17 14:00:00'), ('CST301', 'FOR THE LOVE OF FOOD', '2026-07-30 11:00:00', '2026-09-17 11:00:00'), ('CST302', 'THE PURSUIT OF WELLBEING', '2026-08-01 11:00:00', '2026-09-18 11:00:00'), ('CST303', 'LAW FOR LIFE', '2026-07-29 11:00:00', '2026-09-16 11:00:00'), ('CST304', 'DOCUMENTARY FILM: THEORY AND PRACTICE', '2026-07-29 16:30:00', '2026-09-16 16:30:00'), ('CST305', 'BORDERS AND BELONGING: PAST AND FUTURE', '2026-07-29 14:00:00', '2026-09-16 14:00:00'), ('CST306', 'ETHICAL LEADERSHIP', '2026-07-28 11:00:00', '2026-09-15 11:00:00'), ('CST307', 'ART, COMMUNITY AND THE FUTURE', '2026-07-27 11:00:00', '2026-09-14 11:00:00'), ('CST308', 'RELIGIOUS PLURALISM, RELIGIOUS FREEDOM, AND DIALOGUE IN THE MODERN WORLD', '2026-07-29 11:00:00', '2026-09-16 11:00:00'), ('CST309', 'GLOBAL CITIZENSHIP', '2026-07-28 11:00:00', '2026-09-15 11:00:00'), ('CST333', 'PERSONAL FINANCE FOR SUSTAINABLE ECONOMIC WELLBEING', '2026-08-01 08:30:00', '2026-09-18 08:30:00'), ('DEV104', 'FOUNDATIONS OF INTERNATIONAL DEVELOPMENT', '2026-07-27 11:00:00', '2026-09-14 11:00:00'), ('DEV310', 'THE BANGLADESH ECONOMY IN A GLOBALIZED WORLD', '2026-07-29 11:00:00', '2026-09-16 11:00:00'), ('DEV320', 'PROJECT PLANNING AND MANAGEMENT IN INTERNATIONAL DEVELOPMENT', '2026-07-28 11:00:00', '2026-09-15 11:00:00'), ('DMG101', 'DISASTER, HAZARD, AND RISK', '2026-07-28 14:00:00', '2026-09-15 14:00:00'), ('DMG104', 'PLANNING THEORY AND METHOD I: RISK MITIGATION PERSPECTIVE', '2026-07-29 11:00:00', '2026-09-16 11:00:00'), ('ECE101', 'ELECTRICAL CIRCUITS I', '2026-07-29 14:00:00', '2026-09-16 14:00:00'), ('ECE101L', 'ELECTRICAL CIRCUITS I LABORATORY', '2026-07-28 09:00:00', '2026-09-15 09:00:00'), ('ECE103', 'COMPUTER PROGRAMMING', '2026-08-01 08:30:00', '2026-09-18 08:30:00'), ('ECE203', 'ELECTRICAL CIRCUITS II', '2026-08-02 11:00:00', '2026-09-19 11:00:00'), ('ECE203L', 'ELECTRICAL CIRCUITS II LABORATORY', '2026-07-28 09:00:00', '2026-09-15 09:00:00'), ('ECE205', 'ELECTRONIC CIRCUITS I', '2026-07-30 11:00:00', '2026-09-17 11:00:00'), ('ECE205L', 'ELECTRONIC CIRCUITS I LABORATORY', '2026-07-28 09:00:00', '2026-09-15 09:00:00')
	at org.springframework.jdbc.datasource.init.ScriptUtils.executeSqlScript(ScriptUtils.java:282) ~[spring-jdbc-6.1.11.jar:6.1.11]
	at org.springframework.jdbc.datasource.init.ResourceDatabasePopulator.populate(ResourceDatabasePopulator.java:254) ~[spring-jdbc-6.1.11.jar:6.1.11]
	at org.springframework.jdbc.datasource.init.DatabasePopulatorUtils.execute(DatabasePopulatorUtils.java:54) ~[spring-jdbc-6.1.11.jar:6.1.11]
	at org.springframework.boot.jdbc.init.DataSourceScriptDatabaseInitializer.runScripts(DataSourceScriptDatabaseInitializer.java:87) ~[spring-boot-3.3.2.jar:3.3.2]
	at org.springframework.boot.sql.init.AbstractScriptDatabaseInitializer.runScripts(AbstractScriptDatabaseInitializer.java:146) ~[spring-boot-3.3.2.jar:3.3.2]
	at org.springframework.boot.sql.init.AbstractScriptDatabaseInitializer.applyScripts(AbstractScriptDatabaseInitializer.java:108) ~[spring-boot-3.3.2.jar:3.3.2]
	at org.springframework.boot.sql.init.AbstractScriptDatabaseInitializer.applyDataScripts(AbstractScriptDatabaseInitializer.java:102) ~[spring-boot-3.3.2.jar:3.3.2]
	at org.springframework.boot.sql.init.AbstractScriptDatabaseInitializer.initializeDatabase(AbstractScriptDatabaseInitializer.java:77) ~[spring-boot-3.3.2.jar:3.3.2]
	at org.springframework.boot.sql.init.AbstractScriptDatabaseInitializer.afterPropertiesSet(AbstractScriptDatabaseInitializer.java:66) ~[spring-boot-3.3.2.jar:3.3.2]
	at org.springframework.beans.factory.support.AbstractAutowireCapableBeanFactory.invokeInitMethods(AbstractAutowireCapableBeanFactory.java:1853) ~[spring-beans-6.1.11.jar:6.1.11]
	at org.springframework.beans.factory.support.AbstractAutowireCapableBeanFactory.initializeBean(AbstractAutowireCapableBeanFactory.java:1802) ~[spring-beans-6.1.11.jar:6.1.11]
	... 23 common frames omitted
Caused by: org.h2.jdbc.JdbcSQLIntegrityConstraintViolationException: Unique index or primary key violation: "PUBLIC.CONSTRAINT_INDEX_D ON PUBLIC.EXAM_SCHEDULES(COURSE_CODE NULLS FIRST) VALUES ( /* 1 */ 'CSE110' )"; SQL statement:
INSERT INTO exam_schedules (course_code, course_name, midterm_date, final_date) VALUES ('BTE401', 'BIOINFORMATICS', '2026-07-29 16:30:00', '2026-09-16 16:30:00'), ('BTE402', 'GMOS AND BIOSAFETY', '2026-08-02 11:00:00', '2026-09-19 11:00:00'), ('BTE403', 'DNA FINGERPRINTING AND MOLECULAR DIAGNOSTICS', '2026-07-30 14:00:00', '2026-09-17 14:00:00'), ('BTE404', 'BIOPROCESS TECHNOLOGY', '2026-07-30 08:30:00', '2026-09-17 08:30:00'), ('BTE405', 'ADVANCED IMMUNOLOGY', '2026-07-29 14:00:00', '2026-09-16 14:00:00'), ('BTE411', 'VIROLOGY AND ONCOLOGY', '2026-07-29 11:00:00', '2026-09-16 11:00:00'), ('BTE450', 'BIOTECH PROJECT', '2026-07-28 09:00:00', '2026-09-15 09:00:00'), ('BUS102', 'BUSINESS - BASICS, ETHICS AND ENVIRONMENT', '2026-07-26 16:30:00', '2026-09-13 16:30:00'), ('BUS201', 'BUSINESS COMMUNICATION', '2026-07-25 14:00:00', '2026-09-12 14:00:00'), ('BUS204', 'BUSINESS LAW AND CORPORATE GOVERNANCE', '2026-07-28 16:30:00', '2026-09-15 16:30:00'), ('BUS209', 'QUANTITATIVE METHODS IN BUSINESS AND ECONOMICS', '2026-07-30 11:00:00', '2026-09-17 11:00:00'), ('BUS221', 'PRINCIPLES OF ENTREPRENEURSHIP', '2026-07-29 08:30:00', '2026-09-16 08:30:00'), ('BUS232', 'RESEARCH METHODS AND BUSINESS ANALYTICS', '2026-07-30 14:00:00', '2026-09-17 14:00:00'), ('BUS301', 'INTERNATIONAL BUSINESS', '2026-07-28 08:30:00', '2026-09-15 08:30:00'), ('BUS421', 'VENTURE DEVELOPMENT', '2026-08-01 08:30:00', '2026-09-18 08:30:00'), ('BUS422', 'SMALL BUSINESS MANAGEMENT', '2026-08-02 08:30:00', '2026-09-19 08:30:00'), ('BUS490', 'INTERNSHIP', '2026-07-24 08:30:00', '2026-09-11 08:30:00'), ('CEE211', 'STRUCTURE I', '2026-07-27 11:00:00', '2026-09-14 11:00:00'), ('CEE212', 'STRUCTURE II', '2026-07-29 14:00:00', '2026-09-16 14:00:00'), ('CEE213', 'PLUMBING SERVICES', '2026-07-27 11:00:00', '2026-09-14 11:00:00'), ('CEE311', 'STRUCTURE III', '2026-07-27 14:00:00', '2026-09-14 14:00:00'), ('CEE312', 'STRUCTURE IV', '2026-07-27 14:00:00', '2026-09-14 14:00:00'), ('CEE411', 'STRUCTURE V', '2026-07-29 14:00:00', '2026-09-16 14:00:00'), ('CEE412', 'STRUCTURE VI', '2026-07-29 14:00:00', '2026-09-16 11:00:00'), ('CHE101', 'INTRODUCTION TO CHEMISTRY', '2026-07-29 14:00:00', '2026-09-16 14:00:00'), ('CHE110', 'PRINCIPLES OF CHEMISTRY', '2026-08-01 14:00:00', '2026-09-18 14:00:00'), ('CHN101', 'CHINESE LANGUAGE COURSE - LEVEL ONE', '2026-07-25 14:00:00', '2026-09-12 14:00:00'), ('CSE101', 'INTRODUCTION TO COMPUTER SCIENCE', '2026-07-25 11:00:00', '2026-09-12 11:00:00'), ('CSE103', 'INTRODUCTION TO COMPUTING', '2026-07-28 09:00:00', '2026-09-15 09:00:00'), ('CSE110', 'PROGRAMMING LANGUAGE I', '2026-07-26 08:30:00', '2026-09-13 08:30:00'), ('CSE111', 'PROGRAMMING LANGUAGE-II', '2026-07-26 11:00:00', '2026-09-13 11:00:00'), ('CSE161', 'COMPUTER PROGRAMMING', '2026-08-01 11:00:00', '2026-09-18 11:00:00'), ('CSE162', 'COMPUTER PROGRAMMING LABORATORY', '2026-07-28 09:00:00', '2026-09-15 09:00:00'), ('CSE220', 'DATA STRUCTURES', '2026-07-26 14:00:00', '2026-09-13 14:00:00'), ('CSE221', 'ALGORITHMS', '2026-07-26 08:30:00', '2026-09-13 08:30:00'), ('CSE230', 'DISCRETE MATHEMATICS', '2026-07-28 08:30:00', '2026-09-15 08:30:00'), ('CSE250', 'CIRCUITS AND ELECTRONICS', '2026-08-01 08:30:00', '2026-09-18 08:30:00'), ('CSE251', 'ELECTRONIC DEVICES AND CIRCUITS', '2026-07-25 16:30:00', '2026-09-12 16:30:00'), ('CSE260', 'DIGITAL LOGIC DESIGN', '2026-07-25 14:00:00', '2026-09-12 14:00:00'), ('CSE320', 'DATA COMMUNICATIONS', '2026-07-25 14:00:00', '2026-09-12 14:00:00'), ('CSE321', 'OPERATING SYSTEMS', '2026-07-30 14:00:00', '2026-09-17 14:00:00'), ('CSE330', 'NUMERICAL METHODS', '2026-07-29 11:00:00', '2026-09-16 11:00:00'), ('CSE331', 'AUTOMATA AND COMPUTABILITY', '2026-07-28 16:30:00', '2026-09-15 16:30:00'), ('CSE340', 'COMPUTER ARCHITECTURE', '2026-08-01 11:00:00', '2026-09-18 11:00:00'), ('CSE341', 'MICROPROCESSORS', '2026-07-27 16:30:00', '2026-09-14 16:30:00'), ('CSE350', 'DIGITAL ELECTRONICS AND PULSE TECHNIQUES', '2026-07-25 16:30:00', '2026-09-12 16:30:00'), ('CSE360', 'COMPUTER INTERFACING', '2026-07-27 16:30:00', '2026-09-14 16:30:00'), ('CSE370', 'DATABASE SYSTEMS', '2026-07-29 16:30:00', '2026-09-16 16:30:00'), ('CSE391', 'PROGRAMMING FOR THE INTERNET', '2026-07-26 11:00:00', '2026-09-13 11:00:00'), ('CSE400', 'PROJECT & THESIS', '2026-07-28 09:00:00', '2026-09-15 09:00:00'), ('CSE402', 'OPTIMIZATION', '2026-07-30 08:30:00', '2026-09-17 08:30:00'), ('CSE420', 'COMPILER DESIGN', '2026-07-28 14:00:00', '2026-09-15 14:00:00'), ('CSE421', 'COMPUTER NETWORKS', '2026-07-25 14:00:00', '2026-09-12 14:00:00'), ('CSE422', 'ARTIFICIAL INTELLIGENCE', '2026-07-30 11:00:00', '2026-09-17 11:00:00'), ('CSE423', 'COMPUTER GRAPHICS', '2026-07-26 16:30:00', '2026-09-13 16:30:00'), ('CSE424', 'PATTERN RECOGNITION', '2026-07-29 14:00:00', '2026-09-16 14:00:00'), ('CSE425', 'NEURAL NETWORKS', '2026-07-25 11:00:00', '2026-09-12 11:00:00'), ('CSE426', 'ADVANCED ALGORITHMS', '2026-07-27 11:00:00', '2026-09-14 11:00:00'), ('CSE427', 'MACHINE LEARNING', '2026-07-28 11:00:00', '2026-09-15 11:00:00'), ('CSE428', 'IMAGE PROCESSING', '2026-07-29 14:00:00', '2026-09-16 14:00:00'), ('CSE437', 'DATA SCIENCE: CODING WITH REAL WORLD DATA', '2026-07-28 11:00:00', '2026-09-15 11:00:00'), ('CSE440', 'NATURAL LANGUAGE PROCESSING II', '2026-07-25 11:00:00', '2026-09-12 11:00:00'), ('CSE443', 'BIOINFORMATICS I', '2026-07-29 08:30:00', '2026-09-16 08:30:00'), ('CSE446', 'BLOCKCHAIN AND CRYPTOCURRENCIES', '2026-07-30 11:00:00', '2026-09-17 11:00:00'), ('CSE447', 'CRYPTOGRAPHY AND CRYPTOANALYSIS', '2026-07-27 14:00:00', '2026-09-14 14:00:00'), ('CSE449', 'PARALLEL, DISTRIBUTED, AND HIGH-PERFORMANCE COMPUTING (HPC)', '2026-07-26 14:00:00', '2026-09-13 14:00:00'), ('CSE460', 'VLSI DESIGN', '2026-07-25 16:30:00', '2026-09-12 16:30:00'), ('CSE461', 'INTRODUCTION TO ROBOTICS', '2026-07-27 16:30:00', '2026-09-14 16:30:00'), ('CSE463', 'COMPUTER VISION: FUNDAMENTALS AND APPLICATIONS', '2026-07-30 16:30:00', '2026-09-17 16:30:00'), ('CSE470', 'SOFTWARE ENGINEERING', '2026-07-29 16:30:00', '2026-09-16 16:30:00'), ('CSE471', 'SYSTEM ANALYSIS AND DESIGN', '2026-07-29 14:00:00', '2026-09-16 14:00:00'), ('CSE472', 'HUMAN COMPUTER INTERFACE', '2026-07-30 14:00:00', '2026-09-17 14:00:00'), ('CSE481', 'QUANTUM COMPUTING I', '2026-07-26 16:30:00', '2026-09-13 16:30:00'), ('CSE489', 'ANDROID APP DEVELOPMENT', '2026-08-02 08:30:00', '2026-09-19 08:30:00'), ('CSE490A', 'GAMIFICATION: ENGINEERING USER ENGAGEMENT', '2026-07-25 14:00:00', '2026-09-12 14:00:00'), ('CSE490B', 'INTRODUCTION TO CYBERSECURITY', '2026-07-30 16:30:00', '2026-09-17 16:30:00'), ('CSE490D', 'INTRODUCTION TO FOOTBALL DATA AND ANALYTICS', '2026-07-29 08:30:00', '2026-09-16 08:30:00'), ('CST204', 'COMMUNICATION FOR SOCIAL CHANGE', '2026-07-30 14:00:00', '2026-09-17 14:00:00'), ('CST301', 'FOR THE LOVE OF FOOD', '2026-07-30 11:00:00', '2026-09-17 11:00:00'), ('CST302', 'THE PURSUIT OF WELLBEING', '2026-08-01 11:00:00', '2026-09-18 11:00:00'), ('CST303', 'LAW FOR LIFE', '2026-07-29 11:00:00', '2026-09-16 11:00:00'), ('CST304', 'DOCUMENTARY FILM: THEORY AND PRACTICE', '2026-07-29 16:30:00', '2026-09-16 16:30:00'), ('CST305', 'BORDERS AND BELONGING: PAST AND FUTURE', '2026-07-29 14:00:00', '2026-09-16 14:00:00'), ('CST306', 'ETHICAL LEADERSHIP', '2026-07-28 11:00:00', '2026-09-15 11:00:00'), ('CST307', 'ART, COMMUNITY AND THE FUTURE', '2026-07-27 11:00:00', '2026-09-14 11:00:00'), ('CST308', 'RELIGIOUS PLURALISM, RELIGIOUS FREEDOM, AND DIALOGUE IN THE MODERN WORLD', '2026-07-29 11:00:00', '2026-09-16 11:00:00'), ('CST309', 'GLOBAL CITIZENSHIP', '2026-07-28 11:00:00', '2026-09-15 11:00:00'), ('CST333', 'PERSONAL FINANCE FOR SUSTAINABLE ECONOMIC WELLBEING', '2026-08-01 08:30:00', '2026-09-18 08:30:00'), ('DEV104', 'FOUNDATIONS OF INTERNATIONAL DEVELOPMENT', '2026-07-27 11:00:00', '2026-09-14 11:00:00'), ('DEV310', 'THE BANGLADESH ECONOMY IN A GLOBALIZED WORLD', '2026-07-29 11:00:00', '2026-09-16 11:00:00'), ('DEV320', 'PROJECT PLANNING AND MANAGEMENT IN INTERNATIONAL DEVELOPMENT', '2026-07-28 11:00:00', '2026-09-15 11:00:00'), ('DMG101', 'DISASTER, HAZARD, AND RISK', '2026-07-28 14:00:00', '2026-09-15 14:00:00'), ('DMG104', 'PLANNING THEORY AND METHOD I: RISK MITIGATION PERSPECTIVE', '2026-07-29 11:00:00', '2026-09-16 11:00:00'), ('ECE101', 'ELECTRICAL CIRCUITS I', '2026-07-29 14:00:00', '2026-09-16 14:00:00'), ('ECE101L', 'ELECTRICAL CIRCUITS I LABORATORY', '2026-07-28 09:00:00', '2026-09-15 09:00:00'), ('ECE103', 'COMPUTER PROGRAMMING', '2026-08-01 08:30:00', '2026-09-18 08:30:00'), ('ECE203', 'ELECTRICAL CIRCUITS II', '2026-08-02 11:00:00', '2026-09-19 11:00:00'), ('ECE203L', 'ELECTRICAL CIRCUITS II LABORATORY', '2026-07-28 09:00:00', '2026-09-15 09:00:00'), ('ECE205', 'ELECTRONIC CIRCUITS I', '2026-07-30 11:00:00', '2026-09-17 11:00:00'), ('ECE205L', 'ELECTRONIC CIRCUITS I LABORATORY', '2026-07-28 09:00:00', '2026-09-15 09:00:00') [23505-224]
	at org.h2.message.DbException.getJdbcSQLException(DbException.java:520) ~[h2-2.2.224.jar:2.2.224]
	at org.h2.message.DbException.getJdbcSQLException(DbException.java:489) ~[h2-2.2.224.jar:2.2.224]
	at org.h2.message.DbException.get(DbException.java:223) ~[h2-2.2.224.jar:2.2.224]
	at org.h2.message.DbException.get(DbException.java:199) ~[h2-2.2.224.jar:2.2.224]
	at org.h2.index.Index.getDuplicateKeyException(Index.java:527) ~[h2-2.2.224.jar:2.2.224]
	at org.h2.mvstore.db.MVSecondaryIndex.checkUnique(MVSecondaryIndex.java:223) ~[h2-2.2.224.jar:2.2.224]
	at org.h2.mvstore.db.MVSecondaryIndex.add(MVSecondaryIndex.java:184) ~[h2-2.2.224.jar:2.2.224]
	at org.h2.mvstore.db.MVTable.addRow(MVTable.java:519) ~[h2-2.2.224.jar:2.2.224]
	at org.h2.command.dml.Insert.insertRows(Insert.java:174) ~[h2-2.2.224.jar:2.2.224]
	at org.h2.command.dml.Insert.update(Insert.java:135) ~[h2-2.2.224.jar:2.2.224]
	at org.h2.command.dml.DataChangeStatement.update(DataChangeStatement.java:74) ~[h2-2.2.224.jar:2.2.224]
	at org.h2.command.CommandContainer.update(CommandContainer.java:169) ~[h2-2.2.224.jar:2.2.224]
	at org.h2.command.Command.executeUpdate(Command.java:256) ~[h2-2.2.224.jar:2.2.224]
	at org.h2.jdbc.JdbcStatement.executeInternal(JdbcStatement.java:262) ~[h2-2.2.224.jar:2.2.224]
	at org.h2.jdbc.JdbcStatement.execute(JdbcStatement.java:231) ~[h2-2.2.224.jar:2.2.224]
	at com.zaxxer.hikari.pool.ProxyStatement.execute(ProxyStatement.java:94) ~[HikariCP-5.1.0.jar:na]
	at com.zaxxer.hikari.pool.HikariProxyStatement.execute(HikariProxyStatement.java) ~[HikariCP-5.1.0.jar:na]
	at org.springframework.jdbc.datasource.init.ScriptUtils.executeSqlScript(ScriptUtils.java:261) ~[spring-jdbc-6.1.11.jar:6.1.11]
	... 33 common frames omitted

[INFO] ------------------------------------------------------------------------
[INFO] BUILD SUCCESS
[INFO] ------------------------------------------------------------------------
[INFO] Total time:  31.197 s
[INFO] Finished at: 2026-09-04T19:20:04+06:00
[INFO] ------------------------------------------------------------------------
