[INFO] Scanning for projects...
[INFO] 
[INFO] ---------------------< com.campusconnect:backend >----------------------
[INFO] Building CampusConnect Backend 0.1.0-SNAPSHOT
[INFO]   from pom.xml
[INFO] --------------------------------[ jar ]---------------------------------
[INFO] 
[INFO] >>> spring-boot:3.3.2:run (default-cli) > test-compile @ backend >>>
[INFO] 
[INFO] --- resources:3.3.1:resources (default-resources) @ backend ---
[INFO] Copying 3 resources from src\main\resources to target\classes
[INFO] Copying 2 resources from src\main\resources to target\classes
[INFO] 
[INFO] --- compiler:3.13.0:compile (default-compile) @ backend ---
[INFO] Nothing to compile - all classes are up to date.
[INFO] 
[INFO] --- resources:3.3.1:testResources (default-testResources) @ backend ---
[INFO] skip non existing resourceDirectory E:\CampusConnect\backend\src\test\resources
[INFO] 
[INFO] --- compiler:3.13.0:testCompile (default-testCompile) @ backend ---
[INFO] Nothing to compile - all classes are up to date.
[INFO] 
[INFO] <<< spring-boot:3.3.2:run (default-cli) < test-compile @ backend <<<
[INFO] 
[INFO] 
[INFO] --- spring-boot:3.3.2:run (default-cli) @ backend ---
[INFO] Attaching agents: []

  .   ____          _            __ _ _
 /\\ / ___'_ __ _ _(_)_ __  __ _ \ \ \ \
( ( )\___ | '_ | '_| | '_ \/ _` | \ \ \ \
 \\/  ___)| |_)| | | | | || (_| |  ) ) ) )
  '  |____| .__|_| |_|_| |_\__, | / / / /
 =========|_|==============|___/=/_/_/_/

 :: Spring Boot ::                (v3.3.2)

2026-09-04T19:51:02.645+06:00  INFO 18860 --- [campusconnect-backend] [  restartedMain] c.c.backend.BackendApplication           : Starting BackendApplication using Java 17.0.20.1 with PID 18860 (E:\CampusConnect\backend\target\classes started by jawad in E:\CampusConnect\backend)
2026-09-04T19:51:02.649+06:00 DEBUG 18860 --- [campusconnect-backend] [  restartedMain] c.c.backend.BackendApplication           : Running with Spring Boot v3.3.2, Spring v6.1.11
2026-09-04T19:51:02.649+06:00  INFO 18860 --- [campusconnect-backend] [  restartedMain] c.c.backend.BackendApplication           : The following 1 profile is active: "dev"
2026-09-04T19:51:02.725+06:00  INFO 18860 --- [campusconnect-backend] [  restartedMain] .e.DevToolsPropertyDefaultsPostProcessor : Devtools property defaults active! Set 'spring.devtools.add-properties' to 'false' to disable
2026-09-04T19:51:02.725+06:00  INFO 18860 --- [campusconnect-backend] [  restartedMain] .e.DevToolsPropertyDefaultsPostProcessor : For additional web related logging consider setting the 'logging.level.web' property to 'DEBUG'
2026-09-04T19:51:03.629+06:00  INFO 18860 --- [campusconnect-backend] [  restartedMain] .s.d.r.c.RepositoryConfigurationDelegate : Bootstrapping Spring Data JPA repositories in DEFAULT mode.
2026-09-04T19:51:03.801+06:00  INFO 18860 --- [campusconnect-backend] [  restartedMain] .s.d.r.c.RepositoryConfigurationDelegate : Finished Spring Data repository scanning in 153 ms. Found 26 JPA repository interfaces.
2026-09-04T19:51:13.315+06:00  INFO 18860 --- [campusconnect-backend] [  restartedMain] o.s.b.w.embedded.tomcat.TomcatWebServer  : Tomcat initialized with port 8080 (http)
2026-09-04T19:51:13.334+06:00  INFO 18860 --- [campusconnect-backend] [  restartedMain] o.apache.catalina.core.StandardService   : Starting service [Tomcat]
2026-09-04T19:51:13.334+06:00  INFO 18860 --- [campusconnect-backend] [  restartedMain] o.apache.catalina.core.StandardEngine    : Starting Servlet engine: [Apache Tomcat/10.1.26]
2026-09-04T19:51:13.394+06:00  INFO 18860 --- [campusconnect-backend] [  restartedMain] o.a.c.c.C.[Tomcat].[localhost].[/]       : Initializing Spring embedded WebApplicationContext
2026-09-04T19:51:13.397+06:00  INFO 18860 --- [campusconnect-backend] [  restartedMain] w.s.c.ServletWebServerApplicationContext : Root WebApplicationContext: initialization completed in 10668 ms
2026-09-04T19:51:13.437+06:00  INFO 18860 --- [campusconnect-backend] [  restartedMain] com.zaxxer.hikari.HikariDataSource       : HikariPool-1 - Starting...
2026-09-04T19:51:13.696+06:00  INFO 18860 --- [campusconnect-backend] [  restartedMain] com.zaxxer.hikari.pool.HikariPool        : HikariPool-1 - Added connection conn0: url=jdbc:h2:mem:campusconnectdb user=SA
2026-09-04T19:51:13.697+06:00  INFO 18860 --- [campusconnect-backend] [  restartedMain] com.zaxxer.hikari.HikariDataSource       : HikariPool-1 - Start completed.
2026-09-04T19:51:13.708+06:00  INFO 18860 --- [campusconnect-backend] [  restartedMain] o.s.b.a.h2.H2ConsoleAutoConfiguration    : H2 console available at '/h2-console'. Database available at 'jdbc:h2:mem:campusconnectdb'
2026-09-04T19:51:13.778+06:00 DEBUG 18860 --- [campusconnect-backend] [  restartedMain] c.c.backend.security.JwtAuthFilter       : Filter 'jwtAuthFilter' configured for use
2026-09-04T19:51:13.884+06:00  INFO 18860 --- [campusconnect-backend] [  restartedMain] o.hibernate.jpa.internal.util.LogHelper  : HHH000204: Processing PersistenceUnitInfo [name: default]
2026-09-04T19:51:13.983+06:00  INFO 18860 --- [campusconnect-backend] [  restartedMain] org.hibernate.Version                    : HHH000412: Hibernate ORM core version 6.5.2.Final
2026-09-04T19:51:14.032+06:00  INFO 18860 --- [campusconnect-backend] [  restartedMain] o.h.c.internal.RegionFactoryInitiator    : HHH000026: Second-level cache disabled
2026-09-04T19:51:14.473+06:00  INFO 18860 --- [campusconnect-backend] [  restartedMain] o.s.o.j.p.SpringPersistenceUnitInfo      : No LoadTimeWeaver setup: ignoring JPA class transformer
2026-09-04T19:51:14.549+06:00  WARN 18860 --- [campusconnect-backend] [  restartedMain] org.hibernate.orm.deprecation            : HHH90000025: H2Dialect does not need to be specified explicitly using 'hibernate.dialect' (remove the property setting and it will be selected by default)
2026-09-04T19:51:16.057+06:00  INFO 18860 --- [campusconnect-backend] [  restartedMain] o.h.e.t.j.p.i.JtaPlatformInitiator       : HHH000489: No JTA platform available (set 'hibernate.transaction.jta.platform' to enable JTA platform integration)
2026-09-04T19:51:16.079+06:00 DEBUG 18860 --- [campusconnect-backend] [  restartedMain] org.hibernate.SQL                        : 
    drop table if exists advised_courses cascade 
Hibernate: 
    drop table if exists advised_courses cascade 
2026-09-04T19:51:16.085+06:00 DEBUG 18860 --- [campusconnect-backend] [  restartedMain] org.hibernate.SQL                        : 
    drop table if exists advising_portal_status cascade 
Hibernate: 
    drop table if exists advising_portal_status cascade 
2026-09-04T19:51:16.087+06:00 DEBUG 18860 --- [campusconnect-backend] [  restartedMain] org.hibernate.SQL                        : 
    drop table if exists advisor_available_days cascade 
Hibernate: 
    drop table if exists advisor_available_days cascade 
2026-09-04T19:51:16.088+06:00 DEBUG 18860 --- [campusconnect-backend] [  restartedMain] org.hibernate.SQL                        : 
    drop table if exists advisor_specialties cascade 
Hibernate: 
    drop table if exists advisor_specialties cascade 
2026-09-04T19:51:16.089+06:00 DEBUG 18860 --- [campusconnect-backend] [  restartedMain] org.hibernate.SQL                        : 
    drop table if exists advisors cascade 
Hibernate: 
    drop table if exists advisors cascade 
2026-09-04T19:51:16.090+06:00 DEBUG 18860 --- [campusconnect-backend] [  restartedMain] org.hibernate.SQL                        : 
    drop table if exists app_users cascade 
Hibernate: 
    drop table if exists app_users cascade 
2026-09-04T19:51:16.090+06:00 DEBUG 18860 --- [campusconnect-backend] [  restartedMain] org.hibernate.SQL                        : 
    drop table if exists assignments cascade 
Hibernate: 
    drop table if exists assignments cascade 
2026-09-04T19:51:16.091+06:00 DEBUG 18860 --- [campusconnect-backend] [  restartedMain] org.hibernate.SQL                        : 
    drop table if exists attendance_records cascade 
Hibernate: 
    drop table if exists attendance_records cascade 
2026-09-04T19:51:16.092+06:00 DEBUG 18860 --- [campusconnect-backend] [  restartedMain] org.hibernate.SQL                        : 
    drop table if exists chat_messages cascade 
Hibernate: 
    drop table if exists chat_messages cascade 
2026-09-04T19:51:16.092+06:00 DEBUG 18860 --- [campusconnect-backend] [  restartedMain] org.hibernate.SQL                        : 
    drop table if exists club_applications cascade 
Hibernate: 
    drop table if exists club_applications cascade 
2026-09-04T19:51:16.093+06:00 DEBUG 18860 --- [campusconnect-backend] [  restartedMain] org.hibernate.SQL                        : 
    drop table if exists club_notices cascade 
Hibernate: 
    drop table if exists club_notices cascade 
2026-09-04T19:51:16.094+06:00 DEBUG 18860 --- [campusconnect-backend] [  restartedMain] org.hibernate.SQL                        : 
    drop table if exists course_catalog cascade 
Hibernate: 
    drop table if exists course_catalog cascade 
2026-09-04T19:51:16.094+06:00 DEBUG 18860 --- [campusconnect-backend] [  restartedMain] org.hibernate.SQL                        : 
    drop table if exists course_channel_members cascade 
Hibernate: 
    drop table if exists course_channel_members cascade 
2026-09-04T19:51:16.095+06:00 DEBUG 18860 --- [campusconnect-backend] [  restartedMain] org.hibernate.SQL                        : 
    drop table if exists course_section cascade 
Hibernate: 
    drop table if exists course_section cascade 
2026-09-04T19:51:16.095+06:00 DEBUG 18860 --- [campusconnect-backend] [  restartedMain] org.hibernate.SQL                        : 
    drop table if exists exam_schedules cascade 
Hibernate: 
    drop table if exists exam_schedules cascade 
2026-09-04T19:51:16.095+06:00 DEBUG 18860 --- [campusconnect-backend] [  restartedMain] org.hibernate.SQL                        : 
    drop table if exists faculty_directory_entries cascade 
Hibernate: 
    drop table if exists faculty_directory_entries cascade 
2026-09-04T19:51:16.095+06:00 DEBUG 18860 --- [campusconnect-backend] [  restartedMain] org.hibernate.SQL                        : 
    drop table if exists in_app_notification_preferences cascade 
Hibernate: 
    drop table if exists in_app_notification_preferences cascade 
2026-09-04T19:51:16.097+06:00 DEBUG 18860 --- [campusconnect-backend] [  restartedMain] org.hibernate.SQL                        : 
    drop table if exists notifications cascade 
Hibernate: 
    drop table if exists notifications cascade 
2026-09-04T19:51:16.097+06:00 DEBUG 18860 --- [campusconnect-backend] [  restartedMain] org.hibernate.SQL                        : 
    drop table if exists payment_records cascade 
Hibernate: 
    drop table if exists payment_records cascade 
2026-09-04T19:51:16.098+06:00 DEBUG 18860 --- [campusconnect-backend] [  restartedMain] org.hibernate.SQL                        : 
    drop table if exists recruitments cascade 
Hibernate: 
    drop table if exists recruitments cascade 
2026-09-04T19:51:16.098+06:00 DEBUG 18860 --- [campusconnect-backend] [  restartedMain] org.hibernate.SQL                        : 
    drop table if exists section_registrations cascade 
Hibernate: 
    drop table if exists section_registrations cascade 
2026-09-04T19:51:16.099+06:00 DEBUG 18860 --- [campusconnect-backend] [  restartedMain] org.hibernate.SQL                        : 
    drop table if exists student_completed_courses cascade 
Hibernate: 
    drop table if exists student_completed_courses cascade 
2026-09-04T19:51:16.099+06:00 DEBUG 18860 --- [campusconnect-backend] [  restartedMain] org.hibernate.SQL                        : 
    drop table if exists student_profiles cascade 
Hibernate: 
    drop table if exists student_profiles cascade 
2026-09-04T19:51:16.099+06:00 DEBUG 18860 --- [campusconnect-backend] [  restartedMain] org.hibernate.SQL                        : 
    drop table if exists submissions cascade 
Hibernate: 
    drop table if exists submissions cascade 
2026-09-04T19:51:16.099+06:00 DEBUG 18860 --- [campusconnect-backend] [  restartedMain] org.hibernate.SQL                        : 
    drop table if exists test_courses cascade 
Hibernate: 
    drop table if exists test_courses cascade 
2026-09-04T19:51:16.100+06:00 DEBUG 18860 --- [campusconnect-backend] [  restartedMain] org.hibernate.SQL                        : 
    drop table if exists test_faculties cascade 
Hibernate: 
    drop table if exists test_faculties cascade 
2026-09-04T19:51:16.100+06:00 DEBUG 18860 --- [campusconnect-backend] [  restartedMain] org.hibernate.SQL                        : 
    drop table if exists test_sections cascade 
Hibernate: 
    drop table if exists test_sections cascade 
2026-09-04T19:51:16.101+06:00 DEBUG 18860 --- [campusconnect-backend] [  restartedMain] org.hibernate.SQL                        : 
    drop table if exists user_profile_pictures cascade 
Hibernate: 
    drop table if exists user_profile_pictures cascade 
2026-09-04T19:51:16.110+06:00 DEBUG 18860 --- [campusconnect-backend] [  restartedMain] org.hibernate.SQL                        : 
    create table advised_courses (
        credits integer not null,
        id bigint generated by default as identity,
        course_code varchar(20) not null,
        section varchar(30) not null,
        section_id varchar(30) not null,
        term varchar(30),
        student_id varchar(50) not null,
        room varchar(60) not null,
        assigned_at varchar(255) not null,
        assigned_by varchar(255) not null,
        course_title varchar(255) not null,
        faculty varchar(255) not null,
        time TEXT not null,
        primary key (id)
    )
Hibernate: 
    create table advised_courses (
        credits integer not null,
        id bigint generated by default as identity,
        course_code varchar(20) not null,
        section varchar(30) not null,
        section_id varchar(30) not null,
        term varchar(30),
        student_id varchar(50) not null,
        room varchar(60) not null,
        assigned_at varchar(255) not null,
        assigned_by varchar(255) not null,
        course_title varchar(255) not null,
        faculty varchar(255) not null,
        time TEXT not null,
        primary key (id)
    )
2026-09-04T19:51:16.565+06:00 DEBUG 18860 --- [campusconnect-backend] [  restartedMain] org.hibernate.SQL                        : 
    create table advising_portal_status (
        is_open boolean not null,
        id bigint not null,
        updated_at timestamp(6),
        message varchar(512),
        updated_by varchar(255),
        primary key (id)
    )
Hibernate: 
    create table advising_portal_status (
        is_open boolean not null,
        id bigint not null,
        updated_at timestamp(6),
        message varchar(512),
        updated_by varchar(255),
        primary key (id)
    )
2026-09-04T19:51:16.567+06:00 DEBUG 18860 --- [campusconnect-backend] [  restartedMain] org.hibernate.SQL                        : 
    create table advisor_available_days (
        advisor_id bigint not null,
        day_name varchar(255)
    )
Hibernate: 
    create table advisor_available_days (
        advisor_id bigint not null,
        day_name varchar(255)
    )
2026-09-04T19:51:16.568+06:00 DEBUG 18860 --- [campusconnect-backend] [  restartedMain] org.hibernate.SQL                        : 
    create table advisor_specialties (
        advisor_id bigint not null,
        specialty varchar(255)
    )
Hibernate: 
    create table advisor_specialties (
        advisor_id bigint not null,
        specialty varchar(255)
    )
2026-09-04T19:51:16.569+06:00 DEBUG 18860 --- [campusconnect-backend] [  restartedMain] org.hibernate.SQL                        : 
    create table advisors (
        id bigint generated by default as identity,
        department varchar(20) not null,
        available_hours varchar(255) not null,
        bio TEXT,
        department_label varchar(255) not null,
        email varchar(255) not null,
        name varchar(255) not null,
        title varchar(255) not null,
        primary key (id)
    )
Hibernate: 
    create table advisors (
        id bigint generated by default as identity,
        department varchar(20) not null,
        available_hours varchar(255) not null,
        bio TEXT,
        department_label varchar(255) not null,
        email varchar(255) not null,
        name varchar(255) not null,
        title varchar(255) not null,
        primary key (id)
    )
2026-09-04T19:51:16.570+06:00 DEBUG 18860 --- [campusconnect-backend] [  restartedMain] org.hibernate.SQL                        : 
    create table app_users (
        active boolean,
        is_advisor boolean,
        reminder_hours integer,
        id bigint generated by default as identity,
        role varchar(20) not null,
        created_at varchar(40),
        user_id varchar(50) not null unique,
        full_name varchar(120) not null,
        email varchar(150) not null unique,
        password_hash varchar(255) not null,
        primary key (id)
    )
Hibernate: 
    create table app_users (
        active boolean,
        is_advisor boolean,
        reminder_hours integer,
        id bigint generated by default as identity,
        role varchar(20) not null,
        created_at varchar(40),
        user_id varchar(50) not null unique,
        full_name varchar(120) not null,
        email varchar(150) not null unique,
        password_hash varchar(255) not null,
        primary key (id)
    )
2026-09-04T19:51:16.574+06:00 DEBUG 18860 --- [campusconnect-backend] [  restartedMain] org.hibernate.SQL                        : 
    create table assignments (
        total_points integer not null,
        created_at timestamp(6),
        deadline timestamp(6) not null,
        id bigint generated by default as identity,
        course_code varchar(20) not null,
        attachment_type varchar(100),
        created_by varchar(100),
        course_name varchar(200) not null,
        attachment_name varchar(300),
        title varchar(300) not null,
        attachment_data BYTEA,
        description TEXT,
        primary key (id)
    )
Hibernate: 
    create table assignments (
        total_points integer not null,
        created_at timestamp(6),
        deadline timestamp(6) not null,
        id bigint generated by default as identity,
        course_code varchar(20) not null,
        attachment_type varchar(100),
        created_by varchar(100),
        course_name varchar(200) not null,
        attachment_name varchar(300),
        title varchar(300) not null,
        attachment_data BYTEA,
        description TEXT,
        primary key (id)
    )
2026-09-04T19:51:16.577+06:00 DEBUG 18860 --- [campusconnect-backend] [  restartedMain] org.hibernate.SQL                        : 
    create table attendance_records (
        id bigint generated by default as identity,
        date varchar(10) not null,
        status varchar(10) not null,
        course_id varchar(20) not null,
        student_id varchar(20) not null,
        marked_at varchar(40),
        course_name varchar(120) not null,
        marked_by varchar(120),
        student_name varchar(120) not null,
        primary key (id)
    )
Hibernate: 
    create table attendance_records (
        id bigint generated by default as identity,
        date varchar(10) not null,
        status varchar(10) not null,
        course_id varchar(20) not null,
        student_id varchar(20) not null,
        marked_at varchar(40),
        course_name varchar(120) not null,
        marked_by varchar(120),
        student_name varchar(120) not null,
        primary key (id)
    )
2026-09-04T19:51:16.578+06:00 DEBUG 18860 --- [campusconnect-backend] [  restartedMain] org.hibernate.SQL                        : 
    create table chat_messages (
        created_at timestamp(6) with time zone not null,
        id bigint generated by default as identity,
        author_role varchar(32) not null,
        course_id varchar(64) not null,
        sub_channel_id varchar(64) not null,
        author_id varchar(128) not null,
        author_name varchar(128) not null,
        content varchar(2000),
        attachments_json varchar(4000),
        primary key (id)
    )
Hibernate: 
    create table chat_messages (
        created_at timestamp(6) with time zone not null,
        id bigint generated by default as identity,
        author_role varchar(32) not null,
        course_id varchar(64) not null,
        sub_channel_id varchar(64) not null,
        author_id varchar(128) not null,
        author_name varchar(128) not null,
        content varchar(2000),
        attachments_json varchar(4000),
        primary key (id)
    )
2026-09-04T19:51:16.579+06:00 DEBUG 18860 --- [campusconnect-backend] [  restartedMain] org.hibernate.SQL                        : 
    create table club_applications (
        id bigint generated by default as identity,
        recruitment_id varchar(20),
        status varchar(20),
        applied_at varchar(40),
        club_name varchar(100) not null,
        role varchar(100) not null,
        student_name varchar(120) not null,
        student_email varchar(200) not null,
        motivation TEXT,
        primary key (id)
    )
Hibernate: 
    create table club_applications (
        id bigint generated by default as identity,
        recruitment_id varchar(20),
        status varchar(20),
        applied_at varchar(40),
        club_name varchar(100) not null,
        role varchar(100) not null,
        student_name varchar(120) not null,
        student_email varchar(200) not null,
        motivation TEXT,
        primary key (id)
    )
2026-09-04T19:51:16.580+06:00 DEBUG 18860 --- [campusconnect-backend] [  restartedMain] org.hibernate.SQL                        : 
    create table club_notices (
        pinned boolean not null,
        id bigint generated by default as identity,
        posted_at varchar(40),
        club_name varchar(100) not null,
        posted_by varchar(100),
        title varchar(200) not null,
        body TEXT not null,
        primary key (id)
    )
Hibernate: 
    create table club_notices (
        pinned boolean not null,
        id bigint generated by default as identity,
        posted_at varchar(40),
        club_name varchar(100) not null,
        posted_by varchar(100),
        title varchar(200) not null,
        body TEXT not null,
        primary key (id)
    )
2026-09-04T19:51:16.581+06:00 DEBUG 18860 --- [campusconnect-backend] [  restartedMain] org.hibernate.SQL                        : 
    create table course_catalog (
        academic_year integer,
        capacity integer,
        credits float(53) not null,
        enrolled integer,
        is_gen_ed boolean,
        rating float(53),
        total_booked integer,
        total_seats integer,
        total_sections integer,
        id bigint generated by default as identity,
        code varchar(20) not null,
        faculty_id varchar(20),
        semester varchar(20),
        academic_degree varchar(50),
        department varchar(150),
        final_exam_schedule varchar(150),
        mid_exam_schedule varchar(150),
        school varchar(200),
        tags varchar(200),
        description TEXT,
        instructor varchar(255),
        name varchar(255) not null,
        prerequisites TEXT,
        primary key (id)
    )
Hibernate: 
    create table course_catalog (
        academic_year integer,
        capacity integer,
        credits float(53) not null,
        enrolled integer,
        is_gen_ed boolean,
        rating float(53),
        total_booked integer,
        total_seats integer,
        total_sections integer,
        id bigint generated by default as identity,
        code varchar(20) not null,
        faculty_id varchar(20),
        semester varchar(20),
        academic_degree varchar(50),
        department varchar(150),
        final_exam_schedule varchar(150),
        mid_exam_schedule varchar(150),
        school varchar(200),
        tags varchar(200),
        description TEXT,
        instructor varchar(255),
        name varchar(255) not null,
        prerequisites TEXT,
        primary key (id)
    )
2026-09-04T19:51:16.583+06:00 DEBUG 18860 --- [campusconnect-backend] [  restartedMain] org.hibernate.SQL                        : 
    create table course_channel_members (
        id bigint generated by default as identity,
        updated_at timestamp(6) with time zone not null,
        course_code varchar(32),
        status varchar(32) not null,
        user_role varchar(32) not null,
        added_by varchar(64),
        channel_id varchar(64) not null,
        user_id varchar(64) not null,
        user_email varchar(128),
        user_name varchar(128),
        primary key (id),
        constraint uk_channel_member unique (channel_id, user_id)
    )
Hibernate: 
    create table course_channel_members (
        id bigint generated by default as identity,
        updated_at timestamp(6) with time zone not null,
        course_code varchar(32),
        status varchar(32) not null,
        user_role varchar(32) not null,
        added_by varchar(64),
        channel_id varchar(64) not null,
        user_id varchar(64) not null,
        user_email varchar(128),
        user_name varchar(128),
        primary key (id),
        constraint uk_channel_member unique (channel_id, user_id)
    )
2026-09-04T19:51:16.587+06:00 DEBUG 18860 --- [campusconnect-backend] [  restartedMain] org.hibernate.SQL                        : 
    create table course_section (
        booked integer not null,
        credits float(53),
        total_seats integer not null,
        code varchar(30) not null,
        section varchar(30) not null,
        id varchar(60) not null,
        room varchar(60) not null,
        midterm_exam varchar(100),
        exam_day varchar(255),
        faculty varchar(255) not null,
        prerequisite_codes TEXT,
        time TEXT not null,
        title varchar(255) not null,
        primary key (id)
    )
Hibernate: 
    create table course_section (
        booked integer not null,
        credits float(53),
        total_seats integer not null,
        code varchar(30) not null,
        section varchar(30) not null,
        id varchar(60) not null,
        room varchar(60) not null,
        midterm_exam varchar(100),
        exam_day varchar(255),
        faculty varchar(255) not null,
        prerequisite_codes TEXT,
        time TEXT not null,
        title varchar(255) not null,
        primary key (id)
    )
2026-09-04T19:51:16.591+06:00 DEBUG 18860 --- [campusconnect-backend] [  restartedMain] org.hibernate.SQL                        : 
    create table exam_schedules (
        final_date timestamp(6) not null,
        id bigint generated by default as identity,
        midterm_date timestamp(6) not null,
        course_code varchar(30) not null unique,
        course_name varchar(255) not null,
        primary key (id)
    )
Hibernate: 
    create table exam_schedules (
        final_date timestamp(6) not null,
        id bigint generated by default as identity,
        midterm_date timestamp(6) not null,
        course_code varchar(30) not null unique,
        course_name varchar(255) not null,
        primary key (id)
    )
2026-09-04T19:51:16.594+06:00 DEBUG 18860 --- [campusconnect-backend] [  restartedMain] org.hibernate.SQL                        : 
    create table faculty_directory_entries (
        id bigint generated by default as identity,
        thesis_level varchar(20),
        thesis_status varchar(30) not null,
        category varchar(100) not null,
        name varchar(180) not null,
        position varchar(180) not null,
        email varchar(220) not null unique,
        profile_url varchar(500),
        primary key (id)
    )
Hibernate: 
    create table faculty_directory_entries (
        id bigint generated by default as identity,
        thesis_level varchar(20),
        thesis_status varchar(30) not null,
        category varchar(100) not null,
        name varchar(180) not null,
        position varchar(180) not null,
        email varchar(220) not null unique,
        profile_url varchar(500),
        primary key (id)
    )
2026-09-04T19:51:16.598+06:00 DEBUG 18860 --- [campusconnect-backend] [  restartedMain] org.hibernate.SQL                        : 
    create table in_app_notification_preferences (
        advising boolean not null,
        announcements boolean not null,
        assignments boolean not null,
        exams boolean not null,
        grades boolean not null,
        user_id varchar(50) not null,
        primary key (user_id)
    )
Hibernate: 
    create table in_app_notification_preferences (
        advising boolean not null,
        announcements boolean not null,
        assignments boolean not null,
        exams boolean not null,
        grades boolean not null,
        user_id varchar(50) not null,
        primary key (user_id)
    )
2026-09-04T19:51:16.599+06:00 DEBUG 18860 --- [campusconnect-backend] [  restartedMain] org.hibernate.SQL                        : 
    create table notifications (
        is_read boolean not null,
        created_at timestamp(6) with time zone not null,
        id bigint generated by default as identity,
        type varchar(64) not null,
        user_id varchar(64) not null,
        link varchar(255),
        payload TEXT,
        title varchar(255) not null,
        primary key (id)
    )
Hibernate: 
    create table notifications (
        is_read boolean not null,
        created_at timestamp(6) with time zone not null,
        id bigint generated by default as identity,
        type varchar(64) not null,
        user_id varchar(64) not null,
        link varchar(255),
        payload TEXT,
        title varchar(255) not null,
        primary key (id)
    )
2026-09-04T19:51:16.600+06:00 DEBUG 18860 --- [campusconnect-backend] [  restartedMain] org.hibernate.SQL                        : 
    create table payment_records (
        gross_payable float(53) not null,
        net_payable float(53) not null,
        semester_fee float(53) not null,
        total_course_fee float(53) not null,
        created_at timestamp(6) not null,
        id bigint generated by default as identity,
        paid_at timestamp(6) not null,
        term varchar(30) not null,
        payment_status varchar(40) not null,
        payment_method varchar(50) not null,
        student_id varchar(50) not null,
        receipt_number varchar(60) not null unique,
        bank_name varchar(100),
        department varchar(100),
        transaction_id varchar(100) not null,
        student_name varchar(150) not null,
        amount_in_words varchar(255),
        items_json TEXT,
        primary key (id)
    )
Hibernate: 
    create table payment_records (
        gross_payable float(53) not null,
        net_payable float(53) not null,
        semester_fee float(53) not null,
        total_course_fee float(53) not null,
        created_at timestamp(6) not null,
        id bigint generated by default as identity,
        paid_at timestamp(6) not null,
        term varchar(30) not null,
        payment_status varchar(40) not null,
        payment_method varchar(50) not null,
        student_id varchar(50) not null,
        receipt_number varchar(60) not null unique,
        bank_name varchar(100),
        department varchar(100),
        transaction_id varchar(100) not null,
        student_name varchar(150) not null,
        amount_in_words varchar(255),
        items_json TEXT,
        primary key (id)
    )
2026-09-04T19:51:16.601+06:00 DEBUG 18860 --- [campusconnect-backend] [  restartedMain] org.hibernate.SQL                        : 
    create table recruitments (
        active boolean not null,
        slots integer not null,
        id bigint generated by default as identity,
        deadline varchar(20),
        posted_at varchar(40),
        club_name varchar(100) not null,
        role varchar(100) not null,
        description TEXT not null,
        primary key (id)
    )
Hibernate: 
    create table recruitments (
        active boolean not null,
        slots integer not null,
        id bigint generated by default as identity,
        deadline varchar(20),
        posted_at varchar(40),
        club_name varchar(100) not null,
        role varchar(100) not null,
        description TEXT not null,
        primary key (id)
    )
2026-09-04T19:51:16.602+06:00 DEBUG 18860 --- [campusconnect-backend] [  restartedMain] org.hibernate.SQL                        : 
    create table section_registrations (
        id bigint generated by default as identity,
        registered_at timestamp(6) not null,
        term varchar(20) not null,
        student_id varchar(50) not null,
        section_id varchar(60) not null,
        primary key (id),
        constraint uq_student_section_term unique (student_id, section_id, term)
    )
Hibernate: 
    create table section_registrations (
        id bigint generated by default as identity,
        registered_at timestamp(6) not null,
        term varchar(20) not null,
        student_id varchar(50) not null,
        section_id varchar(60) not null,
        primary key (id),
        constraint uq_student_section_term unique (student_id, section_id, term)
    )
2026-09-04T19:51:16.605+06:00 DEBUG 18860 --- [campusconnect-backend] [  restartedMain] org.hibernate.SQL                        : 
    create table student_completed_courses (
        credits integer not null,
        grade_point float(53),
        is_bypassed boolean not null,
        id bigint generated by default as identity,
        grade varchar(20),
        course_code varchar(30) not null,
        bypassed_at varchar(50),
        semester varchar(50),
        student_id varchar(50) not null,
        bypassed_by varchar(100),
        course_title varchar(200) not null,
        reason varchar(255),
        primary key (id)
    )
Hibernate: 
    create table student_completed_courses (
        credits integer not null,
        grade_point float(53),
        is_bypassed boolean not null,
        id bigint generated by default as identity,
        grade varchar(20),
        course_code varchar(30) not null,
        bypassed_at varchar(50),
        semester varchar(50),
        student_id varchar(50) not null,
        bypassed_by varchar(100),
        course_title varchar(200) not null,
        reason varchar(255),
        primary key (id)
    )
2026-09-04T19:51:16.607+06:00 DEBUG 18860 --- [campusconnect-backend] [  restartedMain] org.hibernate.SQL                        : 
    create table student_profiles (
        advising_confirmed boolean,
        cgpa float(53) not null,
        completed_credits integer not null,
        on_probation boolean not null,
        year integer not null,
        student_id varchar(50) not null,
        advising_confirmed_at varchar(255),
        completed_courses TEXT,
        department varchar(255) not null,
        email varchar(255) not null,
        student_name varchar(255) not null,
        primary key (student_id)
    )
Hibernate: 
    create table student_profiles (
        advising_confirmed boolean,
        cgpa float(53) not null,
        completed_credits integer not null,
        on_probation boolean not null,
        year integer not null,
        student_id varchar(50) not null,
        advising_confirmed_at varchar(255),
        completed_courses TEXT,
        department varchar(255) not null,
        email varchar(255) not null,
        student_name varchar(255) not null,
        primary key (student_id)
    )
2026-09-04T19:51:16.608+06:00 DEBUG 18860 --- [campusconnect-backend] [  restartedMain] org.hibernate.SQL                        : 
    create table submissions (
        assignment_id bigint not null,
        id bigint generated by default as identity,
        submitted_at timestamp(6),
        status varchar(20) not null,
        student_id varchar(20) not null,
        file_type varchar(100),
        student_name varchar(100),
        file_name varchar(300),
        file_data BYTEA,
        primary key (id),
        constraint uk_submission_assignment_student unique (assignment_id, student_id)
    )
Hibernate: 
    create table submissions (
        assignment_id bigint not null,
        id bigint generated by default as identity,
        submitted_at timestamp(6),
        status varchar(20) not null,
        student_id varchar(20) not null,
        file_type varchar(100),
        student_name varchar(100),
        file_name varchar(300),
        file_data BYTEA,
        primary key (id),
        constraint uk_submission_assignment_student unique (assignment_id, student_id)
    )
2026-09-04T19:51:16.612+06:00 DEBUG 18860 --- [campusconnect-backend] [  restartedMain] org.hibernate.SQL                        : 
    create table test_courses (
        credits float(53) not null,
        id bigint generated by default as identity,
        code varchar(30) not null unique,
        academic_degree varchar(50),
        department varchar(150) not null,
        name varchar(150) not null,
        school varchar(150),
        description TEXT,
        prerequisites TEXT,
        primary key (id)
    )
Hibernate: 
    create table test_courses (
        credits float(53) not null,
        id bigint generated by default as identity,
        code varchar(30) not null unique,
        academic_degree varchar(50),
        department varchar(150) not null,
        name varchar(150) not null,
        school varchar(150),
        description TEXT,
        prerequisites TEXT,
        primary key (id)
    )
2026-09-04T19:51:16.613+06:00 DEBUG 18860 --- [campusconnect-backend] [  restartedMain] org.hibernate.SQL                        : 
    create table test_faculties (
        is_advisor boolean,
        id bigint generated by default as identity,
        created_at varchar(40),
        faculty_id varchar(50) not null unique,
        user_id varchar(50) not null,
        office_room varchar(60),
        designation varchar(80) not null,
        name varchar(120) not null,
        department varchar(150) not null,
        email varchar(150) not null unique,
        primary key (id)
    )
Hibernate: 
    create table test_faculties (
        is_advisor boolean,
        id bigint generated by default as identity,
        created_at varchar(40),
        faculty_id varchar(50) not null unique,
        user_id varchar(50) not null,
        office_room varchar(60),
        designation varchar(80) not null,
        name varchar(120) not null,
        department varchar(150) not null,
        email varchar(150) not null unique,
        primary key (id)
    )
2026-09-04T19:51:16.614+06:00 DEBUG 18860 --- [campusconnect-backend] [  restartedMain] org.hibernate.SQL                        : 
    create table test_sections (
        booked_seats integer not null,
        total_seats integer not null,
        course_id bigint not null,
        faculty_id bigint not null,
        id bigint generated by default as identity,
        section_number varchar(20) not null,
        term varchar(30) not null,
        room varchar(60) not null,
        section_id varchar(60) not null unique,
        schedule_time varchar(150) not null,
        primary key (id)
    )
Hibernate: 
    create table test_sections (
        booked_seats integer not null,
        total_seats integer not null,
        course_id bigint not null,
        faculty_id bigint not null,
        id bigint generated by default as identity,
        section_number varchar(20) not null,
        term varchar(30) not null,
        room varchar(60) not null,
        section_id varchar(60) not null unique,
        schedule_time varchar(150) not null,
        primary key (id)
    )
2026-09-04T19:51:16.615+06:00 DEBUG 18860 --- [campusconnect-backend] [  restartedMain] org.hibernate.SQL                        : 
    create table user_profile_pictures (
        user_id varchar(50) not null,
        content_type varchar(100) not null,
        image_data blob not null,
        primary key (user_id)
    )
Hibernate: 
    create table user_profile_pictures (
        user_id varchar(50) not null,
        content_type varchar(100) not null,
        image_data blob not null,
        primary key (user_id)
    )
2026-09-04T19:51:16.617+06:00 DEBUG 18860 --- [campusconnect-backend] [  restartedMain] org.hibernate.SQL                        : 
    create index idx_chat_course_sub 
       on chat_messages (course_id, sub_channel_id)
Hibernate: 
    create index idx_chat_course_sub 
       on chat_messages (course_id, sub_channel_id)
2026-09-04T19:51:16.618+06:00 DEBUG 18860 --- [campusconnect-backend] [  restartedMain] org.hibernate.SQL                        : 
    create index idx_chat_created 
       on chat_messages (created_at)
Hibernate: 
    create index idx_chat_created 
       on chat_messages (created_at)
2026-09-04T19:51:16.619+06:00 DEBUG 18860 --- [campusconnect-backend] [  restartedMain] org.hibernate.SQL                        : 
    create index idx_ch_member_channel 
       on course_channel_members (channel_id)
Hibernate: 
    create index idx_ch_member_channel 
       on course_channel_members (channel_id)
2026-09-04T19:51:16.619+06:00 DEBUG 18860 --- [campusconnect-backend] [  restartedMain] org.hibernate.SQL                        : 
    create index idx_ch_member_user 
       on course_channel_members (user_id)
Hibernate: 
    create index idx_ch_member_user 
       on course_channel_members (user_id)
2026-09-04T19:51:16.620+06:00 DEBUG 18860 --- [campusconnect-backend] [  restartedMain] org.hibernate.SQL                        : 
    create index idx_notif_user 
       on notifications (user_id)
Hibernate: 
    create index idx_notif_user 
       on notifications (user_id)
2026-09-04T19:51:16.621+06:00 DEBUG 18860 --- [campusconnect-backend] [  restartedMain] org.hibernate.SQL                        : 
    create index idx_notif_created 
       on notifications (created_at)
Hibernate: 
    create index idx_notif_created 
       on notifications (created_at)
2026-09-04T19:51:16.622+06:00 DEBUG 18860 --- [campusconnect-backend] [  restartedMain] org.hibernate.SQL                        : 
    create index idx_notif_user_read 
       on notifications (user_id, is_read)
Hibernate: 
    create index idx_notif_user_read 
       on notifications (user_id, is_read)
2026-09-04T19:51:16.622+06:00 DEBUG 18860 --- [campusconnect-backend] [  restartedMain] org.hibernate.SQL                        : 
    create index idx_payment_student_id 
       on payment_records (student_id)
Hibernate: 
    create index idx_payment_student_id 
       on payment_records (student_id)
2026-09-04T19:51:16.624+06:00 DEBUG 18860 --- [campusconnect-backend] [  restartedMain] org.hibernate.SQL                        : 
    alter table if exists advised_courses 
       add constraint FKb7c5uyvk5ivybbsg40kn0n4rm 
       foreign key (student_id) 
       references student_profiles
Hibernate: 
    alter table if exists advised_courses 
       add constraint FKb7c5uyvk5ivybbsg40kn0n4rm 
       foreign key (student_id) 
       references student_profiles
2026-09-04T19:51:16.635+06:00 DEBUG 18860 --- [campusconnect-backend] [  restartedMain] org.hibernate.SQL                        : 
    alter table if exists advisor_available_days 
       add constraint FKbxcljuim7phnibp8bwl51leb5 
       foreign key (advisor_id) 
       references advisors
Hibernate: 
    alter table if exists advisor_available_days 
       add constraint FKbxcljuim7phnibp8bwl51leb5 
       foreign key (advisor_id) 
       references advisors
2026-09-04T19:51:16.638+06:00 DEBUG 18860 --- [campusconnect-backend] [  restartedMain] org.hibernate.SQL                        : 
    alter table if exists advisor_specialties 
       add constraint FKgcuxbiegmkiwf0dmma1tj50ax 
       foreign key (advisor_id) 
       references advisors
Hibernate: 
    alter table if exists advisor_specialties 
       add constraint FKgcuxbiegmkiwf0dmma1tj50ax 
       foreign key (advisor_id) 
       references advisors
2026-09-04T19:51:16.641+06:00 DEBUG 18860 --- [campusconnect-backend] [  restartedMain] org.hibernate.SQL                        : 
    alter table if exists section_registrations 
       add constraint FK5b8r1lkvm1177qm2gyonfcixv 
       foreign key (section_id) 
       references course_section
Hibernate: 
    alter table if exists section_registrations 
       add constraint FK5b8r1lkvm1177qm2gyonfcixv 
       foreign key (section_id) 
       references course_section
2026-09-04T19:51:16.643+06:00 DEBUG 18860 --- [campusconnect-backend] [  restartedMain] org.hibernate.SQL                        : 
    alter table if exists test_sections 
       add constraint FKbo86k692733hc44e92kqrmeff 
       foreign key (course_id) 
       references test_courses
Hibernate: 
    alter table if exists test_sections 
       add constraint FKbo86k692733hc44e92kqrmeff 
       foreign key (course_id) 
       references test_courses
2026-09-04T19:51:16.645+06:00 DEBUG 18860 --- [campusconnect-backend] [  restartedMain] org.hibernate.SQL                        : 
    alter table if exists test_sections 
       add constraint FKcojbt364l6gl2jg1wqd9brwbq 
       foreign key (faculty_id) 
       references test_faculties
Hibernate: 
    alter table if exists test_sections 
       add constraint FKcojbt364l6gl2jg1wqd9brwbq 
       foreign key (faculty_id) 
       references test_faculties
2026-09-04T19:51:16.649+06:00  INFO 18860 --- [campusconnect-backend] [  restartedMain] j.LocalContainerEntityManagerFactoryBean : Initialized JPA EntityManagerFactory for persistence unit 'default'
2026-09-04T19:51:17.045+06:00  INFO 18860 --- [campusconnect-backend] [  restartedMain] o.s.d.j.r.query.QueryEnhancerFactory     : Hibernate is in classpath; If applicable, HQL parser will be used.
2026-09-04T19:51:17.890+06:00 DEBUG 18860 --- [campusconnect-backend] [  restartedMain] org.hibernate.SQL                        : 
    update
        course_section cs1_0 
    set
        booked=cs1_0.total_seats 
    where
        cs1_0.booked>cs1_0.total_seats
Hibernate: 
    update
        course_section cs1_0 
    set
        booked=cs1_0.total_seats 
    where
        cs1_0.booked>cs1_0.total_seats
2026-09-04T19:51:17.955+06:00 DEBUG 18860 --- [campusconnect-backend] [  restartedMain] org.hibernate.SQL                        : 
    select
        aps1_0.id,
        aps1_0.message,
        aps1_0.is_open,
        aps1_0.updated_at,
        aps1_0.updated_by 
    from
        advising_portal_status aps1_0 
    where
        aps1_0.id=?
Hibernate: 
    select
        aps1_0.id,
        aps1_0.message,
        aps1_0.is_open,
        aps1_0.updated_at,
        aps1_0.updated_by 
    from
        advising_portal_status aps1_0 
    where
        aps1_0.id=?
2026-09-04T19:51:17.974+06:00 DEBUG 18860 --- [campusconnect-backend] [  restartedMain] org.hibernate.SQL                        : 
    select
        aps1_0.id,
        aps1_0.message,
        aps1_0.is_open,
        aps1_0.updated_at,
        aps1_0.updated_by 
    from
        advising_portal_status aps1_0 
    where
        aps1_0.id=?
Hibernate: 
    select
        aps1_0.id,
        aps1_0.message,
        aps1_0.is_open,
        aps1_0.updated_at,
        aps1_0.updated_by 
    from
        advising_portal_status aps1_0 
    where
        aps1_0.id=?
2026-09-04T19:51:18.012+06:00 DEBUG 18860 --- [campusconnect-backend] [  restartedMain] org.hibernate.SQL                        : 
    insert 
    into
        advising_portal_status
        (message, is_open, updated_at, updated_by, id) 
    values
        (?, ?, ?, ?, ?)
Hibernate: 
    insert 
    into
        advising_portal_status
        (message, is_open, updated_at, updated_by, id) 
    values
        (?, ?, ?, ?, ?)
2026-09-04T19:51:18.433+06:00 DEBUG 18860 --- [campusconnect-backend] [  restartedMain] org.hibernate.SQL                        : 
    select
        count(*) 
    from
        assignments a1_0
Hibernate: 
    select
        count(*) 
    from
        assignments a1_0
2026-09-04T19:51:18.437+06:00 DEBUG 18860 --- [campusconnect-backend] [  restartedMain] org.hibernate.SQL                        : 
    insert 
    into
        assignments
        (attachment_data, attachment_name, attachment_type, course_code, course_name, created_at, created_by, deadline, description, title, total_points, id) 
    values
        (?, ?, ?, ?, ?, ?, ?, ?, ?, ?, ?, default)
Hibernate: 
    insert 
    into
        assignments
        (attachment_data, attachment_name, attachment_type, course_code, course_name, created_at, created_by, deadline, description, title, total_points, id) 
    values
        (?, ?, ?, ?, ?, ?, ?, ?, ?, ?, ?, default)
2026-09-04T19:51:18.453+06:00 DEBUG 18860 --- [campusconnect-backend] [  restartedMain] org.hibernate.SQL                        : 
    insert 
    into
        assignments
        (attachment_data, attachment_name, attachment_type, course_code, course_name, created_at, created_by, deadline, description, title, total_points, id) 
    values
        (?, ?, ?, ?, ?, ?, ?, ?, ?, ?, ?, default)
Hibernate: 
    insert 
    into
        assignments
        (attachment_data, attachment_name, attachment_type, course_code, course_name, created_at, created_by, deadline, description, title, total_points, id) 
    values
        (?, ?, ?, ?, ?, ?, ?, ?, ?, ?, ?, default)
2026-09-04T19:51:18.457+06:00 DEBUG 18860 --- [campusconnect-backend] [  restartedMain] org.hibernate.SQL                        : 
    insert 
    into
        assignments
        (attachment_data, attachment_name, attachment_type, course_code, course_name, created_at, created_by, deadline, description, title, total_points, id) 
    values
        (?, ?, ?, ?, ?, ?, ?, ?, ?, ?, ?, default)
Hibernate: 
    insert 
    into
        assignments
        (attachment_data, attachment_name, attachment_type, course_code, course_name, created_at, created_by, deadline, description, title, total_points, id) 
    values
        (?, ?, ?, ?, ?, ?, ?, ?, ?, ?, ?, default)
2026-09-04T19:51:18.460+06:00 DEBUG 18860 --- [campusconnect-backend] [  restartedMain] org.hibernate.SQL                        : 
    insert 
    into
        assignments
        (attachment_data, attachment_name, attachment_type, course_code, course_name, created_at, created_by, deadline, description, title, total_points, id) 
    values
        (?, ?, ?, ?, ?, ?, ?, ?, ?, ?, ?, default)
Hibernate: 
    insert 
    into
        assignments
        (attachment_data, attachment_name, attachment_type, course_code, course_name, created_at, created_by, deadline, description, title, total_points, id) 
    values
        (?, ?, ?, ?, ?, ?, ?, ?, ?, ?, ?, default)
2026-09-04T19:51:18.473+06:00 DEBUG 18860 --- [campusconnect-backend] [  restartedMain] org.hibernate.SQL                        : 
    select
        count(*) 
    from
        attendance_records ar1_0
Hibernate: 
    select
        count(*) 
    from
        attendance_records ar1_0
2026-09-04T19:51:18.475+06:00 DEBUG 18860 --- [campusconnect-backend] [  restartedMain] org.hibernate.SQL                        : 
    insert 
    into
        attendance_records
        (course_id, course_name, date, marked_at, marked_by, status, student_id, student_name, id) 
    values
        (?, ?, ?, ?, ?, ?, ?, ?, default)
Hibernate: 
    insert 
    into
        attendance_records
        (course_id, course_name, date, marked_at, marked_by, status, student_id, student_name, id) 
    values
        (?, ?, ?, ?, ?, ?, ?, ?, default)
2026-09-04T19:51:18.478+06:00 DEBUG 18860 --- [campusconnect-backend] [  restartedMain] org.hibernate.SQL                        : 
    insert 
    into
        attendance_records
        (course_id, course_name, date, marked_at, marked_by, status, student_id, student_name, id) 
    values
        (?, ?, ?, ?, ?, ?, ?, ?, default)
Hibernate: 
    insert 
    into
        attendance_records
        (course_id, course_name, date, marked_at, marked_by, status, student_id, student_name, id) 
    values
        (?, ?, ?, ?, ?, ?, ?, ?, default)
2026-09-04T19:51:18.479+06:00 DEBUG 18860 --- [campusconnect-backend] [  restartedMain] org.hibernate.SQL                        : 
    insert 
    into
        attendance_records
        (course_id, course_name, date, marked_at, marked_by, status, student_id, student_name, id) 
    values
        (?, ?, ?, ?, ?, ?, ?, ?, default)
Hibernate: 
    insert 
    into
        attendance_records
        (course_id, course_name, date, marked_at, marked_by, status, student_id, student_name, id) 
    values
        (?, ?, ?, ?, ?, ?, ?, ?, default)
2026-09-04T19:51:18.481+06:00 DEBUG 18860 --- [campusconnect-backend] [  restartedMain] org.hibernate.SQL                        : 
    insert 
    into
        attendance_records
        (course_id, course_name, date, marked_at, marked_by, status, student_id, student_name, id) 
    values
        (?, ?, ?, ?, ?, ?, ?, ?, default)
Hibernate: 
    insert 
    into
        attendance_records
        (course_id, course_name, date, marked_at, marked_by, status, student_id, student_name, id) 
    values
        (?, ?, ?, ?, ?, ?, ?, ?, default)
2026-09-04T19:51:18.483+06:00 DEBUG 18860 --- [campusconnect-backend] [  restartedMain] org.hibernate.SQL                        : 
    insert 
    into
        attendance_records
        (course_id, course_name, date, marked_at, marked_by, status, student_id, student_name, id) 
    values
        (?, ?, ?, ?, ?, ?, ?, ?, default)
Hibernate: 
    insert 
    into
        attendance_records
        (course_id, course_name, date, marked_at, marked_by, status, student_id, student_name, id) 
    values
        (?, ?, ?, ?, ?, ?, ?, ?, default)
2026-09-04T19:51:18.484+06:00 DEBUG 18860 --- [campusconnect-backend] [  restartedMain] org.hibernate.SQL                        : 
    insert 
    into
        attendance_records
        (course_id, course_name, date, marked_at, marked_by, status, student_id, student_name, id) 
    values
        (?, ?, ?, ?, ?, ?, ?, ?, default)
Hibernate: 
    insert 
    into
        attendance_records
        (course_id, course_name, date, marked_at, marked_by, status, student_id, student_name, id) 
    values
        (?, ?, ?, ?, ?, ?, ?, ?, default)
2026-09-04T19:51:18.485+06:00 DEBUG 18860 --- [campusconnect-backend] [  restartedMain] org.hibernate.SQL                        : 
    insert 
    into
        attendance_records
        (course_id, course_name, date, marked_at, marked_by, status, student_id, student_name, id) 
    values
        (?, ?, ?, ?, ?, ?, ?, ?, default)
Hibernate: 
    insert 
    into
        attendance_records
        (course_id, course_name, date, marked_at, marked_by, status, student_id, student_name, id) 
    values
        (?, ?, ?, ?, ?, ?, ?, ?, default)
2026-09-04T19:51:18.487+06:00 DEBUG 18860 --- [campusconnect-backend] [  restartedMain] org.hibernate.SQL                        : 
    insert 
    into
        attendance_records
        (course_id, course_name, date, marked_at, marked_by, status, student_id, student_name, id) 
    values
        (?, ?, ?, ?, ?, ?, ?, ?, default)
Hibernate: 
    insert 
    into
        attendance_records
        (course_id, course_name, date, marked_at, marked_by, status, student_id, student_name, id) 
    values
        (?, ?, ?, ?, ?, ?, ?, ?, default)
2026-09-04T19:51:18.489+06:00 DEBUG 18860 --- [campusconnect-backend] [  restartedMain] org.hibernate.SQL                        : 
    insert 
    into
        attendance_records
        (course_id, course_name, date, marked_at, marked_by, status, student_id, student_name, id) 
    values
        (?, ?, ?, ?, ?, ?, ?, ?, default)
Hibernate: 
    insert 
    into
        attendance_records
        (course_id, course_name, date, marked_at, marked_by, status, student_id, student_name, id) 
    values
        (?, ?, ?, ?, ?, ?, ?, ?, default)
2026-09-04T19:51:18.493+06:00 DEBUG 18860 --- [campusconnect-backend] [  restartedMain] org.hibernate.SQL                        : 
    insert 
    into
        attendance_records
        (course_id, course_name, date, marked_at, marked_by, status, student_id, student_name, id) 
    values
        (?, ?, ?, ?, ?, ?, ?, ?, default)
Hibernate: 
    insert 
    into
        attendance_records
        (course_id, course_name, date, marked_at, marked_by, status, student_id, student_name, id) 
    values
        (?, ?, ?, ?, ?, ?, ?, ?, default)
2026-09-04T19:51:18.495+06:00 DEBUG 18860 --- [campusconnect-backend] [  restartedMain] org.hibernate.SQL                        : 
    insert 
    into
        attendance_records
        (course_id, course_name, date, marked_at, marked_by, status, student_id, student_name, id) 
    values
        (?, ?, ?, ?, ?, ?, ?, ?, default)
Hibernate: 
    insert 
    into
        attendance_records
        (course_id, course_name, date, marked_at, marked_by, status, student_id, student_name, id) 
    values
        (?, ?, ?, ?, ?, ?, ?, ?, default)
2026-09-04T19:51:18.498+06:00 DEBUG 18860 --- [campusconnect-backend] [  restartedMain] org.hibernate.SQL                        : 
    insert 
    into
        attendance_records
        (course_id, course_name, date, marked_at, marked_by, status, student_id, student_name, id) 
    values
        (?, ?, ?, ?, ?, ?, ?, ?, default)
Hibernate: 
    insert 
    into
        attendance_records
        (course_id, course_name, date, marked_at, marked_by, status, student_id, student_name, id) 
    values
        (?, ?, ?, ?, ?, ?, ?, ?, default)
2026-09-04T19:51:18.499+06:00 DEBUG 18860 --- [campusconnect-backend] [  restartedMain] org.hibernate.SQL                        : 
    insert 
    into
        attendance_records
        (course_id, course_name, date, marked_at, marked_by, status, student_id, student_name, id) 
    values
        (?, ?, ?, ?, ?, ?, ?, ?, default)
Hibernate: 
    insert 
    into
        attendance_records
        (course_id, course_name, date, marked_at, marked_by, status, student_id, student_name, id) 
    values
        (?, ?, ?, ?, ?, ?, ?, ?, default)
2026-09-04T19:51:18.500+06:00 DEBUG 18860 --- [campusconnect-backend] [  restartedMain] org.hibernate.SQL                        : 
    insert 
    into
        attendance_records
        (course_id, course_name, date, marked_at, marked_by, status, student_id, student_name, id) 
    values
        (?, ?, ?, ?, ?, ?, ?, ?, default)
Hibernate: 
    insert 
    into
        attendance_records
        (course_id, course_name, date, marked_at, marked_by, status, student_id, student_name, id) 
    values
        (?, ?, ?, ?, ?, ?, ?, ?, default)
2026-09-04T19:51:18.502+06:00 DEBUG 18860 --- [campusconnect-backend] [  restartedMain] org.hibernate.SQL                        : 
    insert 
    into
        attendance_records
        (course_id, course_name, date, marked_at, marked_by, status, student_id, student_name, id) 
    values
        (?, ?, ?, ?, ?, ?, ?, ?, default)
Hibernate: 
    insert 
    into
        attendance_records
        (course_id, course_name, date, marked_at, marked_by, status, student_id, student_name, id) 
    values
        (?, ?, ?, ?, ?, ?, ?, ?, default)
2026-09-04T19:51:18.502+06:00 DEBUG 18860 --- [campusconnect-backend] [  restartedMain] org.hibernate.SQL                        : 
    insert 
    into
        attendance_records
        (course_id, course_name, date, marked_at, marked_by, status, student_id, student_name, id) 
    values
        (?, ?, ?, ?, ?, ?, ?, ?, default)
Hibernate: 
    insert 
    into
        attendance_records
        (course_id, course_name, date, marked_at, marked_by, status, student_id, student_name, id) 
    values
        (?, ?, ?, ?, ?, ?, ?, ?, default)
2026-09-04T19:51:18.505+06:00 DEBUG 18860 --- [campusconnect-backend] [  restartedMain] org.hibernate.SQL                        : 
    insert 
    into
        attendance_records
        (course_id, course_name, date, marked_at, marked_by, status, student_id, student_name, id) 
    values
        (?, ?, ?, ?, ?, ?, ?, ?, default)
Hibernate: 
    insert 
    into
        attendance_records
        (course_id, course_name, date, marked_at, marked_by, status, student_id, student_name, id) 
    values
        (?, ?, ?, ?, ?, ?, ?, ?, default)
2026-09-04T19:51:18.511+06:00 DEBUG 18860 --- [campusconnect-backend] [  restartedMain] org.hibernate.SQL                        : 
    insert 
    into
        attendance_records
        (course_id, course_name, date, marked_at, marked_by, status, student_id, student_name, id) 
    values
        (?, ?, ?, ?, ?, ?, ?, ?, default)
Hibernate: 
    insert 
    into
        attendance_records
        (course_id, course_name, date, marked_at, marked_by, status, student_id, student_name, id) 
    values
        (?, ?, ?, ?, ?, ?, ?, ?, default)
2026-09-04T19:51:18.513+06:00 DEBUG 18860 --- [campusconnect-backend] [  restartedMain] org.hibernate.SQL                        : 
    insert 
    into
        attendance_records
        (course_id, course_name, date, marked_at, marked_by, status, student_id, student_name, id) 
    values
        (?, ?, ?, ?, ?, ?, ?, ?, default)
Hibernate: 
    insert 
    into
        attendance_records
        (course_id, course_name, date, marked_at, marked_by, status, student_id, student_name, id) 
    values
        (?, ?, ?, ?, ?, ?, ?, ?, default)
2026-09-04T19:51:18.516+06:00 DEBUG 18860 --- [campusconnect-backend] [  restartedMain] org.hibernate.SQL                        : 
    insert 
    into
        attendance_records
        (course_id, course_name, date, marked_at, marked_by, status, student_id, student_name, id) 
    values
        (?, ?, ?, ?, ?, ?, ?, ?, default)
Hibernate: 
    insert 
    into
        attendance_records
        (course_id, course_name, date, marked_at, marked_by, status, student_id, student_name, id) 
    values
        (?, ?, ?, ?, ?, ?, ?, ?, default)
2026-09-04T19:51:18.517+06:00 DEBUG 18860 --- [campusconnect-backend] [  restartedMain] org.hibernate.SQL                        : 
    insert 
    into
        attendance_records
        (course_id, course_name, date, marked_at, marked_by, status, student_id, student_name, id) 
    values
        (?, ?, ?, ?, ?, ?, ?, ?, default)
Hibernate: 
    insert 
    into
        attendance_records
        (course_id, course_name, date, marked_at, marked_by, status, student_id, student_name, id) 
    values
        (?, ?, ?, ?, ?, ?, ?, ?, default)
2026-09-04T19:51:18.518+06:00 DEBUG 18860 --- [campusconnect-backend] [  restartedMain] org.hibernate.SQL                        : 
    insert 
    into
        attendance_records
        (course_id, course_name, date, marked_at, marked_by, status, student_id, student_name, id) 
    values
        (?, ?, ?, ?, ?, ?, ?, ?, default)
Hibernate: 
    insert 
    into
        attendance_records
        (course_id, course_name, date, marked_at, marked_by, status, student_id, student_name, id) 
    values
        (?, ?, ?, ?, ?, ?, ?, ?, default)
2026-09-04T19:51:18.519+06:00 DEBUG 18860 --- [campusconnect-backend] [  restartedMain] org.hibernate.SQL                        : 
    insert 
    into
        attendance_records
        (course_id, course_name, date, marked_at, marked_by, status, student_id, student_name, id) 
    values
        (?, ?, ?, ?, ?, ?, ?, ?, default)
Hibernate: 
    insert 
    into
        attendance_records
        (course_id, course_name, date, marked_at, marked_by, status, student_id, student_name, id) 
    values
        (?, ?, ?, ?, ?, ?, ?, ?, default)
2026-09-04T19:51:18.522+06:00 DEBUG 18860 --- [campusconnect-backend] [  restartedMain] org.hibernate.SQL                        : 
    insert 
    into
        attendance_records
        (course_id, course_name, date, marked_at, marked_by, status, student_id, student_name, id) 
    values
        (?, ?, ?, ?, ?, ?, ?, ?, default)
Hibernate: 
    insert 
    into
        attendance_records
        (course_id, course_name, date, marked_at, marked_by, status, student_id, student_name, id) 
    values
        (?, ?, ?, ?, ?, ?, ?, ?, default)
2026-09-04T19:51:18.528+06:00 DEBUG 18860 --- [campusconnect-backend] [  restartedMain] org.hibernate.SQL                        : 
    insert 
    into
        attendance_records
        (course_id, course_name, date, marked_at, marked_by, status, student_id, student_name, id) 
    values
        (?, ?, ?, ?, ?, ?, ?, ?, default)
Hibernate: 
    insert 
    into
        attendance_records
        (course_id, course_name, date, marked_at, marked_by, status, student_id, student_name, id) 
    values
        (?, ?, ?, ?, ?, ?, ?, ?, default)
2026-09-04T19:51:18.532+06:00 DEBUG 18860 --- [campusconnect-backend] [  restartedMain] org.hibernate.SQL                        : 
    insert 
    into
        attendance_records
        (course_id, course_name, date, marked_at, marked_by, status, student_id, student_name, id) 
    values
        (?, ?, ?, ?, ?, ?, ?, ?, default)
Hibernate: 
    insert 
    into
        attendance_records
        (course_id, course_name, date, marked_at, marked_by, status, student_id, student_name, id) 
    values
        (?, ?, ?, ?, ?, ?, ?, ?, default)
2026-09-04T19:51:18.535+06:00 DEBUG 18860 --- [campusconnect-backend] [  restartedMain] org.hibernate.SQL                        : 
    insert 
    into
        attendance_records
        (course_id, course_name, date, marked_at, marked_by, status, student_id, student_name, id) 
    values
        (?, ?, ?, ?, ?, ?, ?, ?, default)
Hibernate: 
    insert 
    into
        attendance_records
        (course_id, course_name, date, marked_at, marked_by, status, student_id, student_name, id) 
    values
        (?, ?, ?, ?, ?, ?, ?, ?, default)
2026-09-04T19:51:18.538+06:00 DEBUG 18860 --- [campusconnect-backend] [  restartedMain] org.hibernate.SQL                        : 
    insert 
    into
        attendance_records
        (course_id, course_name, date, marked_at, marked_by, status, student_id, student_name, id) 
    values
        (?, ?, ?, ?, ?, ?, ?, ?, default)
Hibernate: 
    insert 
    into
        attendance_records
        (course_id, course_name, date, marked_at, marked_by, status, student_id, student_name, id) 
    values
        (?, ?, ?, ?, ?, ?, ?, ?, default)
2026-09-04T19:51:18.541+06:00 DEBUG 18860 --- [campusconnect-backend] [  restartedMain] org.hibernate.SQL                        : 
    insert 
    into
        attendance_records
        (course_id, course_name, date, marked_at, marked_by, status, student_id, student_name, id) 
    values
        (?, ?, ?, ?, ?, ?, ?, ?, default)
Hibernate: 
    insert 
    into
        attendance_records
        (course_id, course_name, date, marked_at, marked_by, status, student_id, student_name, id) 
    values
        (?, ?, ?, ?, ?, ?, ?, ?, default)
2026-09-04T19:51:18.551+06:00 DEBUG 18860 --- [campusconnect-backend] [  restartedMain] org.hibernate.SQL                        : 
    select
        count(*) 
    from
        app_users au1_0
Hibernate: 
    select
        count(*) 
    from
        app_users au1_0
2026-09-04T19:51:18.909+06:00 DEBUG 18860 --- [campusconnect-backend] [  restartedMain] org.hibernate.SQL                        : 
    insert 
    into
        app_users
        (active, created_at, email, full_name, is_advisor, password_hash, reminder_hours, role, user_id, id) 
    values
        (?, ?, ?, ?, ?, ?, ?, ?, ?, default)
Hibernate: 
    insert 
    into
        app_users
        (active, created_at, email, full_name, is_advisor, password_hash, reminder_hours, role, user_id, id) 
    values
        (?, ?, ?, ?, ?, ?, ?, ?, ?, default)
2026-09-04T19:51:19.263+06:00 DEBUG 18860 --- [campusconnect-backend] [  restartedMain] org.hibernate.SQL                        : 
    insert 
    into
        app_users
        (active, created_at, email, full_name, is_advisor, password_hash, reminder_hours, role, user_id, id) 
    values
        (?, ?, ?, ?, ?, ?, ?, ?, ?, default)
Hibernate: 
    insert 
    into
        app_users
        (active, created_at, email, full_name, is_advisor, password_hash, reminder_hours, role, user_id, id) 
    values
        (?, ?, ?, ?, ?, ?, ?, ?, ?, default)
2026-09-04T19:51:19.589+06:00 DEBUG 18860 --- [campusconnect-backend] [  restartedMain] org.hibernate.SQL                        : 
    insert 
    into
        app_users
        (active, created_at, email, full_name, is_advisor, password_hash, reminder_hours, role, user_id, id) 
    values
        (?, ?, ?, ?, ?, ?, ?, ?, ?, default)
Hibernate: 
    insert 
    into
        app_users
        (active, created_at, email, full_name, is_advisor, password_hash, reminder_hours, role, user_id, id) 
    values
        (?, ?, ?, ?, ?, ?, ?, ?, ?, default)
2026-09-04T19:51:19.673+06:00 DEBUG 18860 --- [campusconnect-backend] [  restartedMain] org.hibernate.SQL                        : 
    select
        count(*) 
    from
        club_notices cn1_0
Hibernate: 
    select
        count(*) 
    from
        club_notices cn1_0
2026-09-04T19:51:19.675+06:00 DEBUG 18860 --- [campusconnect-backend] [  restartedMain] org.hibernate.SQL                        : 
    insert 
    into
        club_notices
        (body, club_name, pinned, posted_at, posted_by, title, id) 
    values
        (?, ?, ?, ?, ?, ?, default)
Hibernate: 
    insert 
    into
        club_notices
        (body, club_name, pinned, posted_at, posted_by, title, id) 
    values
        (?, ?, ?, ?, ?, ?, default)
2026-09-04T19:51:19.677+06:00 DEBUG 18860 --- [campusconnect-backend] [  restartedMain] org.hibernate.SQL                        : 
    insert 
    into
        club_notices
        (body, club_name, pinned, posted_at, posted_by, title, id) 
    values
        (?, ?, ?, ?, ?, ?, default)
Hibernate: 
    insert 
    into
        club_notices
        (body, club_name, pinned, posted_at, posted_by, title, id) 
    values
        (?, ?, ?, ?, ?, ?, default)
2026-09-04T19:51:19.678+06:00 DEBUG 18860 --- [campusconnect-backend] [  restartedMain] org.hibernate.SQL                        : 
    insert 
    into
        club_notices
        (body, club_name, pinned, posted_at, posted_by, title, id) 
    values
        (?, ?, ?, ?, ?, ?, default)
Hibernate: 
    insert 
    into
        club_notices
        (body, club_name, pinned, posted_at, posted_by, title, id) 
    values
        (?, ?, ?, ?, ?, ?, default)
2026-09-04T19:51:19.679+06:00 DEBUG 18860 --- [campusconnect-backend] [  restartedMain] org.hibernate.SQL                        : 
    insert 
    into
        club_notices
        (body, club_name, pinned, posted_at, posted_by, title, id) 
    values
        (?, ?, ?, ?, ?, ?, default)
Hibernate: 
    insert 
    into
        club_notices
        (body, club_name, pinned, posted_at, posted_by, title, id) 
    values
        (?, ?, ?, ?, ?, ?, default)
2026-09-04T19:51:19.680+06:00 DEBUG 18860 --- [campusconnect-backend] [  restartedMain] org.hibernate.SQL                        : 
    insert 
    into
        club_notices
        (body, club_name, pinned, posted_at, posted_by, title, id) 
    values
        (?, ?, ?, ?, ?, ?, default)
Hibernate: 
    insert 
    into
        club_notices
        (body, club_name, pinned, posted_at, posted_by, title, id) 
    values
        (?, ?, ?, ?, ?, ?, default)
2026-09-04T19:51:19.682+06:00 DEBUG 18860 --- [campusconnect-backend] [  restartedMain] org.hibernate.SQL                        : 
    select
        count(*) 
    from
        recruitments r1_0
Hibernate: 
    select
        count(*) 
    from
        recruitments r1_0
2026-09-04T19:51:19.683+06:00 DEBUG 18860 --- [campusconnect-backend] [  restartedMain] org.hibernate.SQL                        : 
    insert 
    into
        recruitments
        (active, club_name, deadline, description, posted_at, role, slots, id) 
    values
        (?, ?, ?, ?, ?, ?, ?, default)
Hibernate: 
    insert 
    into
        recruitments
        (active, club_name, deadline, description, posted_at, role, slots, id) 
    values
        (?, ?, ?, ?, ?, ?, ?, default)
2026-09-04T19:51:19.685+06:00 DEBUG 18860 --- [campusconnect-backend] [  restartedMain] org.hibernate.SQL                        : 
    insert 
    into
        recruitments
        (active, club_name, deadline, description, posted_at, role, slots, id) 
    values
        (?, ?, ?, ?, ?, ?, ?, default)
Hibernate: 
    insert 
    into
        recruitments
        (active, club_name, deadline, description, posted_at, role, slots, id) 
    values
        (?, ?, ?, ?, ?, ?, ?, default)
2026-09-04T19:51:19.685+06:00 DEBUG 18860 --- [campusconnect-backend] [  restartedMain] org.hibernate.SQL                        : 
    insert 
    into
        recruitments
        (active, club_name, deadline, description, posted_at, role, slots, id) 
    values
        (?, ?, ?, ?, ?, ?, ?, default)
Hibernate: 
    insert 
    into
        recruitments
        (active, club_name, deadline, description, posted_at, role, slots, id) 
    values
        (?, ?, ?, ?, ?, ?, ?, default)
2026-09-04T19:51:19.688+06:00 DEBUG 18860 --- [campusconnect-backend] [  restartedMain] org.hibernate.SQL                        : 
    insert 
    into
        recruitments
        (active, club_name, deadline, description, posted_at, role, slots, id) 
    values
        (?, ?, ?, ?, ?, ?, ?, default)
Hibernate: 
    insert 
    into
        recruitments
        (active, club_name, deadline, description, posted_at, role, slots, id) 
    values
        (?, ?, ?, ?, ?, ?, ?, default)
2026-09-04T19:51:19.690+06:00 DEBUG 18860 --- [campusconnect-backend] [  restartedMain] org.hibernate.SQL                        : 
    insert 
    into
        recruitments
        (active, club_name, deadline, description, posted_at, role, slots, id) 
    values
        (?, ?, ?, ?, ?, ?, ?, default)
Hibernate: 
    insert 
    into
        recruitments
        (active, club_name, deadline, description, posted_at, role, slots, id) 
    values
        (?, ?, ?, ?, ?, ?, ?, default)
2026-09-04T19:51:19.707+06:00 DEBUG 18860 --- [campusconnect-backend] [  restartedMain] org.hibernate.SQL                        : 
    select
        count(*) 
    from
        exam_schedules es1_0
Hibernate: 
    select
        count(*) 
    from
        exam_schedules es1_0
2026-09-04T19:51:19.709+06:00 DEBUG 18860 --- [campusconnect-backend] [  restartedMain] org.hibernate.SQL                        : 
    select
        count(*) 
    from
        exam_schedules es1_0
Hibernate: 
    select
        count(*) 
    from
        exam_schedules es1_0
2026-09-04T19:51:19.717+06:00 DEBUG 18860 --- [campusconnect-backend] [  restartedMain] org.hibernate.SQL                        : 
    insert 
    into
        exam_schedules
        (course_code, course_name, final_date, midterm_date, id) 
    values
        (?, ?, ?, ?, default)
Hibernate: 
    insert 
    into
        exam_schedules
        (course_code, course_name, final_date, midterm_date, id) 
    values
        (?, ?, ?, ?, default)
2026-09-04T19:51:19.719+06:00 DEBUG 18860 --- [campusconnect-backend] [  restartedMain] org.hibernate.SQL                        : 
    insert 
    into
        exam_schedules
        (course_code, course_name, final_date, midterm_date, id) 
    values
        (?, ?, ?, ?, default)
Hibernate: 
    insert 
    into
        exam_schedules
        (course_code, course_name, final_date, midterm_date, id) 
    values
        (?, ?, ?, ?, default)
2026-09-04T19:51:19.720+06:00 DEBUG 18860 --- [campusconnect-backend] [  restartedMain] org.hibernate.SQL                        : 
    insert 
    into
        exam_schedules
        (course_code, course_name, final_date, midterm_date, id) 
    values
        (?, ?, ?, ?, default)
Hibernate: 
    insert 
    into
        exam_schedules
        (course_code, course_name, final_date, midterm_date, id) 
    values
        (?, ?, ?, ?, default)
2026-09-04T19:51:19.723+06:00 DEBUG 18860 --- [campusconnect-backend] [  restartedMain] org.hibernate.SQL                        : 
    insert 
    into
        exam_schedules
        (course_code, course_name, final_date, midterm_date, id) 
    values
        (?, ?, ?, ?, default)
Hibernate: 
    insert 
    into
        exam_schedules
        (course_code, course_name, final_date, midterm_date, id) 
    values
        (?, ?, ?, ?, default)
2026-09-04T19:51:19.725+06:00 DEBUG 18860 --- [campusconnect-backend] [  restartedMain] org.hibernate.SQL                        : 
    insert 
    into
        exam_schedules
        (course_code, course_name, final_date, midterm_date, id) 
    values
        (?, ?, ?, ?, default)
Hibernate: 
    insert 
    into
        exam_schedules
        (course_code, course_name, final_date, midterm_date, id) 
    values
        (?, ?, ?, ?, default)
2026-09-04T19:51:19.726+06:00 DEBUG 18860 --- [campusconnect-backend] [  restartedMain] org.hibernate.SQL                        : 
    insert 
    into
        exam_schedules
        (course_code, course_name, final_date, midterm_date, id) 
    values
        (?, ?, ?, ?, default)
Hibernate: 
    insert 
    into
        exam_schedules
        (course_code, course_name, final_date, midterm_date, id) 
    values
        (?, ?, ?, ?, default)
2026-09-04T19:51:19.728+06:00 DEBUG 18860 --- [campusconnect-backend] [  restartedMain] org.hibernate.SQL                        : 
    insert 
    into
        exam_schedules
        (course_code, course_name, final_date, midterm_date, id) 
    values
        (?, ?, ?, ?, default)
Hibernate: 
    insert 
    into
        exam_schedules
        (course_code, course_name, final_date, midterm_date, id) 
    values
        (?, ?, ?, ?, default)
2026-09-04T19:51:19.730+06:00 DEBUG 18860 --- [campusconnect-backend] [  restartedMain] org.hibernate.SQL                        : 
    insert 
    into
        exam_schedules
        (course_code, course_name, final_date, midterm_date, id) 
    values
        (?, ?, ?, ?, default)
Hibernate: 
    insert 
    into
        exam_schedules
        (course_code, course_name, final_date, midterm_date, id) 
    values
        (?, ?, ?, ?, default)
2026-09-04T19:51:19.731+06:00 DEBUG 18860 --- [campusconnect-backend] [  restartedMain] org.hibernate.SQL                        : 
    insert 
    into
        exam_schedules
        (course_code, course_name, final_date, midterm_date, id) 
    values
        (?, ?, ?, ?, default)
Hibernate: 
    insert 
    into
        exam_schedules
        (course_code, course_name, final_date, midterm_date, id) 
    values
        (?, ?, ?, ?, default)
2026-09-04T19:51:19.732+06:00 DEBUG 18860 --- [campusconnect-backend] [  restartedMain] org.hibernate.SQL                        : 
    insert 
    into
        exam_schedules
        (course_code, course_name, final_date, midterm_date, id) 
    values
        (?, ?, ?, ?, default)
Hibernate: 
    insert 
    into
        exam_schedules
        (course_code, course_name, final_date, midterm_date, id) 
    values
        (?, ?, ?, ?, default)
2026-09-04T19:51:19.733+06:00 DEBUG 18860 --- [campusconnect-backend] [  restartedMain] org.hibernate.SQL                        : 
    insert 
    into
        exam_schedules
        (course_code, course_name, final_date, midterm_date, id) 
    values
        (?, ?, ?, ?, default)
Hibernate: 
    insert 
    into
        exam_schedules
        (course_code, course_name, final_date, midterm_date, id) 
    values
        (?, ?, ?, ?, default)
2026-09-04T19:51:19.734+06:00 DEBUG 18860 --- [campusconnect-backend] [  restartedMain] org.hibernate.SQL                        : 
    insert 
    into
        exam_schedules
        (course_code, course_name, final_date, midterm_date, id) 
    values
        (?, ?, ?, ?, default)
Hibernate: 
    insert 
    into
        exam_schedules
        (course_code, course_name, final_date, midterm_date, id) 
    values
        (?, ?, ?, ?, default)
2026-09-04T19:51:19.734+06:00 DEBUG 18860 --- [campusconnect-backend] [  restartedMain] org.hibernate.SQL                        : 
    insert 
    into
        exam_schedules
        (course_code, course_name, final_date, midterm_date, id) 
    values
        (?, ?, ?, ?, default)
Hibernate: 
    insert 
    into
        exam_schedules
        (course_code, course_name, final_date, midterm_date, id) 
    values
        (?, ?, ?, ?, default)
2026-09-04T19:51:19.735+06:00 DEBUG 18860 --- [campusconnect-backend] [  restartedMain] org.hibernate.SQL                        : 
    insert 
    into
        exam_schedules
        (course_code, course_name, final_date, midterm_date, id) 
    values
        (?, ?, ?, ?, default)
Hibernate: 
    insert 
    into
        exam_schedules
        (course_code, course_name, final_date, midterm_date, id) 
    values
        (?, ?, ?, ?, default)
2026-09-04T19:51:19.736+06:00 DEBUG 18860 --- [campusconnect-backend] [  restartedMain] org.hibernate.SQL                        : 
    insert 
    into
        exam_schedules
        (course_code, course_name, final_date, midterm_date, id) 
    values
        (?, ?, ?, ?, default)
Hibernate: 
    insert 
    into
        exam_schedules
        (course_code, course_name, final_date, midterm_date, id) 
    values
        (?, ?, ?, ?, default)
2026-09-04T19:51:19.738+06:00 DEBUG 18860 --- [campusconnect-backend] [  restartedMain] org.hibernate.SQL                        : 
    insert 
    into
        exam_schedules
        (course_code, course_name, final_date, midterm_date, id) 
    values
        (?, ?, ?, ?, default)
Hibernate: 
    insert 
    into
        exam_schedules
        (course_code, course_name, final_date, midterm_date, id) 
    values
        (?, ?, ?, ?, default)
2026-09-04T19:51:19.739+06:00 DEBUG 18860 --- [campusconnect-backend] [  restartedMain] org.hibernate.SQL                        : 
    insert 
    into
        exam_schedules
        (course_code, course_name, final_date, midterm_date, id) 
    values
        (?, ?, ?, ?, default)
Hibernate: 
    insert 
    into
        exam_schedules
        (course_code, course_name, final_date, midterm_date, id) 
    values
        (?, ?, ?, ?, default)
2026-09-04T19:51:19.739+06:00 DEBUG 18860 --- [campusconnect-backend] [  restartedMain] org.hibernate.SQL                        : 
    insert 
    into
        exam_schedules
        (course_code, course_name, final_date, midterm_date, id) 
    values
        (?, ?, ?, ?, default)
Hibernate: 
    insert 
    into
        exam_schedules
        (course_code, course_name, final_date, midterm_date, id) 
    values
        (?, ?, ?, ?, default)
2026-09-04T19:51:19.740+06:00 DEBUG 18860 --- [campusconnect-backend] [  restartedMain] org.hibernate.SQL                        : 
    insert 
    into
        exam_schedules
        (course_code, course_name, final_date, midterm_date, id) 
    values
        (?, ?, ?, ?, default)
Hibernate: 
    insert 
    into
        exam_schedules
        (course_code, course_name, final_date, midterm_date, id) 
    values
        (?, ?, ?, ?, default)
2026-09-04T19:51:19.741+06:00 DEBUG 18860 --- [campusconnect-backend] [  restartedMain] org.hibernate.SQL                        : 
    insert 
    into
        exam_schedules
        (course_code, course_name, final_date, midterm_date, id) 
    values
        (?, ?, ?, ?, default)
Hibernate: 
    insert 
    into
        exam_schedules
        (course_code, course_name, final_date, midterm_date, id) 
    values
        (?, ?, ?, ?, default)
2026-09-04T19:51:19.742+06:00 DEBUG 18860 --- [campusconnect-backend] [  restartedMain] org.hibernate.SQL                        : 
    insert 
    into
        exam_schedules
        (course_code, course_name, final_date, midterm_date, id) 
    values
        (?, ?, ?, ?, default)
Hibernate: 
    insert 
    into
        exam_schedules
        (course_code, course_name, final_date, midterm_date, id) 
    values
        (?, ?, ?, ?, default)
2026-09-04T19:51:19.743+06:00 DEBUG 18860 --- [campusconnect-backend] [  restartedMain] org.hibernate.SQL                        : 
    insert 
    into
        exam_schedules
        (course_code, course_name, final_date, midterm_date, id) 
    values
        (?, ?, ?, ?, default)
Hibernate: 
    insert 
    into
        exam_schedules
        (course_code, course_name, final_date, midterm_date, id) 
    values
        (?, ?, ?, ?, default)
2026-09-04T19:51:19.743+06:00 DEBUG 18860 --- [campusconnect-backend] [  restartedMain] org.hibernate.SQL                        : 
    insert 
    into
        exam_schedules
        (course_code, course_name, final_date, midterm_date, id) 
    values
        (?, ?, ?, ?, default)
Hibernate: 
    insert 
    into
        exam_schedules
        (course_code, course_name, final_date, midterm_date, id) 
    values
        (?, ?, ?, ?, default)
2026-09-04T19:51:19.744+06:00 DEBUG 18860 --- [campusconnect-backend] [  restartedMain] org.hibernate.SQL                        : 
    insert 
    into
        exam_schedules
        (course_code, course_name, final_date, midterm_date, id) 
    values
        (?, ?, ?, ?, default)
Hibernate: 
    insert 
    into
        exam_schedules
        (course_code, course_name, final_date, midterm_date, id) 
    values
        (?, ?, ?, ?, default)
2026-09-04T19:51:19.745+06:00 DEBUG 18860 --- [campusconnect-backend] [  restartedMain] org.hibernate.SQL                        : 
    insert 
    into
        exam_schedules
        (course_code, course_name, final_date, midterm_date, id) 
    values
        (?, ?, ?, ?, default)
Hibernate: 
    insert 
    into
        exam_schedules
        (course_code, course_name, final_date, midterm_date, id) 
    values
        (?, ?, ?, ?, default)
2026-09-04T19:51:19.745+06:00 DEBUG 18860 --- [campusconnect-backend] [  restartedMain] org.hibernate.SQL                        : 
    insert 
    into
        exam_schedules
        (course_code, course_name, final_date, midterm_date, id) 
    values
        (?, ?, ?, ?, default)
Hibernate: 
    insert 
    into
        exam_schedules
        (course_code, course_name, final_date, midterm_date, id) 
    values
        (?, ?, ?, ?, default)
2026-09-04T19:51:19.747+06:00 DEBUG 18860 --- [campusconnect-backend] [  restartedMain] org.hibernate.SQL                        : 
    insert 
    into
        exam_schedules
        (course_code, course_name, final_date, midterm_date, id) 
    values
        (?, ?, ?, ?, default)
Hibernate: 
    insert 
    into
        exam_schedules
        (course_code, course_name, final_date, midterm_date, id) 
    values
        (?, ?, ?, ?, default)
2026-09-04T19:51:19.747+06:00 DEBUG 18860 --- [campusconnect-backend] [  restartedMain] org.hibernate.SQL                        : 
    insert 
    into
        exam_schedules
        (course_code, course_name, final_date, midterm_date, id) 
    values
        (?, ?, ?, ?, default)
Hibernate: 
    insert 
    into
        exam_schedules
        (course_code, course_name, final_date, midterm_date, id) 
    values
        (?, ?, ?, ?, default)
2026-09-04T19:51:19.748+06:00 DEBUG 18860 --- [campusconnect-backend] [  restartedMain] org.hibernate.SQL                        : 
    insert 
    into
        exam_schedules
        (course_code, course_name, final_date, midterm_date, id) 
    values
        (?, ?, ?, ?, default)
Hibernate: 
    insert 
    into
        exam_schedules
        (course_code, course_name, final_date, midterm_date, id) 
    values
        (?, ?, ?, ?, default)
2026-09-04T19:51:19.749+06:00 DEBUG 18860 --- [campusconnect-backend] [  restartedMain] org.hibernate.SQL                        : 
    insert 
    into
        exam_schedules
        (course_code, course_name, final_date, midterm_date, id) 
    values
        (?, ?, ?, ?, default)
Hibernate: 
    insert 
    into
        exam_schedules
        (course_code, course_name, final_date, midterm_date, id) 
    values
        (?, ?, ?, ?, default)
2026-09-04T19:51:19.749+06:00 DEBUG 18860 --- [campusconnect-backend] [  restartedMain] org.hibernate.SQL                        : 
    insert 
    into
        exam_schedules
        (course_code, course_name, final_date, midterm_date, id) 
    values
        (?, ?, ?, ?, default)
Hibernate: 
    insert 
    into
        exam_schedules
        (course_code, course_name, final_date, midterm_date, id) 
    values
        (?, ?, ?, ?, default)
2026-09-04T19:51:19.750+06:00 DEBUG 18860 --- [campusconnect-backend] [  restartedMain] org.hibernate.SQL                        : 
    insert 
    into
        exam_schedules
        (course_code, course_name, final_date, midterm_date, id) 
    values
        (?, ?, ?, ?, default)
Hibernate: 
    insert 
    into
        exam_schedules
        (course_code, course_name, final_date, midterm_date, id) 
    values
        (?, ?, ?, ?, default)
2026-09-04T19:51:19.750+06:00 DEBUG 18860 --- [campusconnect-backend] [  restartedMain] org.hibernate.SQL                        : 
    insert 
    into
        exam_schedules
        (course_code, course_name, final_date, midterm_date, id) 
    values
        (?, ?, ?, ?, default)
Hibernate: 
    insert 
    into
        exam_schedules
        (course_code, course_name, final_date, midterm_date, id) 
    values
        (?, ?, ?, ?, default)
2026-09-04T19:51:19.751+06:00 DEBUG 18860 --- [campusconnect-backend] [  restartedMain] org.hibernate.SQL                        : 
    insert 
    into
        exam_schedules
        (course_code, course_name, final_date, midterm_date, id) 
    values
        (?, ?, ?, ?, default)
Hibernate: 
    insert 
    into
        exam_schedules
        (course_code, course_name, final_date, midterm_date, id) 
    values
        (?, ?, ?, ?, default)
2026-09-04T19:51:19.752+06:00 DEBUG 18860 --- [campusconnect-backend] [  restartedMain] org.hibernate.SQL                        : 
    insert 
    into
        exam_schedules
        (course_code, course_name, final_date, midterm_date, id) 
    values
        (?, ?, ?, ?, default)
Hibernate: 
    insert 
    into
        exam_schedules
        (course_code, course_name, final_date, midterm_date, id) 
    values
        (?, ?, ?, ?, default)
2026-09-04T19:51:19.753+06:00 DEBUG 18860 --- [campusconnect-backend] [  restartedMain] org.hibernate.SQL                        : 
    insert 
    into
        exam_schedules
        (course_code, course_name, final_date, midterm_date, id) 
    values
        (?, ?, ?, ?, default)
Hibernate: 
    insert 
    into
        exam_schedules
        (course_code, course_name, final_date, midterm_date, id) 
    values
        (?, ?, ?, ?, default)
2026-09-04T19:51:19.754+06:00 DEBUG 18860 --- [campusconnect-backend] [  restartedMain] org.hibernate.SQL                        : 
    insert 
    into
        exam_schedules
        (course_code, course_name, final_date, midterm_date, id) 
    values
        (?, ?, ?, ?, default)
Hibernate: 
    insert 
    into
        exam_schedules
        (course_code, course_name, final_date, midterm_date, id) 
    values
        (?, ?, ?, ?, default)
2026-09-04T19:51:19.755+06:00 DEBUG 18860 --- [campusconnect-backend] [  restartedMain] org.hibernate.SQL                        : 
    insert 
    into
        exam_schedules
        (course_code, course_name, final_date, midterm_date, id) 
    values
        (?, ?, ?, ?, default)
Hibernate: 
    insert 
    into
        exam_schedules
        (course_code, course_name, final_date, midterm_date, id) 
    values
        (?, ?, ?, ?, default)
2026-09-04T19:51:19.757+06:00 DEBUG 18860 --- [campusconnect-backend] [  restartedMain] org.hibernate.SQL                        : 
    insert 
    into
        exam_schedules
        (course_code, course_name, final_date, midterm_date, id) 
    values
        (?, ?, ?, ?, default)
Hibernate: 
    insert 
    into
        exam_schedules
        (course_code, course_name, final_date, midterm_date, id) 
    values
        (?, ?, ?, ?, default)
2026-09-04T19:51:19.758+06:00 DEBUG 18860 --- [campusconnect-backend] [  restartedMain] org.hibernate.SQL                        : 
    insert 
    into
        exam_schedules
        (course_code, course_name, final_date, midterm_date, id) 
    values
        (?, ?, ?, ?, default)
Hibernate: 
    insert 
    into
        exam_schedules
        (course_code, course_name, final_date, midterm_date, id) 
    values
        (?, ?, ?, ?, default)
2026-09-04T19:51:19.759+06:00 DEBUG 18860 --- [campusconnect-backend] [  restartedMain] org.hibernate.SQL                        : 
    insert 
    into
        exam_schedules
        (course_code, course_name, final_date, midterm_date, id) 
    values
        (?, ?, ?, ?, default)
Hibernate: 
    insert 
    into
        exam_schedules
        (course_code, course_name, final_date, midterm_date, id) 
    values
        (?, ?, ?, ?, default)
2026-09-04T19:51:19.759+06:00 DEBUG 18860 --- [campusconnect-backend] [  restartedMain] org.hibernate.SQL                        : 
    insert 
    into
        exam_schedules
        (course_code, course_name, final_date, midterm_date, id) 
    values
        (?, ?, ?, ?, default)
Hibernate: 
    insert 
    into
        exam_schedules
        (course_code, course_name, final_date, midterm_date, id) 
    values
        (?, ?, ?, ?, default)
2026-09-04T19:51:19.760+06:00 DEBUG 18860 --- [campusconnect-backend] [  restartedMain] org.hibernate.SQL                        : 
    insert 
    into
        exam_schedules
        (course_code, course_name, final_date, midterm_date, id) 
    values
        (?, ?, ?, ?, default)
Hibernate: 
    insert 
    into
        exam_schedules
        (course_code, course_name, final_date, midterm_date, id) 
    values
        (?, ?, ?, ?, default)
2026-09-04T19:51:19.778+06:00 DEBUG 18860 --- [campusconnect-backend] [  restartedMain] org.hibernate.SQL                        : 
    select
        count(*) 
    from
        faculty_directory_entries fde1_0
Hibernate: 
    select
        count(*) 
    from
        faculty_directory_entries fde1_0
2026-09-04T19:51:19.783+06:00 DEBUG 18860 --- [campusconnect-backend] [  restartedMain] org.hibernate.SQL                        : 
    insert 
    into
        faculty_directory_entries
        (category, email, name, position, profile_url, thesis_level, thesis_status, id) 
    values
        (?, ?, ?, ?, ?, ?, ?, default)
Hibernate: 
    insert 
    into
        faculty_directory_entries
        (category, email, name, position, profile_url, thesis_level, thesis_status, id) 
    values
        (?, ?, ?, ?, ?, ?, ?, default)
2026-09-04T19:51:19.785+06:00 DEBUG 18860 --- [campusconnect-backend] [  restartedMain] org.hibernate.SQL                        : 
    insert 
    into
        faculty_directory_entries
        (category, email, name, position, profile_url, thesis_level, thesis_status, id) 
    values
        (?, ?, ?, ?, ?, ?, ?, default)
Hibernate: 
    insert 
    into
        faculty_directory_entries
        (category, email, name, position, profile_url, thesis_level, thesis_status, id) 
    values
        (?, ?, ?, ?, ?, ?, ?, default)
2026-09-04T19:51:19.788+06:00 DEBUG 18860 --- [campusconnect-backend] [  restartedMain] org.hibernate.SQL                        : 
    insert 
    into
        faculty_directory_entries
        (category, email, name, position, profile_url, thesis_level, thesis_status, id) 
    values
        (?, ?, ?, ?, ?, ?, ?, default)
Hibernate: 
    insert 
    into
        faculty_directory_entries
        (category, email, name, position, profile_url, thesis_level, thesis_status, id) 
    values
        (?, ?, ?, ?, ?, ?, ?, default)
2026-09-04T19:51:19.790+06:00 DEBUG 18860 --- [campusconnect-backend] [  restartedMain] org.hibernate.SQL                        : 
    insert 
    into
        faculty_directory_entries
        (category, email, name, position, profile_url, thesis_level, thesis_status, id) 
    values
        (?, ?, ?, ?, ?, ?, ?, default)
Hibernate: 
    insert 
    into
        faculty_directory_entries
        (category, email, name, position, profile_url, thesis_level, thesis_status, id) 
    values
        (?, ?, ?, ?, ?, ?, ?, default)
2026-09-04T19:51:19.793+06:00 DEBUG 18860 --- [campusconnect-backend] [  restartedMain] org.hibernate.SQL                        : 
    insert 
    into
        faculty_directory_entries
        (category, email, name, position, profile_url, thesis_level, thesis_status, id) 
    values
        (?, ?, ?, ?, ?, ?, ?, default)
Hibernate: 
    insert 
    into
        faculty_directory_entries
        (category, email, name, position, profile_url, thesis_level, thesis_status, id) 
    values
        (?, ?, ?, ?, ?, ?, ?, default)
2026-09-04T19:51:19.794+06:00 DEBUG 18860 --- [campusconnect-backend] [  restartedMain] org.hibernate.SQL                        : 
    insert 
    into
        faculty_directory_entries
        (category, email, name, position, profile_url, thesis_level, thesis_status, id) 
    values
        (?, ?, ?, ?, ?, ?, ?, default)
Hibernate: 
    insert 
    into
        faculty_directory_entries
        (category, email, name, position, profile_url, thesis_level, thesis_status, id) 
    values
        (?, ?, ?, ?, ?, ?, ?, default)
2026-09-04T19:51:19.794+06:00 DEBUG 18860 --- [campusconnect-backend] [  restartedMain] org.hibernate.SQL                        : 
    insert 
    into
        faculty_directory_entries
        (category, email, name, position, profile_url, thesis_level, thesis_status, id) 
    values
        (?, ?, ?, ?, ?, ?, ?, default)
Hibernate: 
    insert 
    into
        faculty_directory_entries
        (category, email, name, position, profile_url, thesis_level, thesis_status, id) 
    values
        (?, ?, ?, ?, ?, ?, ?, default)
2026-09-04T19:51:19.795+06:00 DEBUG 18860 --- [campusconnect-backend] [  restartedMain] org.hibernate.SQL                        : 
    insert 
    into
        faculty_directory_entries
        (category, email, name, position, profile_url, thesis_level, thesis_status, id) 
    values
        (?, ?, ?, ?, ?, ?, ?, default)
Hibernate: 
    insert 
    into
        faculty_directory_entries
        (category, email, name, position, profile_url, thesis_level, thesis_status, id) 
    values
        (?, ?, ?, ?, ?, ?, ?, default)
2026-09-04T19:51:19.795+06:00 DEBUG 18860 --- [campusconnect-backend] [  restartedMain] org.hibernate.SQL                        : 
    insert 
    into
        faculty_directory_entries
        (category, email, name, position, profile_url, thesis_level, thesis_status, id) 
    values
        (?, ?, ?, ?, ?, ?, ?, default)
Hibernate: 
    insert 
    into
        faculty_directory_entries
        (category, email, name, position, profile_url, thesis_level, thesis_status, id) 
    values
        (?, ?, ?, ?, ?, ?, ?, default)
2026-09-04T19:51:19.797+06:00 DEBUG 18860 --- [campusconnect-backend] [  restartedMain] org.hibernate.SQL                        : 
    insert 
    into
        faculty_directory_entries
        (category, email, name, position, profile_url, thesis_level, thesis_status, id) 
    values
        (?, ?, ?, ?, ?, ?, ?, default)
Hibernate: 
    insert 
    into
        faculty_directory_entries
        (category, email, name, position, profile_url, thesis_level, thesis_status, id) 
    values
        (?, ?, ?, ?, ?, ?, ?, default)
2026-09-04T19:51:19.798+06:00 DEBUG 18860 --- [campusconnect-backend] [  restartedMain] org.hibernate.SQL                        : 
    insert 
    into
        faculty_directory_entries
        (category, email, name, position, profile_url, thesis_level, thesis_status, id) 
    values
        (?, ?, ?, ?, ?, ?, ?, default)
Hibernate: 
    insert 
    into
        faculty_directory_entries
        (category, email, name, position, profile_url, thesis_level, thesis_status, id) 
    values
        (?, ?, ?, ?, ?, ?, ?, default)
2026-09-04T19:51:19.799+06:00 DEBUG 18860 --- [campusconnect-backend] [  restartedMain] org.hibernate.SQL                        : 
    insert 
    into
        faculty_directory_entries
        (category, email, name, position, profile_url, thesis_level, thesis_status, id) 
    values
        (?, ?, ?, ?, ?, ?, ?, default)
Hibernate: 
    insert 
    into
        faculty_directory_entries
        (category, email, name, position, profile_url, thesis_level, thesis_status, id) 
    values
        (?, ?, ?, ?, ?, ?, ?, default)
2026-09-04T19:51:19.799+06:00 DEBUG 18860 --- [campusconnect-backend] [  restartedMain] org.hibernate.SQL                        : 
    insert 
    into
        faculty_directory_entries
        (category, email, name, position, profile_url, thesis_level, thesis_status, id) 
    values
        (?, ?, ?, ?, ?, ?, ?, default)
Hibernate: 
    insert 
    into
        faculty_directory_entries
        (category, email, name, position, profile_url, thesis_level, thesis_status, id) 
    values
        (?, ?, ?, ?, ?, ?, ?, default)
2026-09-04T19:51:19.800+06:00 DEBUG 18860 --- [campusconnect-backend] [  restartedMain] org.hibernate.SQL                        : 
    insert 
    into
        faculty_directory_entries
        (category, email, name, position, profile_url, thesis_level, thesis_status, id) 
    values
        (?, ?, ?, ?, ?, ?, ?, default)
Hibernate: 
    insert 
    into
        faculty_directory_entries
        (category, email, name, position, profile_url, thesis_level, thesis_status, id) 
    values
        (?, ?, ?, ?, ?, ?, ?, default)
2026-09-04T19:51:19.800+06:00 DEBUG 18860 --- [campusconnect-backend] [  restartedMain] org.hibernate.SQL                        : 
    insert 
    into
        faculty_directory_entries
        (category, email, name, position, profile_url, thesis_level, thesis_status, id) 
    values
        (?, ?, ?, ?, ?, ?, ?, default)
Hibernate: 
    insert 
    into
        faculty_directory_entries
        (category, email, name, position, profile_url, thesis_level, thesis_status, id) 
    values
        (?, ?, ?, ?, ?, ?, ?, default)
2026-09-04T19:51:19.801+06:00 DEBUG 18860 --- [campusconnect-backend] [  restartedMain] org.hibernate.SQL                        : 
    insert 
    into
        faculty_directory_entries
        (category, email, name, position, profile_url, thesis_level, thesis_status, id) 
    values
        (?, ?, ?, ?, ?, ?, ?, default)
Hibernate: 
    insert 
    into
        faculty_directory_entries
        (category, email, name, position, profile_url, thesis_level, thesis_status, id) 
    values
        (?, ?, ?, ?, ?, ?, ?, default)
2026-09-04T19:51:19.802+06:00 DEBUG 18860 --- [campusconnect-backend] [  restartedMain] org.hibernate.SQL                        : 
    insert 
    into
        faculty_directory_entries
        (category, email, name, position, profile_url, thesis_level, thesis_status, id) 
    values
        (?, ?, ?, ?, ?, ?, ?, default)
Hibernate: 
    insert 
    into
        faculty_directory_entries
        (category, email, name, position, profile_url, thesis_level, thesis_status, id) 
    values
        (?, ?, ?, ?, ?, ?, ?, default)
2026-09-04T19:51:19.803+06:00 DEBUG 18860 --- [campusconnect-backend] [  restartedMain] org.hibernate.SQL                        : 
    insert 
    into
        faculty_directory_entries
        (category, email, name, position, profile_url, thesis_level, thesis_status, id) 
    values
        (?, ?, ?, ?, ?, ?, ?, default)
Hibernate: 
    insert 
    into
        faculty_directory_entries
        (category, email, name, position, profile_url, thesis_level, thesis_status, id) 
    values
        (?, ?, ?, ?, ?, ?, ?, default)
2026-09-04T19:51:19.804+06:00 DEBUG 18860 --- [campusconnect-backend] [  restartedMain] org.hibernate.SQL                        : 
    insert 
    into
        faculty_directory_entries
        (category, email, name, position, profile_url, thesis_level, thesis_status, id) 
    values
        (?, ?, ?, ?, ?, ?, ?, default)
Hibernate: 
    insert 
    into
        faculty_directory_entries
        (category, email, name, position, profile_url, thesis_level, thesis_status, id) 
    values
        (?, ?, ?, ?, ?, ?, ?, default)
2026-09-04T19:51:19.806+06:00 DEBUG 18860 --- [campusconnect-backend] [  restartedMain] org.hibernate.SQL                        : 
    insert 
    into
        faculty_directory_entries
        (category, email, name, position, profile_url, thesis_level, thesis_status, id) 
    values
        (?, ?, ?, ?, ?, ?, ?, default)
Hibernate: 
    insert 
    into
        faculty_directory_entries
        (category, email, name, position, profile_url, thesis_level, thesis_status, id) 
    values
        (?, ?, ?, ?, ?, ?, ?, default)
2026-09-04T19:51:19.807+06:00 DEBUG 18860 --- [campusconnect-backend] [  restartedMain] org.hibernate.SQL                        : 
    insert 
    into
        faculty_directory_entries
        (category, email, name, position, profile_url, thesis_level, thesis_status, id) 
    values
        (?, ?, ?, ?, ?, ?, ?, default)
Hibernate: 
    insert 
    into
        faculty_directory_entries
        (category, email, name, position, profile_url, thesis_level, thesis_status, id) 
    values
        (?, ?, ?, ?, ?, ?, ?, default)
2026-09-04T19:51:19.808+06:00 DEBUG 18860 --- [campusconnect-backend] [  restartedMain] org.hibernate.SQL                        : 
    insert 
    into
        faculty_directory_entries
        (category, email, name, position, profile_url, thesis_level, thesis_status, id) 
    values
        (?, ?, ?, ?, ?, ?, ?, default)
Hibernate: 
    insert 
    into
        faculty_directory_entries
        (category, email, name, position, profile_url, thesis_level, thesis_status, id) 
    values
        (?, ?, ?, ?, ?, ?, ?, default)
2026-09-04T19:51:19.809+06:00 DEBUG 18860 --- [campusconnect-backend] [  restartedMain] org.hibernate.SQL                        : 
    insert 
    into
        faculty_directory_entries
        (category, email, name, position, profile_url, thesis_level, thesis_status, id) 
    values
        (?, ?, ?, ?, ?, ?, ?, default)
Hibernate: 
    insert 
    into
        faculty_directory_entries
        (category, email, name, position, profile_url, thesis_level, thesis_status, id) 
    values
        (?, ?, ?, ?, ?, ?, ?, default)
2026-09-04T19:51:19.809+06:00 DEBUG 18860 --- [campusconnect-backend] [  restartedMain] org.hibernate.SQL                        : 
    insert 
    into
        faculty_directory_entries
        (category, email, name, position, profile_url, thesis_level, thesis_status, id) 
    values
        (?, ?, ?, ?, ?, ?, ?, default)
Hibernate: 
    insert 
    into
        faculty_directory_entries
        (category, email, name, position, profile_url, thesis_level, thesis_status, id) 
    values
        (?, ?, ?, ?, ?, ?, ?, default)
2026-09-04T19:51:19.810+06:00 DEBUG 18860 --- [campusconnect-backend] [  restartedMain] org.hibernate.SQL                        : 
    insert 
    into
        faculty_directory_entries
        (category, email, name, position, profile_url, thesis_level, thesis_status, id) 
    values
        (?, ?, ?, ?, ?, ?, ?, default)
Hibernate: 
    insert 
    into
        faculty_directory_entries
        (category, email, name, position, profile_url, thesis_level, thesis_status, id) 
    values
        (?, ?, ?, ?, ?, ?, ?, default)
2026-09-04T19:51:19.811+06:00 DEBUG 18860 --- [campusconnect-backend] [  restartedMain] org.hibernate.SQL                        : 
    insert 
    into
        faculty_directory_entries
        (category, email, name, position, profile_url, thesis_level, thesis_status, id) 
    values
        (?, ?, ?, ?, ?, ?, ?, default)
Hibernate: 
    insert 
    into
        faculty_directory_entries
        (category, email, name, position, profile_url, thesis_level, thesis_status, id) 
    values
        (?, ?, ?, ?, ?, ?, ?, default)
2026-09-04T19:51:19.811+06:00 DEBUG 18860 --- [campusconnect-backend] [  restartedMain] org.hibernate.SQL                        : 
    insert 
    into
        faculty_directory_entries
        (category, email, name, position, profile_url, thesis_level, thesis_status, id) 
    values
        (?, ?, ?, ?, ?, ?, ?, default)
Hibernate: 
    insert 
    into
        faculty_directory_entries
        (category, email, name, position, profile_url, thesis_level, thesis_status, id) 
    values
        (?, ?, ?, ?, ?, ?, ?, default)
2026-09-04T19:51:19.812+06:00 DEBUG 18860 --- [campusconnect-backend] [  restartedMain] org.hibernate.SQL                        : 
    insert 
    into
        faculty_directory_entries
        (category, email, name, position, profile_url, thesis_level, thesis_status, id) 
    values
        (?, ?, ?, ?, ?, ?, ?, default)
Hibernate: 
    insert 
    into
        faculty_directory_entries
        (category, email, name, position, profile_url, thesis_level, thesis_status, id) 
    values
        (?, ?, ?, ?, ?, ?, ?, default)
2026-09-04T19:51:19.813+06:00 DEBUG 18860 --- [campusconnect-backend] [  restartedMain] org.hibernate.SQL                        : 
    insert 
    into
        faculty_directory_entries
        (category, email, name, position, profile_url, thesis_level, thesis_status, id) 
    values
        (?, ?, ?, ?, ?, ?, ?, default)
Hibernate: 
    insert 
    into
        faculty_directory_entries
        (category, email, name, position, profile_url, thesis_level, thesis_status, id) 
    values
        (?, ?, ?, ?, ?, ?, ?, default)
2026-09-04T19:51:19.813+06:00 DEBUG 18860 --- [campusconnect-backend] [  restartedMain] org.hibernate.SQL                        : 
    insert 
    into
        faculty_directory_entries
        (category, email, name, position, profile_url, thesis_level, thesis_status, id) 
    values
        (?, ?, ?, ?, ?, ?, ?, default)
Hibernate: 
    insert 
    into
        faculty_directory_entries
        (category, email, name, position, profile_url, thesis_level, thesis_status, id) 
    values
        (?, ?, ?, ?, ?, ?, ?, default)
2026-09-04T19:51:19.814+06:00 DEBUG 18860 --- [campusconnect-backend] [  restartedMain] org.hibernate.SQL                        : 
    insert 
    into
        faculty_directory_entries
        (category, email, name, position, profile_url, thesis_level, thesis_status, id) 
    values
        (?, ?, ?, ?, ?, ?, ?, default)
Hibernate: 
    insert 
    into
        faculty_directory_entries
        (category, email, name, position, profile_url, thesis_level, thesis_status, id) 
    values
        (?, ?, ?, ?, ?, ?, ?, default)
2026-09-04T19:51:19.815+06:00 DEBUG 18860 --- [campusconnect-backend] [  restartedMain] org.hibernate.SQL                        : 
    insert 
    into
        faculty_directory_entries
        (category, email, name, position, profile_url, thesis_level, thesis_status, id) 
    values
        (?, ?, ?, ?, ?, ?, ?, default)
Hibernate: 
    insert 
    into
        faculty_directory_entries
        (category, email, name, position, profile_url, thesis_level, thesis_status, id) 
    values
        (?, ?, ?, ?, ?, ?, ?, default)
2026-09-04T19:51:19.815+06:00 DEBUG 18860 --- [campusconnect-backend] [  restartedMain] org.hibernate.SQL                        : 
    insert 
    into
        faculty_directory_entries
        (category, email, name, position, profile_url, thesis_level, thesis_status, id) 
    values
        (?, ?, ?, ?, ?, ?, ?, default)
Hibernate: 
    insert 
    into
        faculty_directory_entries
        (category, email, name, position, profile_url, thesis_level, thesis_status, id) 
    values
        (?, ?, ?, ?, ?, ?, ?, default)
2026-09-04T19:51:19.816+06:00 DEBUG 18860 --- [campusconnect-backend] [  restartedMain] org.hibernate.SQL                        : 
    insert 
    into
        faculty_directory_entries
        (category, email, name, position, profile_url, thesis_level, thesis_status, id) 
    values
        (?, ?, ?, ?, ?, ?, ?, default)
Hibernate: 
    insert 
    into
        faculty_directory_entries
        (category, email, name, position, profile_url, thesis_level, thesis_status, id) 
    values
        (?, ?, ?, ?, ?, ?, ?, default)
2026-09-04T19:51:19.816+06:00 DEBUG 18860 --- [campusconnect-backend] [  restartedMain] org.hibernate.SQL                        : 
    insert 
    into
        faculty_directory_entries
        (category, email, name, position, profile_url, thesis_level, thesis_status, id) 
    values
        (?, ?, ?, ?, ?, ?, ?, default)
Hibernate: 
    insert 
    into
        faculty_directory_entries
        (category, email, name, position, profile_url, thesis_level, thesis_status, id) 
    values
        (?, ?, ?, ?, ?, ?, ?, default)
2026-09-04T19:51:19.818+06:00 DEBUG 18860 --- [campusconnect-backend] [  restartedMain] org.hibernate.SQL                        : 
    insert 
    into
        faculty_directory_entries
        (category, email, name, position, profile_url, thesis_level, thesis_status, id) 
    values
        (?, ?, ?, ?, ?, ?, ?, default)
Hibernate: 
    insert 
    into
        faculty_directory_entries
        (category, email, name, position, profile_url, thesis_level, thesis_status, id) 
    values
        (?, ?, ?, ?, ?, ?, ?, default)
2026-09-04T19:51:19.819+06:00 DEBUG 18860 --- [campusconnect-backend] [  restartedMain] org.hibernate.SQL                        : 
    insert 
    into
        faculty_directory_entries
        (category, email, name, position, profile_url, thesis_level, thesis_status, id) 
    values
        (?, ?, ?, ?, ?, ?, ?, default)
Hibernate: 
    insert 
    into
        faculty_directory_entries
        (category, email, name, position, profile_url, thesis_level, thesis_status, id) 
    values
        (?, ?, ?, ?, ?, ?, ?, default)
2026-09-04T19:51:19.819+06:00 DEBUG 18860 --- [campusconnect-backend] [  restartedMain] org.hibernate.SQL                        : 
    insert 
    into
        faculty_directory_entries
        (category, email, name, position, profile_url, thesis_level, thesis_status, id) 
    values
        (?, ?, ?, ?, ?, ?, ?, default)
Hibernate: 
    insert 
    into
        faculty_directory_entries
        (category, email, name, position, profile_url, thesis_level, thesis_status, id) 
    values
        (?, ?, ?, ?, ?, ?, ?, default)
2026-09-04T19:51:19.821+06:00 DEBUG 18860 --- [campusconnect-backend] [  restartedMain] org.hibernate.SQL                        : 
    insert 
    into
        faculty_directory_entries
        (category, email, name, position, profile_url, thesis_level, thesis_status, id) 
    values
        (?, ?, ?, ?, ?, ?, ?, default)
Hibernate: 
    insert 
    into
        faculty_directory_entries
        (category, email, name, position, profile_url, thesis_level, thesis_status, id) 
    values
        (?, ?, ?, ?, ?, ?, ?, default)
2026-09-04T19:51:19.823+06:00 DEBUG 18860 --- [campusconnect-backend] [  restartedMain] org.hibernate.SQL                        : 
    insert 
    into
        faculty_directory_entries
        (category, email, name, position, profile_url, thesis_level, thesis_status, id) 
    values
        (?, ?, ?, ?, ?, ?, ?, default)
Hibernate: 
    insert 
    into
        faculty_directory_entries
        (category, email, name, position, profile_url, thesis_level, thesis_status, id) 
    values
        (?, ?, ?, ?, ?, ?, ?, default)
2026-09-04T19:51:19.824+06:00 DEBUG 18860 --- [campusconnect-backend] [  restartedMain] org.hibernate.SQL                        : 
    insert 
    into
        faculty_directory_entries
        (category, email, name, position, profile_url, thesis_level, thesis_status, id) 
    values
        (?, ?, ?, ?, ?, ?, ?, default)
Hibernate: 
    insert 
    into
        faculty_directory_entries
        (category, email, name, position, profile_url, thesis_level, thesis_status, id) 
    values
        (?, ?, ?, ?, ?, ?, ?, default)
2026-09-04T19:51:19.825+06:00 DEBUG 18860 --- [campusconnect-backend] [  restartedMain] org.hibernate.SQL                        : 
    insert 
    into
        faculty_directory_entries
        (category, email, name, position, profile_url, thesis_level, thesis_status, id) 
    values
        (?, ?, ?, ?, ?, ?, ?, default)
Hibernate: 
    insert 
    into
        faculty_directory_entries
        (category, email, name, position, profile_url, thesis_level, thesis_status, id) 
    values
        (?, ?, ?, ?, ?, ?, ?, default)
2026-09-04T19:51:19.826+06:00 DEBUG 18860 --- [campusconnect-backend] [  restartedMain] org.hibernate.SQL                        : 
    insert 
    into
        faculty_directory_entries
        (category, email, name, position, profile_url, thesis_level, thesis_status, id) 
    values
        (?, ?, ?, ?, ?, ?, ?, default)
Hibernate: 
    insert 
    into
        faculty_directory_entries
        (category, email, name, position, profile_url, thesis_level, thesis_status, id) 
    values
        (?, ?, ?, ?, ?, ?, ?, default)
2026-09-04T19:51:19.827+06:00 DEBUG 18860 --- [campusconnect-backend] [  restartedMain] org.hibernate.SQL                        : 
    insert 
    into
        faculty_directory_entries
        (category, email, name, position, profile_url, thesis_level, thesis_status, id) 
    values
        (?, ?, ?, ?, ?, ?, ?, default)
Hibernate: 
    insert 
    into
        faculty_directory_entries
        (category, email, name, position, profile_url, thesis_level, thesis_status, id) 
    values
        (?, ?, ?, ?, ?, ?, ?, default)
2026-09-04T19:51:19.827+06:00 DEBUG 18860 --- [campusconnect-backend] [  restartedMain] org.hibernate.SQL                        : 
    insert 
    into
        faculty_directory_entries
        (category, email, name, position, profile_url, thesis_level, thesis_status, id) 
    values
        (?, ?, ?, ?, ?, ?, ?, default)
Hibernate: 
    insert 
    into
        faculty_directory_entries
        (category, email, name, position, profile_url, thesis_level, thesis_status, id) 
    values
        (?, ?, ?, ?, ?, ?, ?, default)
2026-09-04T19:51:19.828+06:00 DEBUG 18860 --- [campusconnect-backend] [  restartedMain] org.hibernate.SQL                        : 
    insert 
    into
        faculty_directory_entries
        (category, email, name, position, profile_url, thesis_level, thesis_status, id) 
    values
        (?, ?, ?, ?, ?, ?, ?, default)
Hibernate: 
    insert 
    into
        faculty_directory_entries
        (category, email, name, position, profile_url, thesis_level, thesis_status, id) 
    values
        (?, ?, ?, ?, ?, ?, ?, default)
2026-09-04T19:51:19.829+06:00 DEBUG 18860 --- [campusconnect-backend] [  restartedMain] org.hibernate.SQL                        : 
    insert 
    into
        faculty_directory_entries
        (category, email, name, position, profile_url, thesis_level, thesis_status, id) 
    values
        (?, ?, ?, ?, ?, ?, ?, default)
Hibernate: 
    insert 
    into
        faculty_directory_entries
        (category, email, name, position, profile_url, thesis_level, thesis_status, id) 
    values
        (?, ?, ?, ?, ?, ?, ?, default)
2026-09-04T19:51:19.829+06:00 DEBUG 18860 --- [campusconnect-backend] [  restartedMain] org.hibernate.SQL                        : 
    insert 
    into
        faculty_directory_entries
        (category, email, name, position, profile_url, thesis_level, thesis_status, id) 
    values
        (?, ?, ?, ?, ?, ?, ?, default)
Hibernate: 
    insert 
    into
        faculty_directory_entries
        (category, email, name, position, profile_url, thesis_level, thesis_status, id) 
    values
        (?, ?, ?, ?, ?, ?, ?, default)
2026-09-04T19:51:19.829+06:00 DEBUG 18860 --- [campusconnect-backend] [  restartedMain] org.hibernate.SQL                        : 
    insert 
    into
        faculty_directory_entries
        (category, email, name, position, profile_url, thesis_level, thesis_status, id) 
    values
        (?, ?, ?, ?, ?, ?, ?, default)
Hibernate: 
    insert 
    into
        faculty_directory_entries
        (category, email, name, position, profile_url, thesis_level, thesis_status, id) 
    values
        (?, ?, ?, ?, ?, ?, ?, default)
2026-09-04T19:51:19.830+06:00 DEBUG 18860 --- [campusconnect-backend] [  restartedMain] org.hibernate.SQL                        : 
    insert 
    into
        faculty_directory_entries
        (category, email, name, position, profile_url, thesis_level, thesis_status, id) 
    values
        (?, ?, ?, ?, ?, ?, ?, default)
Hibernate: 
    insert 
    into
        faculty_directory_entries
        (category, email, name, position, profile_url, thesis_level, thesis_status, id) 
    values
        (?, ?, ?, ?, ?, ?, ?, default)
2026-09-04T19:51:19.831+06:00 DEBUG 18860 --- [campusconnect-backend] [  restartedMain] org.hibernate.SQL                        : 
    insert 
    into
        faculty_directory_entries
        (category, email, name, position, profile_url, thesis_level, thesis_status, id) 
    values
        (?, ?, ?, ?, ?, ?, ?, default)
Hibernate: 
    insert 
    into
        faculty_directory_entries
        (category, email, name, position, profile_url, thesis_level, thesis_status, id) 
    values
        (?, ?, ?, ?, ?, ?, ?, default)
2026-09-04T19:51:19.832+06:00 DEBUG 18860 --- [campusconnect-backend] [  restartedMain] org.hibernate.SQL                        : 
    insert 
    into
        faculty_directory_entries
        (category, email, name, position, profile_url, thesis_level, thesis_status, id) 
    values
        (?, ?, ?, ?, ?, ?, ?, default)
Hibernate: 
    insert 
    into
        faculty_directory_entries
        (category, email, name, position, profile_url, thesis_level, thesis_status, id) 
    values
        (?, ?, ?, ?, ?, ?, ?, default)
2026-09-04T19:51:19.832+06:00 DEBUG 18860 --- [campusconnect-backend] [  restartedMain] org.hibernate.SQL                        : 
    insert 
    into
        faculty_directory_entries
        (category, email, name, position, profile_url, thesis_level, thesis_status, id) 
    values
        (?, ?, ?, ?, ?, ?, ?, default)
Hibernate: 
    insert 
    into
        faculty_directory_entries
        (category, email, name, position, profile_url, thesis_level, thesis_status, id) 
    values
        (?, ?, ?, ?, ?, ?, ?, default)
2026-09-04T19:51:19.832+06:00 DEBUG 18860 --- [campusconnect-backend] [  restartedMain] org.hibernate.SQL                        : 
    insert 
    into
        faculty_directory_entries
        (category, email, name, position, profile_url, thesis_level, thesis_status, id) 
    values
        (?, ?, ?, ?, ?, ?, ?, default)
Hibernate: 
    insert 
    into
        faculty_directory_entries
        (category, email, name, position, profile_url, thesis_level, thesis_status, id) 
    values
        (?, ?, ?, ?, ?, ?, ?, default)
2026-09-04T19:51:19.834+06:00 DEBUG 18860 --- [campusconnect-backend] [  restartedMain] org.hibernate.SQL                        : 
    insert 
    into
        faculty_directory_entries
        (category, email, name, position, profile_url, thesis_level, thesis_status, id) 
    values
        (?, ?, ?, ?, ?, ?, ?, default)
Hibernate: 
    insert 
    into
        faculty_directory_entries
        (category, email, name, position, profile_url, thesis_level, thesis_status, id) 
    values
        (?, ?, ?, ?, ?, ?, ?, default)
2026-09-04T19:51:19.834+06:00 DEBUG 18860 --- [campusconnect-backend] [  restartedMain] org.hibernate.SQL                        : 
    insert 
    into
        faculty_directory_entries
        (category, email, name, position, profile_url, thesis_level, thesis_status, id) 
    values
        (?, ?, ?, ?, ?, ?, ?, default)
Hibernate: 
    insert 
    into
        faculty_directory_entries
        (category, email, name, position, profile_url, thesis_level, thesis_status, id) 
    values
        (?, ?, ?, ?, ?, ?, ?, default)
2026-09-04T19:51:19.835+06:00 DEBUG 18860 --- [campusconnect-backend] [  restartedMain] org.hibernate.SQL                        : 
    insert 
    into
        faculty_directory_entries
        (category, email, name, position, profile_url, thesis_level, thesis_status, id) 
    values
        (?, ?, ?, ?, ?, ?, ?, default)
Hibernate: 
    insert 
    into
        faculty_directory_entries
        (category, email, name, position, profile_url, thesis_level, thesis_status, id) 
    values
        (?, ?, ?, ?, ?, ?, ?, default)
2026-09-04T19:51:19.835+06:00 DEBUG 18860 --- [campusconnect-backend] [  restartedMain] org.hibernate.SQL                        : 
    insert 
    into
        faculty_directory_entries
        (category, email, name, position, profile_url, thesis_level, thesis_status, id) 
    values
        (?, ?, ?, ?, ?, ?, ?, default)
Hibernate: 
    insert 
    into
        faculty_directory_entries
        (category, email, name, position, profile_url, thesis_level, thesis_status, id) 
    values
        (?, ?, ?, ?, ?, ?, ?, default)
2026-09-04T19:51:19.837+06:00 DEBUG 18860 --- [campusconnect-backend] [  restartedMain] org.hibernate.SQL                        : 
    insert 
    into
        faculty_directory_entries
        (category, email, name, position, profile_url, thesis_level, thesis_status, id) 
    values
        (?, ?, ?, ?, ?, ?, ?, default)
Hibernate: 
    insert 
    into
        faculty_directory_entries
        (category, email, name, position, profile_url, thesis_level, thesis_status, id) 
    values
        (?, ?, ?, ?, ?, ?, ?, default)
2026-09-04T19:51:19.838+06:00 DEBUG 18860 --- [campusconnect-backend] [  restartedMain] org.hibernate.SQL                        : 
    insert 
    into
        faculty_directory_entries
        (category, email, name, position, profile_url, thesis_level, thesis_status, id) 
    values
        (?, ?, ?, ?, ?, ?, ?, default)
Hibernate: 
    insert 
    into
        faculty_directory_entries
        (category, email, name, position, profile_url, thesis_level, thesis_status, id) 
    values
        (?, ?, ?, ?, ?, ?, ?, default)
2026-09-04T19:51:19.839+06:00 DEBUG 18860 --- [campusconnect-backend] [  restartedMain] org.hibernate.SQL                        : 
    insert 
    into
        faculty_directory_entries
        (category, email, name, position, profile_url, thesis_level, thesis_status, id) 
    values
        (?, ?, ?, ?, ?, ?, ?, default)
Hibernate: 
    insert 
    into
        faculty_directory_entries
        (category, email, name, position, profile_url, thesis_level, thesis_status, id) 
    values
        (?, ?, ?, ?, ?, ?, ?, default)
2026-09-04T19:51:19.840+06:00 DEBUG 18860 --- [campusconnect-backend] [  restartedMain] org.hibernate.SQL                        : 
    insert 
    into
        faculty_directory_entries
        (category, email, name, position, profile_url, thesis_level, thesis_status, id) 
    values
        (?, ?, ?, ?, ?, ?, ?, default)
Hibernate: 
    insert 
    into
        faculty_directory_entries
        (category, email, name, position, profile_url, thesis_level, thesis_status, id) 
    values
        (?, ?, ?, ?, ?, ?, ?, default)
2026-09-04T19:51:19.841+06:00 DEBUG 18860 --- [campusconnect-backend] [  restartedMain] org.hibernate.SQL                        : 
    insert 
    into
        faculty_directory_entries
        (category, email, name, position, profile_url, thesis_level, thesis_status, id) 
    values
        (?, ?, ?, ?, ?, ?, ?, default)
Hibernate: 
    insert 
    into
        faculty_directory_entries
        (category, email, name, position, profile_url, thesis_level, thesis_status, id) 
    values
        (?, ?, ?, ?, ?, ?, ?, default)
2026-09-04T19:51:19.842+06:00 DEBUG 18860 --- [campusconnect-backend] [  restartedMain] org.hibernate.SQL                        : 
    insert 
    into
        faculty_directory_entries
        (category, email, name, position, profile_url, thesis_level, thesis_status, id) 
    values
        (?, ?, ?, ?, ?, ?, ?, default)
Hibernate: 
    insert 
    into
        faculty_directory_entries
        (category, email, name, position, profile_url, thesis_level, thesis_status, id) 
    values
        (?, ?, ?, ?, ?, ?, ?, default)
2026-09-04T19:51:19.842+06:00 DEBUG 18860 --- [campusconnect-backend] [  restartedMain] org.hibernate.SQL                        : 
    insert 
    into
        faculty_directory_entries
        (category, email, name, position, profile_url, thesis_level, thesis_status, id) 
    values
        (?, ?, ?, ?, ?, ?, ?, default)
Hibernate: 
    insert 
    into
        faculty_directory_entries
        (category, email, name, position, profile_url, thesis_level, thesis_status, id) 
    values
        (?, ?, ?, ?, ?, ?, ?, default)
2026-09-04T19:51:19.843+06:00 DEBUG 18860 --- [campusconnect-backend] [  restartedMain] org.hibernate.SQL                        : 
    insert 
    into
        faculty_directory_entries
        (category, email, name, position, profile_url, thesis_level, thesis_status, id) 
    values
        (?, ?, ?, ?, ?, ?, ?, default)
Hibernate: 
    insert 
    into
        faculty_directory_entries
        (category, email, name, position, profile_url, thesis_level, thesis_status, id) 
    values
        (?, ?, ?, ?, ?, ?, ?, default)
2026-09-04T19:51:19.844+06:00 DEBUG 18860 --- [campusconnect-backend] [  restartedMain] org.hibernate.SQL                        : 
    insert 
    into
        faculty_directory_entries
        (category, email, name, position, profile_url, thesis_level, thesis_status, id) 
    values
        (?, ?, ?, ?, ?, ?, ?, default)
Hibernate: 
    insert 
    into
        faculty_directory_entries
        (category, email, name, position, profile_url, thesis_level, thesis_status, id) 
    values
        (?, ?, ?, ?, ?, ?, ?, default)
2026-09-04T19:51:19.845+06:00 DEBUG 18860 --- [campusconnect-backend] [  restartedMain] org.hibernate.SQL                        : 
    insert 
    into
        faculty_directory_entries
        (category, email, name, position, profile_url, thesis_level, thesis_status, id) 
    values
        (?, ?, ?, ?, ?, ?, ?, default)
Hibernate: 
    insert 
    into
        faculty_directory_entries
        (category, email, name, position, profile_url, thesis_level, thesis_status, id) 
    values
        (?, ?, ?, ?, ?, ?, ?, default)
2026-09-04T19:51:19.845+06:00 DEBUG 18860 --- [campusconnect-backend] [  restartedMain] org.hibernate.SQL                        : 
    insert 
    into
        faculty_directory_entries
        (category, email, name, position, profile_url, thesis_level, thesis_status, id) 
    values
        (?, ?, ?, ?, ?, ?, ?, default)
Hibernate: 
    insert 
    into
        faculty_directory_entries
        (category, email, name, position, profile_url, thesis_level, thesis_status, id) 
    values
        (?, ?, ?, ?, ?, ?, ?, default)
2026-09-04T19:51:19.845+06:00 DEBUG 18860 --- [campusconnect-backend] [  restartedMain] org.hibernate.SQL                        : 
    insert 
    into
        faculty_directory_entries
        (category, email, name, position, profile_url, thesis_level, thesis_status, id) 
    values
        (?, ?, ?, ?, ?, ?, ?, default)
Hibernate: 
    insert 
    into
        faculty_directory_entries
        (category, email, name, position, profile_url, thesis_level, thesis_status, id) 
    values
        (?, ?, ?, ?, ?, ?, ?, default)
2026-09-04T19:51:19.847+06:00 DEBUG 18860 --- [campusconnect-backend] [  restartedMain] org.hibernate.SQL                        : 
    insert 
    into
        faculty_directory_entries
        (category, email, name, position, profile_url, thesis_level, thesis_status, id) 
    values
        (?, ?, ?, ?, ?, ?, ?, default)
Hibernate: 
    insert 
    into
        faculty_directory_entries
        (category, email, name, position, profile_url, thesis_level, thesis_status, id) 
    values
        (?, ?, ?, ?, ?, ?, ?, default)
2026-09-04T19:51:19.847+06:00 DEBUG 18860 --- [campusconnect-backend] [  restartedMain] org.hibernate.SQL                        : 
    insert 
    into
        faculty_directory_entries
        (category, email, name, position, profile_url, thesis_level, thesis_status, id) 
    values
        (?, ?, ?, ?, ?, ?, ?, default)
Hibernate: 
    insert 
    into
        faculty_directory_entries
        (category, email, name, position, profile_url, thesis_level, thesis_status, id) 
    values
        (?, ?, ?, ?, ?, ?, ?, default)
2026-09-04T19:51:19.848+06:00 DEBUG 18860 --- [campusconnect-backend] [  restartedMain] org.hibernate.SQL                        : 
    insert 
    into
        faculty_directory_entries
        (category, email, name, position, profile_url, thesis_level, thesis_status, id) 
    values
        (?, ?, ?, ?, ?, ?, ?, default)
Hibernate: 
    insert 
    into
        faculty_directory_entries
        (category, email, name, position, profile_url, thesis_level, thesis_status, id) 
    values
        (?, ?, ?, ?, ?, ?, ?, default)
2026-09-04T19:51:19.849+06:00 DEBUG 18860 --- [campusconnect-backend] [  restartedMain] org.hibernate.SQL                        : 
    insert 
    into
        faculty_directory_entries
        (category, email, name, position, profile_url, thesis_level, thesis_status, id) 
    values
        (?, ?, ?, ?, ?, ?, ?, default)
Hibernate: 
    insert 
    into
        faculty_directory_entries
        (category, email, name, position, profile_url, thesis_level, thesis_status, id) 
    values
        (?, ?, ?, ?, ?, ?, ?, default)
2026-09-04T19:51:19.849+06:00 DEBUG 18860 --- [campusconnect-backend] [  restartedMain] org.hibernate.SQL                        : 
    insert 
    into
        faculty_directory_entries
        (category, email, name, position, profile_url, thesis_level, thesis_status, id) 
    values
        (?, ?, ?, ?, ?, ?, ?, default)
Hibernate: 
    insert 
    into
        faculty_directory_entries
        (category, email, name, position, profile_url, thesis_level, thesis_status, id) 
    values
        (?, ?, ?, ?, ?, ?, ?, default)
2026-09-04T19:51:19.849+06:00 DEBUG 18860 --- [campusconnect-backend] [  restartedMain] org.hibernate.SQL                        : 
    insert 
    into
        faculty_directory_entries
        (category, email, name, position, profile_url, thesis_level, thesis_status, id) 
    values
        (?, ?, ?, ?, ?, ?, ?, default)
Hibernate: 
    insert 
    into
        faculty_directory_entries
        (category, email, name, position, profile_url, thesis_level, thesis_status, id) 
    values
        (?, ?, ?, ?, ?, ?, ?, default)
2026-09-04T19:51:19.850+06:00 DEBUG 18860 --- [campusconnect-backend] [  restartedMain] org.hibernate.SQL                        : 
    insert 
    into
        faculty_directory_entries
        (category, email, name, position, profile_url, thesis_level, thesis_status, id) 
    values
        (?, ?, ?, ?, ?, ?, ?, default)
Hibernate: 
    insert 
    into
        faculty_directory_entries
        (category, email, name, position, profile_url, thesis_level, thesis_status, id) 
    values
        (?, ?, ?, ?, ?, ?, ?, default)
2026-09-04T19:51:19.851+06:00 DEBUG 18860 --- [campusconnect-backend] [  restartedMain] org.hibernate.SQL                        : 
    insert 
    into
        faculty_directory_entries
        (category, email, name, position, profile_url, thesis_level, thesis_status, id) 
    values
        (?, ?, ?, ?, ?, ?, ?, default)
Hibernate: 
    insert 
    into
        faculty_directory_entries
        (category, email, name, position, profile_url, thesis_level, thesis_status, id) 
    values
        (?, ?, ?, ?, ?, ?, ?, default)
2026-09-04T19:51:19.851+06:00 DEBUG 18860 --- [campusconnect-backend] [  restartedMain] org.hibernate.SQL                        : 
    insert 
    into
        faculty_directory_entries
        (category, email, name, position, profile_url, thesis_level, thesis_status, id) 
    values
        (?, ?, ?, ?, ?, ?, ?, default)
Hibernate: 
    insert 
    into
        faculty_directory_entries
        (category, email, name, position, profile_url, thesis_level, thesis_status, id) 
    values
        (?, ?, ?, ?, ?, ?, ?, default)
2026-09-04T19:51:19.852+06:00 DEBUG 18860 --- [campusconnect-backend] [  restartedMain] org.hibernate.SQL                        : 
    insert 
    into
        faculty_directory_entries
        (category, email, name, position, profile_url, thesis_level, thesis_status, id) 
    values
        (?, ?, ?, ?, ?, ?, ?, default)
Hibernate: 
    insert 
    into
        faculty_directory_entries
        (category, email, name, position, profile_url, thesis_level, thesis_status, id) 
    values
        (?, ?, ?, ?, ?, ?, ?, default)
2026-09-04T19:51:19.853+06:00 DEBUG 18860 --- [campusconnect-backend] [  restartedMain] org.hibernate.SQL                        : 
    insert 
    into
        faculty_directory_entries
        (category, email, name, position, profile_url, thesis_level, thesis_status, id) 
    values
        (?, ?, ?, ?, ?, ?, ?, default)
Hibernate: 
    insert 
    into
        faculty_directory_entries
        (category, email, name, position, profile_url, thesis_level, thesis_status, id) 
    values
        (?, ?, ?, ?, ?, ?, ?, default)
2026-09-04T19:51:19.854+06:00 DEBUG 18860 --- [campusconnect-backend] [  restartedMain] org.hibernate.SQL                        : 
    insert 
    into
        faculty_directory_entries
        (category, email, name, position, profile_url, thesis_level, thesis_status, id) 
    values
        (?, ?, ?, ?, ?, ?, ?, default)
Hibernate: 
    insert 
    into
        faculty_directory_entries
        (category, email, name, position, profile_url, thesis_level, thesis_status, id) 
    values
        (?, ?, ?, ?, ?, ?, ?, default)
2026-09-04T19:51:19.855+06:00 DEBUG 18860 --- [campusconnect-backend] [  restartedMain] org.hibernate.SQL                        : 
    insert 
    into
        faculty_directory_entries
        (category, email, name, position, profile_url, thesis_level, thesis_status, id) 
    values
        (?, ?, ?, ?, ?, ?, ?, default)
Hibernate: 
    insert 
    into
        faculty_directory_entries
        (category, email, name, position, profile_url, thesis_level, thesis_status, id) 
    values
        (?, ?, ?, ?, ?, ?, ?, default)
2026-09-04T19:51:19.857+06:00 DEBUG 18860 --- [campusconnect-backend] [  restartedMain] org.hibernate.SQL                        : 
    insert 
    into
        faculty_directory_entries
        (category, email, name, position, profile_url, thesis_level, thesis_status, id) 
    values
        (?, ?, ?, ?, ?, ?, ?, default)
Hibernate: 
    insert 
    into
        faculty_directory_entries
        (category, email, name, position, profile_url, thesis_level, thesis_status, id) 
    values
        (?, ?, ?, ?, ?, ?, ?, default)
2026-09-04T19:51:19.858+06:00 DEBUG 18860 --- [campusconnect-backend] [  restartedMain] org.hibernate.SQL                        : 
    insert 
    into
        faculty_directory_entries
        (category, email, name, position, profile_url, thesis_level, thesis_status, id) 
    values
        (?, ?, ?, ?, ?, ?, ?, default)
Hibernate: 
    insert 
    into
        faculty_directory_entries
        (category, email, name, position, profile_url, thesis_level, thesis_status, id) 
    values
        (?, ?, ?, ?, ?, ?, ?, default)
2026-09-04T19:51:19.859+06:00 DEBUG 18860 --- [campusconnect-backend] [  restartedMain] org.hibernate.SQL                        : 
    insert 
    into
        faculty_directory_entries
        (category, email, name, position, profile_url, thesis_level, thesis_status, id) 
    values
        (?, ?, ?, ?, ?, ?, ?, default)
Hibernate: 
    insert 
    into
        faculty_directory_entries
        (category, email, name, position, profile_url, thesis_level, thesis_status, id) 
    values
        (?, ?, ?, ?, ?, ?, ?, default)
2026-09-04T19:51:19.859+06:00 DEBUG 18860 --- [campusconnect-backend] [  restartedMain] org.hibernate.SQL                        : 
    insert 
    into
        faculty_directory_entries
        (category, email, name, position, profile_url, thesis_level, thesis_status, id) 
    values
        (?, ?, ?, ?, ?, ?, ?, default)
Hibernate: 
    insert 
    into
        faculty_directory_entries
        (category, email, name, position, profile_url, thesis_level, thesis_status, id) 
    values
        (?, ?, ?, ?, ?, ?, ?, default)
2026-09-04T19:51:19.860+06:00 DEBUG 18860 --- [campusconnect-backend] [  restartedMain] org.hibernate.SQL                        : 
    insert 
    into
        faculty_directory_entries
        (category, email, name, position, profile_url, thesis_level, thesis_status, id) 
    values
        (?, ?, ?, ?, ?, ?, ?, default)
Hibernate: 
    insert 
    into
        faculty_directory_entries
        (category, email, name, position, profile_url, thesis_level, thesis_status, id) 
    values
        (?, ?, ?, ?, ?, ?, ?, default)
2026-09-04T19:51:19.861+06:00 DEBUG 18860 --- [campusconnect-backend] [  restartedMain] org.hibernate.SQL                        : 
    insert 
    into
        faculty_directory_entries
        (category, email, name, position, profile_url, thesis_level, thesis_status, id) 
    values
        (?, ?, ?, ?, ?, ?, ?, default)
Hibernate: 
    insert 
    into
        faculty_directory_entries
        (category, email, name, position, profile_url, thesis_level, thesis_status, id) 
    values
        (?, ?, ?, ?, ?, ?, ?, default)
2026-09-04T19:51:19.861+06:00 DEBUG 18860 --- [campusconnect-backend] [  restartedMain] org.hibernate.SQL                        : 
    insert 
    into
        faculty_directory_entries
        (category, email, name, position, profile_url, thesis_level, thesis_status, id) 
    values
        (?, ?, ?, ?, ?, ?, ?, default)
Hibernate: 
    insert 
    into
        faculty_directory_entries
        (category, email, name, position, profile_url, thesis_level, thesis_status, id) 
    values
        (?, ?, ?, ?, ?, ?, ?, default)
2026-09-04T19:51:19.862+06:00 DEBUG 18860 --- [campusconnect-backend] [  restartedMain] org.hibernate.SQL                        : 
    insert 
    into
        faculty_directory_entries
        (category, email, name, position, profile_url, thesis_level, thesis_status, id) 
    values
        (?, ?, ?, ?, ?, ?, ?, default)
Hibernate: 
    insert 
    into
        faculty_directory_entries
        (category, email, name, position, profile_url, thesis_level, thesis_status, id) 
    values
        (?, ?, ?, ?, ?, ?, ?, default)
2026-09-04T19:51:19.863+06:00 DEBUG 18860 --- [campusconnect-backend] [  restartedMain] org.hibernate.SQL                        : 
    insert 
    into
        faculty_directory_entries
        (category, email, name, position, profile_url, thesis_level, thesis_status, id) 
    values
        (?, ?, ?, ?, ?, ?, ?, default)
Hibernate: 
    insert 
    into
        faculty_directory_entries
        (category, email, name, position, profile_url, thesis_level, thesis_status, id) 
    values
        (?, ?, ?, ?, ?, ?, ?, default)
2026-09-04T19:51:19.863+06:00 DEBUG 18860 --- [campusconnect-backend] [  restartedMain] org.hibernate.SQL                        : 
    insert 
    into
        faculty_directory_entries
        (category, email, name, position, profile_url, thesis_level, thesis_status, id) 
    values
        (?, ?, ?, ?, ?, ?, ?, default)
Hibernate: 
    insert 
    into
        faculty_directory_entries
        (category, email, name, position, profile_url, thesis_level, thesis_status, id) 
    values
        (?, ?, ?, ?, ?, ?, ?, default)
2026-09-04T19:51:19.864+06:00 DEBUG 18860 --- [campusconnect-backend] [  restartedMain] org.hibernate.SQL                        : 
    insert 
    into
        faculty_directory_entries
        (category, email, name, position, profile_url, thesis_level, thesis_status, id) 
    values
        (?, ?, ?, ?, ?, ?, ?, default)
Hibernate: 
    insert 
    into
        faculty_directory_entries
        (category, email, name, position, profile_url, thesis_level, thesis_status, id) 
    values
        (?, ?, ?, ?, ?, ?, ?, default)
2026-09-04T19:51:19.864+06:00 DEBUG 18860 --- [campusconnect-backend] [  restartedMain] org.hibernate.SQL                        : 
    insert 
    into
        faculty_directory_entries
        (category, email, name, position, profile_url, thesis_level, thesis_status, id) 
    values
        (?, ?, ?, ?, ?, ?, ?, default)
Hibernate: 
    insert 
    into
        faculty_directory_entries
        (category, email, name, position, profile_url, thesis_level, thesis_status, id) 
    values
        (?, ?, ?, ?, ?, ?, ?, default)
2026-09-04T19:51:19.865+06:00 DEBUG 18860 --- [campusconnect-backend] [  restartedMain] org.hibernate.SQL                        : 
    insert 
    into
        faculty_directory_entries
        (category, email, name, position, profile_url, thesis_level, thesis_status, id) 
    values
        (?, ?, ?, ?, ?, ?, ?, default)
Hibernate: 
    insert 
    into
        faculty_directory_entries
        (category, email, name, position, profile_url, thesis_level, thesis_status, id) 
    values
        (?, ?, ?, ?, ?, ?, ?, default)
2026-09-04T19:51:19.865+06:00 DEBUG 18860 --- [campusconnect-backend] [  restartedMain] org.hibernate.SQL                        : 
    insert 
    into
        faculty_directory_entries
        (category, email, name, position, profile_url, thesis_level, thesis_status, id) 
    values
        (?, ?, ?, ?, ?, ?, ?, default)
Hibernate: 
    insert 
    into
        faculty_directory_entries
        (category, email, name, position, profile_url, thesis_level, thesis_status, id) 
    values
        (?, ?, ?, ?, ?, ?, ?, default)
2026-09-04T19:51:19.867+06:00 DEBUG 18860 --- [campusconnect-backend] [  restartedMain] org.hibernate.SQL                        : 
    insert 
    into
        faculty_directory_entries
        (category, email, name, position, profile_url, thesis_level, thesis_status, id) 
    values
        (?, ?, ?, ?, ?, ?, ?, default)
Hibernate: 
    insert 
    into
        faculty_directory_entries
        (category, email, name, position, profile_url, thesis_level, thesis_status, id) 
    values
        (?, ?, ?, ?, ?, ?, ?, default)
2026-09-04T19:51:19.868+06:00 DEBUG 18860 --- [campusconnect-backend] [  restartedMain] org.hibernate.SQL                        : 
    insert 
    into
        faculty_directory_entries
        (category, email, name, position, profile_url, thesis_level, thesis_status, id) 
    values
        (?, ?, ?, ?, ?, ?, ?, default)
Hibernate: 
    insert 
    into
        faculty_directory_entries
        (category, email, name, position, profile_url, thesis_level, thesis_status, id) 
    values
        (?, ?, ?, ?, ?, ?, ?, default)
2026-09-04T19:51:19.868+06:00 DEBUG 18860 --- [campusconnect-backend] [  restartedMain] org.hibernate.SQL                        : 
    insert 
    into
        faculty_directory_entries
        (category, email, name, position, profile_url, thesis_level, thesis_status, id) 
    values
        (?, ?, ?, ?, ?, ?, ?, default)
Hibernate: 
    insert 
    into
        faculty_directory_entries
        (category, email, name, position, profile_url, thesis_level, thesis_status, id) 
    values
        (?, ?, ?, ?, ?, ?, ?, default)
2026-09-04T19:51:19.869+06:00 DEBUG 18860 --- [campusconnect-backend] [  restartedMain] org.hibernate.SQL                        : 
    insert 
    into
        faculty_directory_entries
        (category, email, name, position, profile_url, thesis_level, thesis_status, id) 
    values
        (?, ?, ?, ?, ?, ?, ?, default)
Hibernate: 
    insert 
    into
        faculty_directory_entries
        (category, email, name, position, profile_url, thesis_level, thesis_status, id) 
    values
        (?, ?, ?, ?, ?, ?, ?, default)
2026-09-04T19:51:19.869+06:00 DEBUG 18860 --- [campusconnect-backend] [  restartedMain] org.hibernate.SQL                        : 
    insert 
    into
        faculty_directory_entries
        (category, email, name, position, profile_url, thesis_level, thesis_status, id) 
    values
        (?, ?, ?, ?, ?, ?, ?, default)
Hibernate: 
    insert 
    into
        faculty_directory_entries
        (category, email, name, position, profile_url, thesis_level, thesis_status, id) 
    values
        (?, ?, ?, ?, ?, ?, ?, default)
2026-09-04T19:51:19.870+06:00 DEBUG 18860 --- [campusconnect-backend] [  restartedMain] org.hibernate.SQL                        : 
    insert 
    into
        faculty_directory_entries
        (category, email, name, position, profile_url, thesis_level, thesis_status, id) 
    values
        (?, ?, ?, ?, ?, ?, ?, default)
Hibernate: 
    insert 
    into
        faculty_directory_entries
        (category, email, name, position, profile_url, thesis_level, thesis_status, id) 
    values
        (?, ?, ?, ?, ?, ?, ?, default)
2026-09-04T19:51:19.872+06:00 DEBUG 18860 --- [campusconnect-backend] [  restartedMain] org.hibernate.SQL                        : 
    insert 
    into
        faculty_directory_entries
        (category, email, name, position, profile_url, thesis_level, thesis_status, id) 
    values
        (?, ?, ?, ?, ?, ?, ?, default)
Hibernate: 
    insert 
    into
        faculty_directory_entries
        (category, email, name, position, profile_url, thesis_level, thesis_status, id) 
    values
        (?, ?, ?, ?, ?, ?, ?, default)
2026-09-04T19:51:19.875+06:00 DEBUG 18860 --- [campusconnect-backend] [  restartedMain] org.hibernate.SQL                        : 
    insert 
    into
        faculty_directory_entries
        (category, email, name, position, profile_url, thesis_level, thesis_status, id) 
    values
        (?, ?, ?, ?, ?, ?, ?, default)
Hibernate: 
    insert 
    into
        faculty_directory_entries
        (category, email, name, position, profile_url, thesis_level, thesis_status, id) 
    values
        (?, ?, ?, ?, ?, ?, ?, default)
2026-09-04T19:51:19.876+06:00 DEBUG 18860 --- [campusconnect-backend] [  restartedMain] org.hibernate.SQL                        : 
    insert 
    into
        faculty_directory_entries
        (category, email, name, position, profile_url, thesis_level, thesis_status, id) 
    values
        (?, ?, ?, ?, ?, ?, ?, default)
Hibernate: 
    insert 
    into
        faculty_directory_entries
        (category, email, name, position, profile_url, thesis_level, thesis_status, id) 
    values
        (?, ?, ?, ?, ?, ?, ?, default)
2026-09-04T19:51:19.877+06:00 DEBUG 18860 --- [campusconnect-backend] [  restartedMain] org.hibernate.SQL                        : 
    insert 
    into
        faculty_directory_entries
        (category, email, name, position, profile_url, thesis_level, thesis_status, id) 
    values
        (?, ?, ?, ?, ?, ?, ?, default)
Hibernate: 
    insert 
    into
        faculty_directory_entries
        (category, email, name, position, profile_url, thesis_level, thesis_status, id) 
    values
        (?, ?, ?, ?, ?, ?, ?, default)
2026-09-04T19:51:19.877+06:00 DEBUG 18860 --- [campusconnect-backend] [  restartedMain] org.hibernate.SQL                        : 
    insert 
    into
        faculty_directory_entries
        (category, email, name, position, profile_url, thesis_level, thesis_status, id) 
    values
        (?, ?, ?, ?, ?, ?, ?, default)
Hibernate: 
    insert 
    into
        faculty_directory_entries
        (category, email, name, position, profile_url, thesis_level, thesis_status, id) 
    values
        (?, ?, ?, ?, ?, ?, ?, default)
2026-09-04T19:51:19.878+06:00 DEBUG 18860 --- [campusconnect-backend] [  restartedMain] org.hibernate.SQL                        : 
    insert 
    into
        faculty_directory_entries
        (category, email, name, position, profile_url, thesis_level, thesis_status, id) 
    values
        (?, ?, ?, ?, ?, ?, ?, default)
Hibernate: 
    insert 
    into
        faculty_directory_entries
        (category, email, name, position, profile_url, thesis_level, thesis_status, id) 
    values
        (?, ?, ?, ?, ?, ?, ?, default)
2026-09-04T19:51:19.879+06:00 DEBUG 18860 --- [campusconnect-backend] [  restartedMain] org.hibernate.SQL                        : 
    insert 
    into
        faculty_directory_entries
        (category, email, name, position, profile_url, thesis_level, thesis_status, id) 
    values
        (?, ?, ?, ?, ?, ?, ?, default)
Hibernate: 
    insert 
    into
        faculty_directory_entries
        (category, email, name, position, profile_url, thesis_level, thesis_status, id) 
    values
        (?, ?, ?, ?, ?, ?, ?, default)
2026-09-04T19:51:19.879+06:00 DEBUG 18860 --- [campusconnect-backend] [  restartedMain] org.hibernate.SQL                        : 
    insert 
    into
        faculty_directory_entries
        (category, email, name, position, profile_url, thesis_level, thesis_status, id) 
    values
        (?, ?, ?, ?, ?, ?, ?, default)
Hibernate: 
    insert 
    into
        faculty_directory_entries
        (category, email, name, position, profile_url, thesis_level, thesis_status, id) 
    values
        (?, ?, ?, ?, ?, ?, ?, default)
2026-09-04T19:51:19.880+06:00 DEBUG 18860 --- [campusconnect-backend] [  restartedMain] org.hibernate.SQL                        : 
    insert 
    into
        faculty_directory_entries
        (category, email, name, position, profile_url, thesis_level, thesis_status, id) 
    values
        (?, ?, ?, ?, ?, ?, ?, default)
Hibernate: 
    insert 
    into
        faculty_directory_entries
        (category, email, name, position, profile_url, thesis_level, thesis_status, id) 
    values
        (?, ?, ?, ?, ?, ?, ?, default)
2026-09-04T19:51:19.880+06:00 DEBUG 18860 --- [campusconnect-backend] [  restartedMain] org.hibernate.SQL                        : 
    insert 
    into
        faculty_directory_entries
        (category, email, name, position, profile_url, thesis_level, thesis_status, id) 
    values
        (?, ?, ?, ?, ?, ?, ?, default)
Hibernate: 
    insert 
    into
        faculty_directory_entries
        (category, email, name, position, profile_url, thesis_level, thesis_status, id) 
    values
        (?, ?, ?, ?, ?, ?, ?, default)
2026-09-04T19:51:19.882+06:00 DEBUG 18860 --- [campusconnect-backend] [  restartedMain] org.hibernate.SQL                        : 
    insert 
    into
        faculty_directory_entries
        (category, email, name, position, profile_url, thesis_level, thesis_status, id) 
    values
        (?, ?, ?, ?, ?, ?, ?, default)
Hibernate: 
    insert 
    into
        faculty_directory_entries
        (category, email, name, position, profile_url, thesis_level, thesis_status, id) 
    values
        (?, ?, ?, ?, ?, ?, ?, default)
2026-09-04T19:51:19.882+06:00 DEBUG 18860 --- [campusconnect-backend] [  restartedMain] org.hibernate.SQL                        : 
    insert 
    into
        faculty_directory_entries
        (category, email, name, position, profile_url, thesis_level, thesis_status, id) 
    values
        (?, ?, ?, ?, ?, ?, ?, default)
Hibernate: 
    insert 
    into
        faculty_directory_entries
        (category, email, name, position, profile_url, thesis_level, thesis_status, id) 
    values
        (?, ?, ?, ?, ?, ?, ?, default)
2026-09-04T19:51:19.882+06:00 DEBUG 18860 --- [campusconnect-backend] [  restartedMain] org.hibernate.SQL                        : 
    insert 
    into
        faculty_directory_entries
        (category, email, name, position, profile_url, thesis_level, thesis_status, id) 
    values
        (?, ?, ?, ?, ?, ?, ?, default)
Hibernate: 
    insert 
    into
        faculty_directory_entries
        (category, email, name, position, profile_url, thesis_level, thesis_status, id) 
    values
        (?, ?, ?, ?, ?, ?, ?, default)
2026-09-04T19:51:19.882+06:00 DEBUG 18860 --- [campusconnect-backend] [  restartedMain] org.hibernate.SQL                        : 
    insert 
    into
        faculty_directory_entries
        (category, email, name, position, profile_url, thesis_level, thesis_status, id) 
    values
        (?, ?, ?, ?, ?, ?, ?, default)
Hibernate: 
    insert 
    into
        faculty_directory_entries
        (category, email, name, position, profile_url, thesis_level, thesis_status, id) 
    values
        (?, ?, ?, ?, ?, ?, ?, default)
2026-09-04T19:51:19.884+06:00 DEBUG 18860 --- [campusconnect-backend] [  restartedMain] org.hibernate.SQL                        : 
    insert 
    into
        faculty_directory_entries
        (category, email, name, position, profile_url, thesis_level, thesis_status, id) 
    values
        (?, ?, ?, ?, ?, ?, ?, default)
Hibernate: 
    insert 
    into
        faculty_directory_entries
        (category, email, name, position, profile_url, thesis_level, thesis_status, id) 
    values
        (?, ?, ?, ?, ?, ?, ?, default)
2026-09-04T19:51:19.884+06:00 DEBUG 18860 --- [campusconnect-backend] [  restartedMain] org.hibernate.SQL                        : 
    insert 
    into
        faculty_directory_entries
        (category, email, name, position, profile_url, thesis_level, thesis_status, id) 
    values
        (?, ?, ?, ?, ?, ?, ?, default)
Hibernate: 
    insert 
    into
        faculty_directory_entries
        (category, email, name, position, profile_url, thesis_level, thesis_status, id) 
    values
        (?, ?, ?, ?, ?, ?, ?, default)
2026-09-04T19:51:19.885+06:00 DEBUG 18860 --- [campusconnect-backend] [  restartedMain] org.hibernate.SQL                        : 
    insert 
    into
        faculty_directory_entries
        (category, email, name, position, profile_url, thesis_level, thesis_status, id) 
    values
        (?, ?, ?, ?, ?, ?, ?, default)
Hibernate: 
    insert 
    into
        faculty_directory_entries
        (category, email, name, position, profile_url, thesis_level, thesis_status, id) 
    values
        (?, ?, ?, ?, ?, ?, ?, default)
2026-09-04T19:51:19.885+06:00 DEBUG 18860 --- [campusconnect-backend] [  restartedMain] org.hibernate.SQL                        : 
    insert 
    into
        faculty_directory_entries
        (category, email, name, position, profile_url, thesis_level, thesis_status, id) 
    values
        (?, ?, ?, ?, ?, ?, ?, default)
Hibernate: 
    insert 
    into
        faculty_directory_entries
        (category, email, name, position, profile_url, thesis_level, thesis_status, id) 
    values
        (?, ?, ?, ?, ?, ?, ?, default)
2026-09-04T19:51:19.885+06:00 DEBUG 18860 --- [campusconnect-backend] [  restartedMain] org.hibernate.SQL                        : 
    insert 
    into
        faculty_directory_entries
        (category, email, name, position, profile_url, thesis_level, thesis_status, id) 
    values
        (?, ?, ?, ?, ?, ?, ?, default)
Hibernate: 
    insert 
    into
        faculty_directory_entries
        (category, email, name, position, profile_url, thesis_level, thesis_status, id) 
    values
        (?, ?, ?, ?, ?, ?, ?, default)
2026-09-04T19:51:19.887+06:00 DEBUG 18860 --- [campusconnect-backend] [  restartedMain] org.hibernate.SQL                        : 
    insert 
    into
        faculty_directory_entries
        (category, email, name, position, profile_url, thesis_level, thesis_status, id) 
    values
        (?, ?, ?, ?, ?, ?, ?, default)
Hibernate: 
    insert 
    into
        faculty_directory_entries
        (category, email, name, position, profile_url, thesis_level, thesis_status, id) 
    values
        (?, ?, ?, ?, ?, ?, ?, default)
2026-09-04T19:51:19.888+06:00 DEBUG 18860 --- [campusconnect-backend] [  restartedMain] org.hibernate.SQL                        : 
    insert 
    into
        faculty_directory_entries
        (category, email, name, position, profile_url, thesis_level, thesis_status, id) 
    values
        (?, ?, ?, ?, ?, ?, ?, default)
Hibernate: 
    insert 
    into
        faculty_directory_entries
        (category, email, name, position, profile_url, thesis_level, thesis_status, id) 
    values
        (?, ?, ?, ?, ?, ?, ?, default)
2026-09-04T19:51:19.888+06:00 DEBUG 18860 --- [campusconnect-backend] [  restartedMain] org.hibernate.SQL                        : 
    insert 
    into
        faculty_directory_entries
        (category, email, name, position, profile_url, thesis_level, thesis_status, id) 
    values
        (?, ?, ?, ?, ?, ?, ?, default)
Hibernate: 
    insert 
    into
        faculty_directory_entries
        (category, email, name, position, profile_url, thesis_level, thesis_status, id) 
    values
        (?, ?, ?, ?, ?, ?, ?, default)
2026-09-04T19:51:19.889+06:00 DEBUG 18860 --- [campusconnect-backend] [  restartedMain] org.hibernate.SQL                        : 
    insert 
    into
        faculty_directory_entries
        (category, email, name, position, profile_url, thesis_level, thesis_status, id) 
    values
        (?, ?, ?, ?, ?, ?, ?, default)
Hibernate: 
    insert 
    into
        faculty_directory_entries
        (category, email, name, position, profile_url, thesis_level, thesis_status, id) 
    values
        (?, ?, ?, ?, ?, ?, ?, default)
2026-09-04T19:51:19.890+06:00 DEBUG 18860 --- [campusconnect-backend] [  restartedMain] org.hibernate.SQL                        : 
    insert 
    into
        faculty_directory_entries
        (category, email, name, position, profile_url, thesis_level, thesis_status, id) 
    values
        (?, ?, ?, ?, ?, ?, ?, default)
Hibernate: 
    insert 
    into
        faculty_directory_entries
        (category, email, name, position, profile_url, thesis_level, thesis_status, id) 
    values
        (?, ?, ?, ?, ?, ?, ?, default)
2026-09-04T19:51:19.891+06:00 DEBUG 18860 --- [campusconnect-backend] [  restartedMain] org.hibernate.SQL                        : 
    insert 
    into
        faculty_directory_entries
        (category, email, name, position, profile_url, thesis_level, thesis_status, id) 
    values
        (?, ?, ?, ?, ?, ?, ?, default)
Hibernate: 
    insert 
    into
        faculty_directory_entries
        (category, email, name, position, profile_url, thesis_level, thesis_status, id) 
    values
        (?, ?, ?, ?, ?, ?, ?, default)
2026-09-04T19:51:19.892+06:00 DEBUG 18860 --- [campusconnect-backend] [  restartedMain] org.hibernate.SQL                        : 
    insert 
    into
        faculty_directory_entries
        (category, email, name, position, profile_url, thesis_level, thesis_status, id) 
    values
        (?, ?, ?, ?, ?, ?, ?, default)
Hibernate: 
    insert 
    into
        faculty_directory_entries
        (category, email, name, position, profile_url, thesis_level, thesis_status, id) 
    values
        (?, ?, ?, ?, ?, ?, ?, default)
2026-09-04T19:51:19.893+06:00 DEBUG 18860 --- [campusconnect-backend] [  restartedMain] org.hibernate.SQL                        : 
    insert 
    into
        faculty_directory_entries
        (category, email, name, position, profile_url, thesis_level, thesis_status, id) 
    values
        (?, ?, ?, ?, ?, ?, ?, default)
Hibernate: 
    insert 
    into
        faculty_directory_entries
        (category, email, name, position, profile_url, thesis_level, thesis_status, id) 
    values
        (?, ?, ?, ?, ?, ?, ?, default)
2026-09-04T19:51:19.894+06:00 DEBUG 18860 --- [campusconnect-backend] [  restartedMain] org.hibernate.SQL                        : 
    insert 
    into
        faculty_directory_entries
        (category, email, name, position, profile_url, thesis_level, thesis_status, id) 
    values
        (?, ?, ?, ?, ?, ?, ?, default)
Hibernate: 
    insert 
    into
        faculty_directory_entries
        (category, email, name, position, profile_url, thesis_level, thesis_status, id) 
    values
        (?, ?, ?, ?, ?, ?, ?, default)
2026-09-04T19:51:19.895+06:00 DEBUG 18860 --- [campusconnect-backend] [  restartedMain] org.hibernate.SQL                        : 
    insert 
    into
        faculty_directory_entries
        (category, email, name, position, profile_url, thesis_level, thesis_status, id) 
    values
        (?, ?, ?, ?, ?, ?, ?, default)
Hibernate: 
    insert 
    into
        faculty_directory_entries
        (category, email, name, position, profile_url, thesis_level, thesis_status, id) 
    values
        (?, ?, ?, ?, ?, ?, ?, default)
2026-09-04T19:51:19.895+06:00 DEBUG 18860 --- [campusconnect-backend] [  restartedMain] org.hibernate.SQL                        : 
    insert 
    into
        faculty_directory_entries
        (category, email, name, position, profile_url, thesis_level, thesis_status, id) 
    values
        (?, ?, ?, ?, ?, ?, ?, default)
Hibernate: 
    insert 
    into
        faculty_directory_entries
        (category, email, name, position, profile_url, thesis_level, thesis_status, id) 
    values
        (?, ?, ?, ?, ?, ?, ?, default)
2026-09-04T19:51:19.895+06:00 DEBUG 18860 --- [campusconnect-backend] [  restartedMain] org.hibernate.SQL                        : 
    insert 
    into
        faculty_directory_entries
        (category, email, name, position, profile_url, thesis_level, thesis_status, id) 
    values
        (?, ?, ?, ?, ?, ?, ?, default)
Hibernate: 
    insert 
    into
        faculty_directory_entries
        (category, email, name, position, profile_url, thesis_level, thesis_status, id) 
    values
        (?, ?, ?, ?, ?, ?, ?, default)
2026-09-04T19:51:19.896+06:00 DEBUG 18860 --- [campusconnect-backend] [  restartedMain] org.hibernate.SQL                        : 
    insert 
    into
        faculty_directory_entries
        (category, email, name, position, profile_url, thesis_level, thesis_status, id) 
    values
        (?, ?, ?, ?, ?, ?, ?, default)
Hibernate: 
    insert 
    into
        faculty_directory_entries
        (category, email, name, position, profile_url, thesis_level, thesis_status, id) 
    values
        (?, ?, ?, ?, ?, ?, ?, default)
2026-09-04T19:51:19.896+06:00 DEBUG 18860 --- [campusconnect-backend] [  restartedMain] org.hibernate.SQL                        : 
    insert 
    into
        faculty_directory_entries
        (category, email, name, position, profile_url, thesis_level, thesis_status, id) 
    values
        (?, ?, ?, ?, ?, ?, ?, default)
Hibernate: 
    insert 
    into
        faculty_directory_entries
        (category, email, name, position, profile_url, thesis_level, thesis_status, id) 
    values
        (?, ?, ?, ?, ?, ?, ?, default)
2026-09-04T19:51:19.897+06:00 DEBUG 18860 --- [campusconnect-backend] [  restartedMain] org.hibernate.SQL                        : 
    insert 
    into
        faculty_directory_entries
        (category, email, name, position, profile_url, thesis_level, thesis_status, id) 
    values
        (?, ?, ?, ?, ?, ?, ?, default)
Hibernate: 
    insert 
    into
        faculty_directory_entries
        (category, email, name, position, profile_url, thesis_level, thesis_status, id) 
    values
        (?, ?, ?, ?, ?, ?, ?, default)
2026-09-04T19:51:19.898+06:00 DEBUG 18860 --- [campusconnect-backend] [  restartedMain] org.hibernate.SQL                        : 
    insert 
    into
        faculty_directory_entries
        (category, email, name, position, profile_url, thesis_level, thesis_status, id) 
    values
        (?, ?, ?, ?, ?, ?, ?, default)
Hibernate: 
    insert 
    into
        faculty_directory_entries
        (category, email, name, position, profile_url, thesis_level, thesis_status, id) 
    values
        (?, ?, ?, ?, ?, ?, ?, default)
2026-09-04T19:51:19.898+06:00 DEBUG 18860 --- [campusconnect-backend] [  restartedMain] org.hibernate.SQL                        : 
    insert 
    into
        faculty_directory_entries
        (category, email, name, position, profile_url, thesis_level, thesis_status, id) 
    values
        (?, ?, ?, ?, ?, ?, ?, default)
Hibernate: 
    insert 
    into
        faculty_directory_entries
        (category, email, name, position, profile_url, thesis_level, thesis_status, id) 
    values
        (?, ?, ?, ?, ?, ?, ?, default)
2026-09-04T19:51:19.898+06:00 DEBUG 18860 --- [campusconnect-backend] [  restartedMain] org.hibernate.SQL                        : 
    insert 
    into
        faculty_directory_entries
        (category, email, name, position, profile_url, thesis_level, thesis_status, id) 
    values
        (?, ?, ?, ?, ?, ?, ?, default)
Hibernate: 
    insert 
    into
        faculty_directory_entries
        (category, email, name, position, profile_url, thesis_level, thesis_status, id) 
    values
        (?, ?, ?, ?, ?, ?, ?, default)
2026-09-04T19:51:19.900+06:00 DEBUG 18860 --- [campusconnect-backend] [  restartedMain] org.hibernate.SQL                        : 
    insert 
    into
        faculty_directory_entries
        (category, email, name, position, profile_url, thesis_level, thesis_status, id) 
    values
        (?, ?, ?, ?, ?, ?, ?, default)
Hibernate: 
    insert 
    into
        faculty_directory_entries
        (category, email, name, position, profile_url, thesis_level, thesis_status, id) 
    values
        (?, ?, ?, ?, ?, ?, ?, default)
2026-09-04T19:51:19.901+06:00 DEBUG 18860 --- [campusconnect-backend] [  restartedMain] org.hibernate.SQL                        : 
    insert 
    into
        faculty_directory_entries
        (category, email, name, position, profile_url, thesis_level, thesis_status, id) 
    values
        (?, ?, ?, ?, ?, ?, ?, default)
Hibernate: 
    insert 
    into
        faculty_directory_entries
        (category, email, name, position, profile_url, thesis_level, thesis_status, id) 
    values
        (?, ?, ?, ?, ?, ?, ?, default)
2026-09-04T19:51:19.901+06:00 DEBUG 18860 --- [campusconnect-backend] [  restartedMain] org.hibernate.SQL                        : 
    insert 
    into
        faculty_directory_entries
        (category, email, name, position, profile_url, thesis_level, thesis_status, id) 
    values
        (?, ?, ?, ?, ?, ?, ?, default)
Hibernate: 
    insert 
    into
        faculty_directory_entries
        (category, email, name, position, profile_url, thesis_level, thesis_status, id) 
    values
        (?, ?, ?, ?, ?, ?, ?, default)
2026-09-04T19:51:19.902+06:00 DEBUG 18860 --- [campusconnect-backend] [  restartedMain] org.hibernate.SQL                        : 
    insert 
    into
        faculty_directory_entries
        (category, email, name, position, profile_url, thesis_level, thesis_status, id) 
    values
        (?, ?, ?, ?, ?, ?, ?, default)
Hibernate: 
    insert 
    into
        faculty_directory_entries
        (category, email, name, position, profile_url, thesis_level, thesis_status, id) 
    values
        (?, ?, ?, ?, ?, ?, ?, default)
2026-09-04T19:51:19.903+06:00 DEBUG 18860 --- [campusconnect-backend] [  restartedMain] org.hibernate.SQL                        : 
    insert 
    into
        faculty_directory_entries
        (category, email, name, position, profile_url, thesis_level, thesis_status, id) 
    values
        (?, ?, ?, ?, ?, ?, ?, default)
Hibernate: 
    insert 
    into
        faculty_directory_entries
        (category, email, name, position, profile_url, thesis_level, thesis_status, id) 
    values
        (?, ?, ?, ?, ?, ?, ?, default)
2026-09-04T19:51:19.904+06:00 DEBUG 18860 --- [campusconnect-backend] [  restartedMain] org.hibernate.SQL                        : 
    insert 
    into
        faculty_directory_entries
        (category, email, name, position, profile_url, thesis_level, thesis_status, id) 
    values
        (?, ?, ?, ?, ?, ?, ?, default)
Hibernate: 
    insert 
    into
        faculty_directory_entries
        (category, email, name, position, profile_url, thesis_level, thesis_status, id) 
    values
        (?, ?, ?, ?, ?, ?, ?, default)
2026-09-04T19:51:19.904+06:00 DEBUG 18860 --- [campusconnect-backend] [  restartedMain] org.hibernate.SQL                        : 
    insert 
    into
        faculty_directory_entries
        (category, email, name, position, profile_url, thesis_level, thesis_status, id) 
    values
        (?, ?, ?, ?, ?, ?, ?, default)
Hibernate: 
    insert 
    into
        faculty_directory_entries
        (category, email, name, position, profile_url, thesis_level, thesis_status, id) 
    values
        (?, ?, ?, ?, ?, ?, ?, default)
2026-09-04T19:51:19.905+06:00 DEBUG 18860 --- [campusconnect-backend] [  restartedMain] org.hibernate.SQL                        : 
    insert 
    into
        faculty_directory_entries
        (category, email, name, position, profile_url, thesis_level, thesis_status, id) 
    values
        (?, ?, ?, ?, ?, ?, ?, default)
Hibernate: 
    insert 
    into
        faculty_directory_entries
        (category, email, name, position, profile_url, thesis_level, thesis_status, id) 
    values
        (?, ?, ?, ?, ?, ?, ?, default)
2026-09-04T19:51:19.905+06:00 DEBUG 18860 --- [campusconnect-backend] [  restartedMain] org.hibernate.SQL                        : 
    insert 
    into
        faculty_directory_entries
        (category, email, name, position, profile_url, thesis_level, thesis_status, id) 
    values
        (?, ?, ?, ?, ?, ?, ?, default)
Hibernate: 
    insert 
    into
        faculty_directory_entries
        (category, email, name, position, profile_url, thesis_level, thesis_status, id) 
    values
        (?, ?, ?, ?, ?, ?, ?, default)
2026-09-04T19:51:19.906+06:00 DEBUG 18860 --- [campusconnect-backend] [  restartedMain] org.hibernate.SQL                        : 
    insert 
    into
        faculty_directory_entries
        (category, email, name, position, profile_url, thesis_level, thesis_status, id) 
    values
        (?, ?, ?, ?, ?, ?, ?, default)
Hibernate: 
    insert 
    into
        faculty_directory_entries
        (category, email, name, position, profile_url, thesis_level, thesis_status, id) 
    values
        (?, ?, ?, ?, ?, ?, ?, default)
2026-09-04T19:51:19.908+06:00 DEBUG 18860 --- [campusconnect-backend] [  restartedMain] org.hibernate.SQL                        : 
    insert 
    into
        faculty_directory_entries
        (category, email, name, position, profile_url, thesis_level, thesis_status, id) 
    values
        (?, ?, ?, ?, ?, ?, ?, default)
Hibernate: 
    insert 
    into
        faculty_directory_entries
        (category, email, name, position, profile_url, thesis_level, thesis_status, id) 
    values
        (?, ?, ?, ?, ?, ?, ?, default)
2026-09-04T19:51:19.909+06:00 DEBUG 18860 --- [campusconnect-backend] [  restartedMain] org.hibernate.SQL                        : 
    insert 
    into
        faculty_directory_entries
        (category, email, name, position, profile_url, thesis_level, thesis_status, id) 
    values
        (?, ?, ?, ?, ?, ?, ?, default)
Hibernate: 
    insert 
    into
        faculty_directory_entries
        (category, email, name, position, profile_url, thesis_level, thesis_status, id) 
    values
        (?, ?, ?, ?, ?, ?, ?, default)
2026-09-04T19:51:19.909+06:00 DEBUG 18860 --- [campusconnect-backend] [  restartedMain] org.hibernate.SQL                        : 
    insert 
    into
        faculty_directory_entries
        (category, email, name, position, profile_url, thesis_level, thesis_status, id) 
    values
        (?, ?, ?, ?, ?, ?, ?, default)
Hibernate: 
    insert 
    into
        faculty_directory_entries
        (category, email, name, position, profile_url, thesis_level, thesis_status, id) 
    values
        (?, ?, ?, ?, ?, ?, ?, default)
2026-09-04T19:51:19.909+06:00 DEBUG 18860 --- [campusconnect-backend] [  restartedMain] org.hibernate.SQL                        : 
    insert 
    into
        faculty_directory_entries
        (category, email, name, position, profile_url, thesis_level, thesis_status, id) 
    values
        (?, ?, ?, ?, ?, ?, ?, default)
Hibernate: 
    insert 
    into
        faculty_directory_entries
        (category, email, name, position, profile_url, thesis_level, thesis_status, id) 
    values
        (?, ?, ?, ?, ?, ?, ?, default)
2026-09-04T19:51:19.910+06:00 DEBUG 18860 --- [campusconnect-backend] [  restartedMain] org.hibernate.SQL                        : 
    insert 
    into
        faculty_directory_entries
        (category, email, name, position, profile_url, thesis_level, thesis_status, id) 
    values
        (?, ?, ?, ?, ?, ?, ?, default)
Hibernate: 
    insert 
    into
        faculty_directory_entries
        (category, email, name, position, profile_url, thesis_level, thesis_status, id) 
    values
        (?, ?, ?, ?, ?, ?, ?, default)
2026-09-04T19:51:19.911+06:00 DEBUG 18860 --- [campusconnect-backend] [  restartedMain] org.hibernate.SQL                        : 
    insert 
    into
        faculty_directory_entries
        (category, email, name, position, profile_url, thesis_level, thesis_status, id) 
    values
        (?, ?, ?, ?, ?, ?, ?, default)
Hibernate: 
    insert 
    into
        faculty_directory_entries
        (category, email, name, position, profile_url, thesis_level, thesis_status, id) 
    values
        (?, ?, ?, ?, ?, ?, ?, default)
2026-09-04T19:51:19.912+06:00 DEBUG 18860 --- [campusconnect-backend] [  restartedMain] org.hibernate.SQL                        : 
    insert 
    into
        faculty_directory_entries
        (category, email, name, position, profile_url, thesis_level, thesis_status, id) 
    values
        (?, ?, ?, ?, ?, ?, ?, default)
Hibernate: 
    insert 
    into
        faculty_directory_entries
        (category, email, name, position, profile_url, thesis_level, thesis_status, id) 
    values
        (?, ?, ?, ?, ?, ?, ?, default)
2026-09-04T19:51:19.913+06:00 DEBUG 18860 --- [campusconnect-backend] [  restartedMain] org.hibernate.SQL                        : 
    insert 
    into
        faculty_directory_entries
        (category, email, name, position, profile_url, thesis_level, thesis_status, id) 
    values
        (?, ?, ?, ?, ?, ?, ?, default)
Hibernate: 
    insert 
    into
        faculty_directory_entries
        (category, email, name, position, profile_url, thesis_level, thesis_status, id) 
    values
        (?, ?, ?, ?, ?, ?, ?, default)
2026-09-04T19:51:19.913+06:00 DEBUG 18860 --- [campusconnect-backend] [  restartedMain] org.hibernate.SQL                        : 
    insert 
    into
        faculty_directory_entries
        (category, email, name, position, profile_url, thesis_level, thesis_status, id) 
    values
        (?, ?, ?, ?, ?, ?, ?, default)
Hibernate: 
    insert 
    into
        faculty_directory_entries
        (category, email, name, position, profile_url, thesis_level, thesis_status, id) 
    values
        (?, ?, ?, ?, ?, ?, ?, default)
2026-09-04T19:51:19.914+06:00 DEBUG 18860 --- [campusconnect-backend] [  restartedMain] org.hibernate.SQL                        : 
    insert 
    into
        faculty_directory_entries
        (category, email, name, position, profile_url, thesis_level, thesis_status, id) 
    values
        (?, ?, ?, ?, ?, ?, ?, default)
Hibernate: 
    insert 
    into
        faculty_directory_entries
        (category, email, name, position, profile_url, thesis_level, thesis_status, id) 
    values
        (?, ?, ?, ?, ?, ?, ?, default)
2026-09-04T19:51:19.915+06:00 DEBUG 18860 --- [campusconnect-backend] [  restartedMain] org.hibernate.SQL                        : 
    insert 
    into
        faculty_directory_entries
        (category, email, name, position, profile_url, thesis_level, thesis_status, id) 
    values
        (?, ?, ?, ?, ?, ?, ?, default)
Hibernate: 
    insert 
    into
        faculty_directory_entries
        (category, email, name, position, profile_url, thesis_level, thesis_status, id) 
    values
        (?, ?, ?, ?, ?, ?, ?, default)
2026-09-04T19:51:19.915+06:00 DEBUG 18860 --- [campusconnect-backend] [  restartedMain] org.hibernate.SQL                        : 
    insert 
    into
        faculty_directory_entries
        (category, email, name, position, profile_url, thesis_level, thesis_status, id) 
    values
        (?, ?, ?, ?, ?, ?, ?, default)
Hibernate: 
    insert 
    into
        faculty_directory_entries
        (category, email, name, position, profile_url, thesis_level, thesis_status, id) 
    values
        (?, ?, ?, ?, ?, ?, ?, default)
2026-09-04T19:51:19.917+06:00 DEBUG 18860 --- [campusconnect-backend] [  restartedMain] org.hibernate.SQL                        : 
    insert 
    into
        faculty_directory_entries
        (category, email, name, position, profile_url, thesis_level, thesis_status, id) 
    values
        (?, ?, ?, ?, ?, ?, ?, default)
Hibernate: 
    insert 
    into
        faculty_directory_entries
        (category, email, name, position, profile_url, thesis_level, thesis_status, id) 
    values
        (?, ?, ?, ?, ?, ?, ?, default)
2026-09-04T19:51:19.917+06:00 DEBUG 18860 --- [campusconnect-backend] [  restartedMain] org.hibernate.SQL                        : 
    insert 
    into
        faculty_directory_entries
        (category, email, name, position, profile_url, thesis_level, thesis_status, id) 
    values
        (?, ?, ?, ?, ?, ?, ?, default)
Hibernate: 
    insert 
    into
        faculty_directory_entries
        (category, email, name, position, profile_url, thesis_level, thesis_status, id) 
    values
        (?, ?, ?, ?, ?, ?, ?, default)
2026-09-04T19:51:19.917+06:00 DEBUG 18860 --- [campusconnect-backend] [  restartedMain] org.hibernate.SQL                        : 
    insert 
    into
        faculty_directory_entries
        (category, email, name, position, profile_url, thesis_level, thesis_status, id) 
    values
        (?, ?, ?, ?, ?, ?, ?, default)
Hibernate: 
    insert 
    into
        faculty_directory_entries
        (category, email, name, position, profile_url, thesis_level, thesis_status, id) 
    values
        (?, ?, ?, ?, ?, ?, ?, default)
2026-09-04T19:51:19.918+06:00 DEBUG 18860 --- [campusconnect-backend] [  restartedMain] org.hibernate.SQL                        : 
    insert 
    into
        faculty_directory_entries
        (category, email, name, position, profile_url, thesis_level, thesis_status, id) 
    values
        (?, ?, ?, ?, ?, ?, ?, default)
Hibernate: 
    insert 
    into
        faculty_directory_entries
        (category, email, name, position, profile_url, thesis_level, thesis_status, id) 
    values
        (?, ?, ?, ?, ?, ?, ?, default)
2026-09-04T19:51:19.919+06:00 DEBUG 18860 --- [campusconnect-backend] [  restartedMain] org.hibernate.SQL                        : 
    insert 
    into
        faculty_directory_entries
        (category, email, name, position, profile_url, thesis_level, thesis_status, id) 
    values
        (?, ?, ?, ?, ?, ?, ?, default)
Hibernate: 
    insert 
    into
        faculty_directory_entries
        (category, email, name, position, profile_url, thesis_level, thesis_status, id) 
    values
        (?, ?, ?, ?, ?, ?, ?, default)
2026-09-04T19:51:19.920+06:00 DEBUG 18860 --- [campusconnect-backend] [  restartedMain] org.hibernate.SQL                        : 
    insert 
    into
        faculty_directory_entries
        (category, email, name, position, profile_url, thesis_level, thesis_status, id) 
    values
        (?, ?, ?, ?, ?, ?, ?, default)
Hibernate: 
    insert 
    into
        faculty_directory_entries
        (category, email, name, position, profile_url, thesis_level, thesis_status, id) 
    values
        (?, ?, ?, ?, ?, ?, ?, default)
2026-09-04T19:51:19.921+06:00 DEBUG 18860 --- [campusconnect-backend] [  restartedMain] org.hibernate.SQL                        : 
    insert 
    into
        faculty_directory_entries
        (category, email, name, position, profile_url, thesis_level, thesis_status, id) 
    values
        (?, ?, ?, ?, ?, ?, ?, default)
Hibernate: 
    insert 
    into
        faculty_directory_entries
        (category, email, name, position, profile_url, thesis_level, thesis_status, id) 
    values
        (?, ?, ?, ?, ?, ?, ?, default)
2026-09-04T19:51:19.923+06:00 DEBUG 18860 --- [campusconnect-backend] [  restartedMain] org.hibernate.SQL                        : 
    insert 
    into
        faculty_directory_entries
        (category, email, name, position, profile_url, thesis_level, thesis_status, id) 
    values
        (?, ?, ?, ?, ?, ?, ?, default)
Hibernate: 
    insert 
    into
        faculty_directory_entries
        (category, email, name, position, profile_url, thesis_level, thesis_status, id) 
    values
        (?, ?, ?, ?, ?, ?, ?, default)
2026-09-04T19:51:19.924+06:00 DEBUG 18860 --- [campusconnect-backend] [  restartedMain] org.hibernate.SQL                        : 
    insert 
    into
        faculty_directory_entries
        (category, email, name, position, profile_url, thesis_level, thesis_status, id) 
    values
        (?, ?, ?, ?, ?, ?, ?, default)
Hibernate: 
    insert 
    into
        faculty_directory_entries
        (category, email, name, position, profile_url, thesis_level, thesis_status, id) 
    values
        (?, ?, ?, ?, ?, ?, ?, default)
2026-09-04T19:51:19.924+06:00 DEBUG 18860 --- [campusconnect-backend] [  restartedMain] org.hibernate.SQL                        : 
    insert 
    into
        faculty_directory_entries
        (category, email, name, position, profile_url, thesis_level, thesis_status, id) 
    values
        (?, ?, ?, ?, ?, ?, ?, default)
Hibernate: 
    insert 
    into
        faculty_directory_entries
        (category, email, name, position, profile_url, thesis_level, thesis_status, id) 
    values
        (?, ?, ?, ?, ?, ?, ?, default)
2026-09-04T19:51:19.925+06:00 DEBUG 18860 --- [campusconnect-backend] [  restartedMain] org.hibernate.SQL                        : 
    insert 
    into
        faculty_directory_entries
        (category, email, name, position, profile_url, thesis_level, thesis_status, id) 
    values
        (?, ?, ?, ?, ?, ?, ?, default)
Hibernate: 
    insert 
    into
        faculty_directory_entries
        (category, email, name, position, profile_url, thesis_level, thesis_status, id) 
    values
        (?, ?, ?, ?, ?, ?, ?, default)
2026-09-04T19:51:19.925+06:00 DEBUG 18860 --- [campusconnect-backend] [  restartedMain] org.hibernate.SQL                        : 
    insert 
    into
        faculty_directory_entries
        (category, email, name, position, profile_url, thesis_level, thesis_status, id) 
    values
        (?, ?, ?, ?, ?, ?, ?, default)
Hibernate: 
    insert 
    into
        faculty_directory_entries
        (category, email, name, position, profile_url, thesis_level, thesis_status, id) 
    values
        (?, ?, ?, ?, ?, ?, ?, default)
2026-09-04T19:51:19.925+06:00 DEBUG 18860 --- [campusconnect-backend] [  restartedMain] org.hibernate.SQL                        : 
    insert 
    into
        faculty_directory_entries
        (category, email, name, position, profile_url, thesis_level, thesis_status, id) 
    values
        (?, ?, ?, ?, ?, ?, ?, default)
Hibernate: 
    insert 
    into
        faculty_directory_entries
        (category, email, name, position, profile_url, thesis_level, thesis_status, id) 
    values
        (?, ?, ?, ?, ?, ?, ?, default)
2026-09-04T19:51:19.927+06:00 DEBUG 18860 --- [campusconnect-backend] [  restartedMain] org.hibernate.SQL                        : 
    insert 
    into
        faculty_directory_entries
        (category, email, name, position, profile_url, thesis_level, thesis_status, id) 
    values
        (?, ?, ?, ?, ?, ?, ?, default)
Hibernate: 
    insert 
    into
        faculty_directory_entries
        (category, email, name, position, profile_url, thesis_level, thesis_status, id) 
    values
        (?, ?, ?, ?, ?, ?, ?, default)
2026-09-04T19:51:19.928+06:00 DEBUG 18860 --- [campusconnect-backend] [  restartedMain] org.hibernate.SQL                        : 
    insert 
    into
        faculty_directory_entries
        (category, email, name, position, profile_url, thesis_level, thesis_status, id) 
    values
        (?, ?, ?, ?, ?, ?, ?, default)
Hibernate: 
    insert 
    into
        faculty_directory_entries
        (category, email, name, position, profile_url, thesis_level, thesis_status, id) 
    values
        (?, ?, ?, ?, ?, ?, ?, default)
2026-09-04T19:51:19.928+06:00 DEBUG 18860 --- [campusconnect-backend] [  restartedMain] org.hibernate.SQL                        : 
    insert 
    into
        faculty_directory_entries
        (category, email, name, position, profile_url, thesis_level, thesis_status, id) 
    values
        (?, ?, ?, ?, ?, ?, ?, default)
Hibernate: 
    insert 
    into
        faculty_directory_entries
        (category, email, name, position, profile_url, thesis_level, thesis_status, id) 
    values
        (?, ?, ?, ?, ?, ?, ?, default)
2026-09-04T19:51:19.929+06:00 DEBUG 18860 --- [campusconnect-backend] [  restartedMain] org.hibernate.SQL                        : 
    insert 
    into
        faculty_directory_entries
        (category, email, name, position, profile_url, thesis_level, thesis_status, id) 
    values
        (?, ?, ?, ?, ?, ?, ?, default)
Hibernate: 
    insert 
    into
        faculty_directory_entries
        (category, email, name, position, profile_url, thesis_level, thesis_status, id) 
    values
        (?, ?, ?, ?, ?, ?, ?, default)
2026-09-04T19:51:19.929+06:00 DEBUG 18860 --- [campusconnect-backend] [  restartedMain] org.hibernate.SQL                        : 
    insert 
    into
        faculty_directory_entries
        (category, email, name, position, profile_url, thesis_level, thesis_status, id) 
    values
        (?, ?, ?, ?, ?, ?, ?, default)
Hibernate: 
    insert 
    into
        faculty_directory_entries
        (category, email, name, position, profile_url, thesis_level, thesis_status, id) 
    values
        (?, ?, ?, ?, ?, ?, ?, default)
2026-09-04T19:51:19.930+06:00 DEBUG 18860 --- [campusconnect-backend] [  restartedMain] org.hibernate.SQL                        : 
    insert 
    into
        faculty_directory_entries
        (category, email, name, position, profile_url, thesis_level, thesis_status, id) 
    values
        (?, ?, ?, ?, ?, ?, ?, default)
Hibernate: 
    insert 
    into
        faculty_directory_entries
        (category, email, name, position, profile_url, thesis_level, thesis_status, id) 
    values
        (?, ?, ?, ?, ?, ?, ?, default)
2026-09-04T19:51:19.930+06:00 DEBUG 18860 --- [campusconnect-backend] [  restartedMain] org.hibernate.SQL                        : 
    insert 
    into
        faculty_directory_entries
        (category, email, name, position, profile_url, thesis_level, thesis_status, id) 
    values
        (?, ?, ?, ?, ?, ?, ?, default)
Hibernate: 
    insert 
    into
        faculty_directory_entries
        (category, email, name, position, profile_url, thesis_level, thesis_status, id) 
    values
        (?, ?, ?, ?, ?, ?, ?, default)
2026-09-04T19:51:19.931+06:00 DEBUG 18860 --- [campusconnect-backend] [  restartedMain] org.hibernate.SQL                        : 
    insert 
    into
        faculty_directory_entries
        (category, email, name, position, profile_url, thesis_level, thesis_status, id) 
    values
        (?, ?, ?, ?, ?, ?, ?, default)
Hibernate: 
    insert 
    into
        faculty_directory_entries
        (category, email, name, position, profile_url, thesis_level, thesis_status, id) 
    values
        (?, ?, ?, ?, ?, ?, ?, default)
2026-09-04T19:51:19.931+06:00 DEBUG 18860 --- [campusconnect-backend] [  restartedMain] org.hibernate.SQL                        : 
    insert 
    into
        faculty_directory_entries
        (category, email, name, position, profile_url, thesis_level, thesis_status, id) 
    values
        (?, ?, ?, ?, ?, ?, ?, default)
Hibernate: 
    insert 
    into
        faculty_directory_entries
        (category, email, name, position, profile_url, thesis_level, thesis_status, id) 
    values
        (?, ?, ?, ?, ?, ?, ?, default)
2026-09-04T19:51:19.932+06:00 DEBUG 18860 --- [campusconnect-backend] [  restartedMain] org.hibernate.SQL                        : 
    insert 
    into
        faculty_directory_entries
        (category, email, name, position, profile_url, thesis_level, thesis_status, id) 
    values
        (?, ?, ?, ?, ?, ?, ?, default)
Hibernate: 
    insert 
    into
        faculty_directory_entries
        (category, email, name, position, profile_url, thesis_level, thesis_status, id) 
    values
        (?, ?, ?, ?, ?, ?, ?, default)
2026-09-04T19:51:19.932+06:00 DEBUG 18860 --- [campusconnect-backend] [  restartedMain] org.hibernate.SQL                        : 
    insert 
    into
        faculty_directory_entries
        (category, email, name, position, profile_url, thesis_level, thesis_status, id) 
    values
        (?, ?, ?, ?, ?, ?, ?, default)
Hibernate: 
    insert 
    into
        faculty_directory_entries
        (category, email, name, position, profile_url, thesis_level, thesis_status, id) 
    values
        (?, ?, ?, ?, ?, ?, ?, default)
2026-09-04T19:51:19.933+06:00 DEBUG 18860 --- [campusconnect-backend] [  restartedMain] org.hibernate.SQL                        : 
    insert 
    into
        faculty_directory_entries
        (category, email, name, position, profile_url, thesis_level, thesis_status, id) 
    values
        (?, ?, ?, ?, ?, ?, ?, default)
Hibernate: 
    insert 
    into
        faculty_directory_entries
        (category, email, name, position, profile_url, thesis_level, thesis_status, id) 
    values
        (?, ?, ?, ?, ?, ?, ?, default)
2026-09-04T19:51:19.933+06:00 DEBUG 18860 --- [campusconnect-backend] [  restartedMain] org.hibernate.SQL                        : 
    insert 
    into
        faculty_directory_entries
        (category, email, name, position, profile_url, thesis_level, thesis_status, id) 
    values
        (?, ?, ?, ?, ?, ?, ?, default)
Hibernate: 
    insert 
    into
        faculty_directory_entries
        (category, email, name, position, profile_url, thesis_level, thesis_status, id) 
    values
        (?, ?, ?, ?, ?, ?, ?, default)
2026-09-04T19:51:19.934+06:00 DEBUG 18860 --- [campusconnect-backend] [  restartedMain] org.hibernate.SQL                        : 
    insert 
    into
        faculty_directory_entries
        (category, email, name, position, profile_url, thesis_level, thesis_status, id) 
    values
        (?, ?, ?, ?, ?, ?, ?, default)
Hibernate: 
    insert 
    into
        faculty_directory_entries
        (category, email, name, position, profile_url, thesis_level, thesis_status, id) 
    values
        (?, ?, ?, ?, ?, ?, ?, default)
2026-09-04T19:51:19.935+06:00 DEBUG 18860 --- [campusconnect-backend] [  restartedMain] org.hibernate.SQL                        : 
    insert 
    into
        faculty_directory_entries
        (category, email, name, position, profile_url, thesis_level, thesis_status, id) 
    values
        (?, ?, ?, ?, ?, ?, ?, default)
Hibernate: 
    insert 
    into
        faculty_directory_entries
        (category, email, name, position, profile_url, thesis_level, thesis_status, id) 
    values
        (?, ?, ?, ?, ?, ?, ?, default)
2026-09-04T19:51:19.935+06:00 DEBUG 18860 --- [campusconnect-backend] [  restartedMain] org.hibernate.SQL                        : 
    insert 
    into
        faculty_directory_entries
        (category, email, name, position, profile_url, thesis_level, thesis_status, id) 
    values
        (?, ?, ?, ?, ?, ?, ?, default)
Hibernate: 
    insert 
    into
        faculty_directory_entries
        (category, email, name, position, profile_url, thesis_level, thesis_status, id) 
    values
        (?, ?, ?, ?, ?, ?, ?, default)
2026-09-04T19:51:19.935+06:00 DEBUG 18860 --- [campusconnect-backend] [  restartedMain] org.hibernate.SQL                        : 
    insert 
    into
        faculty_directory_entries
        (category, email, name, position, profile_url, thesis_level, thesis_status, id) 
    values
        (?, ?, ?, ?, ?, ?, ?, default)
Hibernate: 
    insert 
    into
        faculty_directory_entries
        (category, email, name, position, profile_url, thesis_level, thesis_status, id) 
    values
        (?, ?, ?, ?, ?, ?, ?, default)
2026-09-04T19:51:19.937+06:00 DEBUG 18860 --- [campusconnect-backend] [  restartedMain] org.hibernate.SQL                        : 
    insert 
    into
        faculty_directory_entries
        (category, email, name, position, profile_url, thesis_level, thesis_status, id) 
    values
        (?, ?, ?, ?, ?, ?, ?, default)
Hibernate: 
    insert 
    into
        faculty_directory_entries
        (category, email, name, position, profile_url, thesis_level, thesis_status, id) 
    values
        (?, ?, ?, ?, ?, ?, ?, default)
2026-09-04T19:51:19.939+06:00 DEBUG 18860 --- [campusconnect-backend] [  restartedMain] org.hibernate.SQL                        : 
    insert 
    into
        faculty_directory_entries
        (category, email, name, position, profile_url, thesis_level, thesis_status, id) 
    values
        (?, ?, ?, ?, ?, ?, ?, default)
Hibernate: 
    insert 
    into
        faculty_directory_entries
        (category, email, name, position, profile_url, thesis_level, thesis_status, id) 
    values
        (?, ?, ?, ?, ?, ?, ?, default)
2026-09-04T19:51:19.939+06:00 DEBUG 18860 --- [campusconnect-backend] [  restartedMain] org.hibernate.SQL                        : 
    insert 
    into
        faculty_directory_entries
        (category, email, name, position, profile_url, thesis_level, thesis_status, id) 
    values
        (?, ?, ?, ?, ?, ?, ?, default)
Hibernate: 
    insert 
    into
        faculty_directory_entries
        (category, email, name, position, profile_url, thesis_level, thesis_status, id) 
    values
        (?, ?, ?, ?, ?, ?, ?, default)
2026-09-04T19:51:19.940+06:00 DEBUG 18860 --- [campusconnect-backend] [  restartedMain] org.hibernate.SQL                        : 
    insert 
    into
        faculty_directory_entries
        (category, email, name, position, profile_url, thesis_level, thesis_status, id) 
    values
        (?, ?, ?, ?, ?, ?, ?, default)
Hibernate: 
    insert 
    into
        faculty_directory_entries
        (category, email, name, position, profile_url, thesis_level, thesis_status, id) 
    values
        (?, ?, ?, ?, ?, ?, ?, default)
2026-09-04T19:51:19.940+06:00 DEBUG 18860 --- [campusconnect-backend] [  restartedMain] org.hibernate.SQL                        : 
    insert 
    into
        faculty_directory_entries
        (category, email, name, position, profile_url, thesis_level, thesis_status, id) 
    values
        (?, ?, ?, ?, ?, ?, ?, default)
Hibernate: 
    insert 
    into
        faculty_directory_entries
        (category, email, name, position, profile_url, thesis_level, thesis_status, id) 
    values
        (?, ?, ?, ?, ?, ?, ?, default)
2026-09-04T19:51:19.941+06:00 DEBUG 18860 --- [campusconnect-backend] [  restartedMain] org.hibernate.SQL                        : 
    insert 
    into
        faculty_directory_entries
        (category, email, name, position, profile_url, thesis_level, thesis_status, id) 
    values
        (?, ?, ?, ?, ?, ?, ?, default)
Hibernate: 
    insert 
    into
        faculty_directory_entries
        (category, email, name, position, profile_url, thesis_level, thesis_status, id) 
    values
        (?, ?, ?, ?, ?, ?, ?, default)
2026-09-04T19:51:19.943+06:00 DEBUG 18860 --- [campusconnect-backend] [  restartedMain] org.hibernate.SQL                        : 
    insert 
    into
        faculty_directory_entries
        (category, email, name, position, profile_url, thesis_level, thesis_status, id) 
    values
        (?, ?, ?, ?, ?, ?, ?, default)
Hibernate: 
    insert 
    into
        faculty_directory_entries
        (category, email, name, position, profile_url, thesis_level, thesis_status, id) 
    values
        (?, ?, ?, ?, ?, ?, ?, default)
2026-09-04T19:51:19.943+06:00 DEBUG 18860 --- [campusconnect-backend] [  restartedMain] org.hibernate.SQL                        : 
    insert 
    into
        faculty_directory_entries
        (category, email, name, position, profile_url, thesis_level, thesis_status, id) 
    values
        (?, ?, ?, ?, ?, ?, ?, default)
Hibernate: 
    insert 
    into
        faculty_directory_entries
        (category, email, name, position, profile_url, thesis_level, thesis_status, id) 
    values
        (?, ?, ?, ?, ?, ?, ?, default)
2026-09-04T19:51:19.944+06:00 DEBUG 18860 --- [campusconnect-backend] [  restartedMain] org.hibernate.SQL                        : 
    insert 
    into
        faculty_directory_entries
        (category, email, name, position, profile_url, thesis_level, thesis_status, id) 
    values
        (?, ?, ?, ?, ?, ?, ?, default)
Hibernate: 
    insert 
    into
        faculty_directory_entries
        (category, email, name, position, profile_url, thesis_level, thesis_status, id) 
    values
        (?, ?, ?, ?, ?, ?, ?, default)
2026-09-04T19:51:19.945+06:00 DEBUG 18860 --- [campusconnect-backend] [  restartedMain] org.hibernate.SQL                        : 
    insert 
    into
        faculty_directory_entries
        (category, email, name, position, profile_url, thesis_level, thesis_status, id) 
    values
        (?, ?, ?, ?, ?, ?, ?, default)
Hibernate: 
    insert 
    into
        faculty_directory_entries
        (category, email, name, position, profile_url, thesis_level, thesis_status, id) 
    values
        (?, ?, ?, ?, ?, ?, ?, default)
2026-09-04T19:51:19.945+06:00 DEBUG 18860 --- [campusconnect-backend] [  restartedMain] org.hibernate.SQL                        : 
    insert 
    into
        faculty_directory_entries
        (category, email, name, position, profile_url, thesis_level, thesis_status, id) 
    values
        (?, ?, ?, ?, ?, ?, ?, default)
Hibernate: 
    insert 
    into
        faculty_directory_entries
        (category, email, name, position, profile_url, thesis_level, thesis_status, id) 
    values
        (?, ?, ?, ?, ?, ?, ?, default)
2026-09-04T19:51:19.945+06:00 DEBUG 18860 --- [campusconnect-backend] [  restartedMain] org.hibernate.SQL                        : 
    insert 
    into
        faculty_directory_entries
        (category, email, name, position, profile_url, thesis_level, thesis_status, id) 
    values
        (?, ?, ?, ?, ?, ?, ?, default)
Hibernate: 
    insert 
    into
        faculty_directory_entries
        (category, email, name, position, profile_url, thesis_level, thesis_status, id) 
    values
        (?, ?, ?, ?, ?, ?, ?, default)
2026-09-04T19:51:19.945+06:00 DEBUG 18860 --- [campusconnect-backend] [  restartedMain] org.hibernate.SQL                        : 
    insert 
    into
        faculty_directory_entries
        (category, email, name, position, profile_url, thesis_level, thesis_status, id) 
    values
        (?, ?, ?, ?, ?, ?, ?, default)
Hibernate: 
    insert 
    into
        faculty_directory_entries
        (category, email, name, position, profile_url, thesis_level, thesis_status, id) 
    values
        (?, ?, ?, ?, ?, ?, ?, default)
2026-09-04T19:51:19.947+06:00 DEBUG 18860 --- [campusconnect-backend] [  restartedMain] org.hibernate.SQL                        : 
    insert 
    into
        faculty_directory_entries
        (category, email, name, position, profile_url, thesis_level, thesis_status, id) 
    values
        (?, ?, ?, ?, ?, ?, ?, default)
Hibernate: 
    insert 
    into
        faculty_directory_entries
        (category, email, name, position, profile_url, thesis_level, thesis_status, id) 
    values
        (?, ?, ?, ?, ?, ?, ?, default)
2026-09-04T19:51:19.947+06:00 DEBUG 18860 --- [campusconnect-backend] [  restartedMain] org.hibernate.SQL                        : 
    insert 
    into
        faculty_directory_entries
        (category, email, name, position, profile_url, thesis_level, thesis_status, id) 
    values
        (?, ?, ?, ?, ?, ?, ?, default)
Hibernate: 
    insert 
    into
        faculty_directory_entries
        (category, email, name, position, profile_url, thesis_level, thesis_status, id) 
    values
        (?, ?, ?, ?, ?, ?, ?, default)
2026-09-04T19:51:19.948+06:00 DEBUG 18860 --- [campusconnect-backend] [  restartedMain] org.hibernate.SQL                        : 
    insert 
    into
        faculty_directory_entries
        (category, email, name, position, profile_url, thesis_level, thesis_status, id) 
    values
        (?, ?, ?, ?, ?, ?, ?, default)
Hibernate: 
    insert 
    into
        faculty_directory_entries
        (category, email, name, position, profile_url, thesis_level, thesis_status, id) 
    values
        (?, ?, ?, ?, ?, ?, ?, default)
2026-09-04T19:51:19.949+06:00 DEBUG 18860 --- [campusconnect-backend] [  restartedMain] org.hibernate.SQL                        : 
    insert 
    into
        faculty_directory_entries
        (category, email, name, position, profile_url, thesis_level, thesis_status, id) 
    values
        (?, ?, ?, ?, ?, ?, ?, default)
Hibernate: 
    insert 
    into
        faculty_directory_entries
        (category, email, name, position, profile_url, thesis_level, thesis_status, id) 
    values
        (?, ?, ?, ?, ?, ?, ?, default)
2026-09-04T19:51:19.949+06:00 DEBUG 18860 --- [campusconnect-backend] [  restartedMain] org.hibernate.SQL                        : 
    insert 
    into
        faculty_directory_entries
        (category, email, name, position, profile_url, thesis_level, thesis_status, id) 
    values
        (?, ?, ?, ?, ?, ?, ?, default)
Hibernate: 
    insert 
    into
        faculty_directory_entries
        (category, email, name, position, profile_url, thesis_level, thesis_status, id) 
    values
        (?, ?, ?, ?, ?, ?, ?, default)
2026-09-04T19:51:19.949+06:00 DEBUG 18860 --- [campusconnect-backend] [  restartedMain] org.hibernate.SQL                        : 
    insert 
    into
        faculty_directory_entries
        (category, email, name, position, profile_url, thesis_level, thesis_status, id) 
    values
        (?, ?, ?, ?, ?, ?, ?, default)
Hibernate: 
    insert 
    into
        faculty_directory_entries
        (category, email, name, position, profile_url, thesis_level, thesis_status, id) 
    values
        (?, ?, ?, ?, ?, ?, ?, default)
2026-09-04T19:51:19.950+06:00 DEBUG 18860 --- [campusconnect-backend] [  restartedMain] org.hibernate.SQL                        : 
    insert 
    into
        faculty_directory_entries
        (category, email, name, position, profile_url, thesis_level, thesis_status, id) 
    values
        (?, ?, ?, ?, ?, ?, ?, default)
Hibernate: 
    insert 
    into
        faculty_directory_entries
        (category, email, name, position, profile_url, thesis_level, thesis_status, id) 
    values
        (?, ?, ?, ?, ?, ?, ?, default)
2026-09-04T19:51:19.951+06:00 DEBUG 18860 --- [campusconnect-backend] [  restartedMain] org.hibernate.SQL                        : 
    insert 
    into
        faculty_directory_entries
        (category, email, name, position, profile_url, thesis_level, thesis_status, id) 
    values
        (?, ?, ?, ?, ?, ?, ?, default)
Hibernate: 
    insert 
    into
        faculty_directory_entries
        (category, email, name, position, profile_url, thesis_level, thesis_status, id) 
    values
        (?, ?, ?, ?, ?, ?, ?, default)
2026-09-04T19:51:19.951+06:00 DEBUG 18860 --- [campusconnect-backend] [  restartedMain] org.hibernate.SQL                        : 
    insert 
    into
        faculty_directory_entries
        (category, email, name, position, profile_url, thesis_level, thesis_status, id) 
    values
        (?, ?, ?, ?, ?, ?, ?, default)
Hibernate: 
    insert 
    into
        faculty_directory_entries
        (category, email, name, position, profile_url, thesis_level, thesis_status, id) 
    values
        (?, ?, ?, ?, ?, ?, ?, default)
2026-09-04T19:51:19.952+06:00 DEBUG 18860 --- [campusconnect-backend] [  restartedMain] org.hibernate.SQL                        : 
    insert 
    into
        faculty_directory_entries
        (category, email, name, position, profile_url, thesis_level, thesis_status, id) 
    values
        (?, ?, ?, ?, ?, ?, ?, default)
Hibernate: 
    insert 
    into
        faculty_directory_entries
        (category, email, name, position, profile_url, thesis_level, thesis_status, id) 
    values
        (?, ?, ?, ?, ?, ?, ?, default)
2026-09-04T19:51:19.952+06:00 DEBUG 18860 --- [campusconnect-backend] [  restartedMain] org.hibernate.SQL                        : 
    insert 
    into
        faculty_directory_entries
        (category, email, name, position, profile_url, thesis_level, thesis_status, id) 
    values
        (?, ?, ?, ?, ?, ?, ?, default)
Hibernate: 
    insert 
    into
        faculty_directory_entries
        (category, email, name, position, profile_url, thesis_level, thesis_status, id) 
    values
        (?, ?, ?, ?, ?, ?, ?, default)
2026-09-04T19:51:19.952+06:00 DEBUG 18860 --- [campusconnect-backend] [  restartedMain] org.hibernate.SQL                        : 
    insert 
    into
        faculty_directory_entries
        (category, email, name, position, profile_url, thesis_level, thesis_status, id) 
    values
        (?, ?, ?, ?, ?, ?, ?, default)
Hibernate: 
    insert 
    into
        faculty_directory_entries
        (category, email, name, position, profile_url, thesis_level, thesis_status, id) 
    values
        (?, ?, ?, ?, ?, ?, ?, default)
2026-09-04T19:51:19.954+06:00 DEBUG 18860 --- [campusconnect-backend] [  restartedMain] org.hibernate.SQL                        : 
    insert 
    into
        faculty_directory_entries
        (category, email, name, position, profile_url, thesis_level, thesis_status, id) 
    values
        (?, ?, ?, ?, ?, ?, ?, default)
Hibernate: 
    insert 
    into
        faculty_directory_entries
        (category, email, name, position, profile_url, thesis_level, thesis_status, id) 
    values
        (?, ?, ?, ?, ?, ?, ?, default)
2026-09-04T19:51:19.954+06:00 DEBUG 18860 --- [campusconnect-backend] [  restartedMain] org.hibernate.SQL                        : 
    insert 
    into
        faculty_directory_entries
        (category, email, name, position, profile_url, thesis_level, thesis_status, id) 
    values
        (?, ?, ?, ?, ?, ?, ?, default)
Hibernate: 
    insert 
    into
        faculty_directory_entries
        (category, email, name, position, profile_url, thesis_level, thesis_status, id) 
    values
        (?, ?, ?, ?, ?, ?, ?, default)
2026-09-04T19:51:19.955+06:00 DEBUG 18860 --- [campusconnect-backend] [  restartedMain] org.hibernate.SQL                        : 
    insert 
    into
        faculty_directory_entries
        (category, email, name, position, profile_url, thesis_level, thesis_status, id) 
    values
        (?, ?, ?, ?, ?, ?, ?, default)
Hibernate: 
    insert 
    into
        faculty_directory_entries
        (category, email, name, position, profile_url, thesis_level, thesis_status, id) 
    values
        (?, ?, ?, ?, ?, ?, ?, default)
2026-09-04T19:51:19.956+06:00 DEBUG 18860 --- [campusconnect-backend] [  restartedMain] org.hibernate.SQL                        : 
    insert 
    into
        faculty_directory_entries
        (category, email, name, position, profile_url, thesis_level, thesis_status, id) 
    values
        (?, ?, ?, ?, ?, ?, ?, default)
Hibernate: 
    insert 
    into
        faculty_directory_entries
        (category, email, name, position, profile_url, thesis_level, thesis_status, id) 
    values
        (?, ?, ?, ?, ?, ?, ?, default)
2026-09-04T19:51:19.957+06:00 DEBUG 18860 --- [campusconnect-backend] [  restartedMain] org.hibernate.SQL                        : 
    insert 
    into
        faculty_directory_entries
        (category, email, name, position, profile_url, thesis_level, thesis_status, id) 
    values
        (?, ?, ?, ?, ?, ?, ?, default)
Hibernate: 
    insert 
    into
        faculty_directory_entries
        (category, email, name, position, profile_url, thesis_level, thesis_status, id) 
    values
        (?, ?, ?, ?, ?, ?, ?, default)
2026-09-04T19:51:19.957+06:00 DEBUG 18860 --- [campusconnect-backend] [  restartedMain] org.hibernate.SQL                        : 
    insert 
    into
        faculty_directory_entries
        (category, email, name, position, profile_url, thesis_level, thesis_status, id) 
    values
        (?, ?, ?, ?, ?, ?, ?, default)
Hibernate: 
    insert 
    into
        faculty_directory_entries
        (category, email, name, position, profile_url, thesis_level, thesis_status, id) 
    values
        (?, ?, ?, ?, ?, ?, ?, default)
2026-09-04T19:51:19.957+06:00 DEBUG 18860 --- [campusconnect-backend] [  restartedMain] org.hibernate.SQL                        : 
    insert 
    into
        faculty_directory_entries
        (category, email, name, position, profile_url, thesis_level, thesis_status, id) 
    values
        (?, ?, ?, ?, ?, ?, ?, default)
Hibernate: 
    insert 
    into
        faculty_directory_entries
        (category, email, name, position, profile_url, thesis_level, thesis_status, id) 
    values
        (?, ?, ?, ?, ?, ?, ?, default)
2026-09-04T19:51:19.958+06:00 DEBUG 18860 --- [campusconnect-backend] [  restartedMain] org.hibernate.SQL                        : 
    insert 
    into
        faculty_directory_entries
        (category, email, name, position, profile_url, thesis_level, thesis_status, id) 
    values
        (?, ?, ?, ?, ?, ?, ?, default)
Hibernate: 
    insert 
    into
        faculty_directory_entries
        (category, email, name, position, profile_url, thesis_level, thesis_status, id) 
    values
        (?, ?, ?, ?, ?, ?, ?, default)
2026-09-04T19:51:19.959+06:00 DEBUG 18860 --- [campusconnect-backend] [  restartedMain] org.hibernate.SQL                        : 
    insert 
    into
        faculty_directory_entries
        (category, email, name, position, profile_url, thesis_level, thesis_status, id) 
    values
        (?, ?, ?, ?, ?, ?, ?, default)
Hibernate: 
    insert 
    into
        faculty_directory_entries
        (category, email, name, position, profile_url, thesis_level, thesis_status, id) 
    values
        (?, ?, ?, ?, ?, ?, ?, default)
2026-09-04T19:51:19.959+06:00 DEBUG 18860 --- [campusconnect-backend] [  restartedMain] org.hibernate.SQL                        : 
    insert 
    into
        faculty_directory_entries
        (category, email, name, position, profile_url, thesis_level, thesis_status, id) 
    values
        (?, ?, ?, ?, ?, ?, ?, default)
Hibernate: 
    insert 
    into
        faculty_directory_entries
        (category, email, name, position, profile_url, thesis_level, thesis_status, id) 
    values
        (?, ?, ?, ?, ?, ?, ?, default)
2026-09-04T19:51:19.960+06:00 DEBUG 18860 --- [campusconnect-backend] [  restartedMain] org.hibernate.SQL                        : 
    insert 
    into
        faculty_directory_entries
        (category, email, name, position, profile_url, thesis_level, thesis_status, id) 
    values
        (?, ?, ?, ?, ?, ?, ?, default)
Hibernate: 
    insert 
    into
        faculty_directory_entries
        (category, email, name, position, profile_url, thesis_level, thesis_status, id) 
    values
        (?, ?, ?, ?, ?, ?, ?, default)
2026-09-04T19:51:19.960+06:00 DEBUG 18860 --- [campusconnect-backend] [  restartedMain] org.hibernate.SQL                        : 
    insert 
    into
        faculty_directory_entries
        (category, email, name, position, profile_url, thesis_level, thesis_status, id) 
    values
        (?, ?, ?, ?, ?, ?, ?, default)
Hibernate: 
    insert 
    into
        faculty_directory_entries
        (category, email, name, position, profile_url, thesis_level, thesis_status, id) 
    values
        (?, ?, ?, ?, ?, ?, ?, default)
2026-09-04T19:51:19.961+06:00 DEBUG 18860 --- [campusconnect-backend] [  restartedMain] org.hibernate.SQL                        : 
    insert 
    into
        faculty_directory_entries
        (category, email, name, position, profile_url, thesis_level, thesis_status, id) 
    values
        (?, ?, ?, ?, ?, ?, ?, default)
Hibernate: 
    insert 
    into
        faculty_directory_entries
        (category, email, name, position, profile_url, thesis_level, thesis_status, id) 
    values
        (?, ?, ?, ?, ?, ?, ?, default)
2026-09-04T19:51:19.961+06:00 DEBUG 18860 --- [campusconnect-backend] [  restartedMain] org.hibernate.SQL                        : 
    insert 
    into
        faculty_directory_entries
        (category, email, name, position, profile_url, thesis_level, thesis_status, id) 
    values
        (?, ?, ?, ?, ?, ?, ?, default)
Hibernate: 
    insert 
    into
        faculty_directory_entries
        (category, email, name, position, profile_url, thesis_level, thesis_status, id) 
    values
        (?, ?, ?, ?, ?, ?, ?, default)
2026-09-04T19:51:19.962+06:00 DEBUG 18860 --- [campusconnect-backend] [  restartedMain] org.hibernate.SQL                        : 
    insert 
    into
        faculty_directory_entries
        (category, email, name, position, profile_url, thesis_level, thesis_status, id) 
    values
        (?, ?, ?, ?, ?, ?, ?, default)
Hibernate: 
    insert 
    into
        faculty_directory_entries
        (category, email, name, position, profile_url, thesis_level, thesis_status, id) 
    values
        (?, ?, ?, ?, ?, ?, ?, default)
2026-09-04T19:51:19.962+06:00 DEBUG 18860 --- [campusconnect-backend] [  restartedMain] org.hibernate.SQL                        : 
    insert 
    into
        faculty_directory_entries
        (category, email, name, position, profile_url, thesis_level, thesis_status, id) 
    values
        (?, ?, ?, ?, ?, ?, ?, default)
Hibernate: 
    insert 
    into
        faculty_directory_entries
        (category, email, name, position, profile_url, thesis_level, thesis_status, id) 
    values
        (?, ?, ?, ?, ?, ?, ?, default)
2026-09-04T19:51:19.963+06:00 DEBUG 18860 --- [campusconnect-backend] [  restartedMain] org.hibernate.SQL                        : 
    insert 
    into
        faculty_directory_entries
        (category, email, name, position, profile_url, thesis_level, thesis_status, id) 
    values
        (?, ?, ?, ?, ?, ?, ?, default)
Hibernate: 
    insert 
    into
        faculty_directory_entries
        (category, email, name, position, profile_url, thesis_level, thesis_status, id) 
    values
        (?, ?, ?, ?, ?, ?, ?, default)
2026-09-04T19:51:19.963+06:00 DEBUG 18860 --- [campusconnect-backend] [  restartedMain] org.hibernate.SQL                        : 
    insert 
    into
        faculty_directory_entries
        (category, email, name, position, profile_url, thesis_level, thesis_status, id) 
    values
        (?, ?, ?, ?, ?, ?, ?, default)
Hibernate: 
    insert 
    into
        faculty_directory_entries
        (category, email, name, position, profile_url, thesis_level, thesis_status, id) 
    values
        (?, ?, ?, ?, ?, ?, ?, default)
2026-09-04T19:51:19.964+06:00 DEBUG 18860 --- [campusconnect-backend] [  restartedMain] org.hibernate.SQL                        : 
    insert 
    into
        faculty_directory_entries
        (category, email, name, position, profile_url, thesis_level, thesis_status, id) 
    values
        (?, ?, ?, ?, ?, ?, ?, default)
Hibernate: 
    insert 
    into
        faculty_directory_entries
        (category, email, name, position, profile_url, thesis_level, thesis_status, id) 
    values
        (?, ?, ?, ?, ?, ?, ?, default)
2026-09-04T19:51:19.964+06:00 DEBUG 18860 --- [campusconnect-backend] [  restartedMain] org.hibernate.SQL                        : 
    insert 
    into
        faculty_directory_entries
        (category, email, name, position, profile_url, thesis_level, thesis_status, id) 
    values
        (?, ?, ?, ?, ?, ?, ?, default)
Hibernate: 
    insert 
    into
        faculty_directory_entries
        (category, email, name, position, profile_url, thesis_level, thesis_status, id) 
    values
        (?, ?, ?, ?, ?, ?, ?, default)
2026-09-04T19:51:19.965+06:00 DEBUG 18860 --- [campusconnect-backend] [  restartedMain] org.hibernate.SQL                        : 
    insert 
    into
        faculty_directory_entries
        (category, email, name, position, profile_url, thesis_level, thesis_status, id) 
    values
        (?, ?, ?, ?, ?, ?, ?, default)
Hibernate: 
    insert 
    into
        faculty_directory_entries
        (category, email, name, position, profile_url, thesis_level, thesis_status, id) 
    values
        (?, ?, ?, ?, ?, ?, ?, default)
2026-09-04T19:51:19.965+06:00 DEBUG 18860 --- [campusconnect-backend] [  restartedMain] org.hibernate.SQL                        : 
    insert 
    into
        faculty_directory_entries
        (category, email, name, position, profile_url, thesis_level, thesis_status, id) 
    values
        (?, ?, ?, ?, ?, ?, ?, default)
Hibernate: 
    insert 
    into
        faculty_directory_entries
        (category, email, name, position, profile_url, thesis_level, thesis_status, id) 
    values
        (?, ?, ?, ?, ?, ?, ?, default)
2026-09-04T19:51:19.965+06:00 DEBUG 18860 --- [campusconnect-backend] [  restartedMain] org.hibernate.SQL                        : 
    insert 
    into
        faculty_directory_entries
        (category, email, name, position, profile_url, thesis_level, thesis_status, id) 
    values
        (?, ?, ?, ?, ?, ?, ?, default)
Hibernate: 
    insert 
    into
        faculty_directory_entries
        (category, email, name, position, profile_url, thesis_level, thesis_status, id) 
    values
        (?, ?, ?, ?, ?, ?, ?, default)
2026-09-04T19:51:19.965+06:00 DEBUG 18860 --- [campusconnect-backend] [  restartedMain] org.hibernate.SQL                        : 
    insert 
    into
        faculty_directory_entries
        (category, email, name, position, profile_url, thesis_level, thesis_status, id) 
    values
        (?, ?, ?, ?, ?, ?, ?, default)
Hibernate: 
    insert 
    into
        faculty_directory_entries
        (category, email, name, position, profile_url, thesis_level, thesis_status, id) 
    values
        (?, ?, ?, ?, ?, ?, ?, default)
2026-09-04T19:51:19.967+06:00 DEBUG 18860 --- [campusconnect-backend] [  restartedMain] org.hibernate.SQL                        : 
    insert 
    into
        faculty_directory_entries
        (category, email, name, position, profile_url, thesis_level, thesis_status, id) 
    values
        (?, ?, ?, ?, ?, ?, ?, default)
Hibernate: 
    insert 
    into
        faculty_directory_entries
        (category, email, name, position, profile_url, thesis_level, thesis_status, id) 
    values
        (?, ?, ?, ?, ?, ?, ?, default)
2026-09-04T19:51:19.967+06:00 DEBUG 18860 --- [campusconnect-backend] [  restartedMain] org.hibernate.SQL                        : 
    insert 
    into
        faculty_directory_entries
        (category, email, name, position, profile_url, thesis_level, thesis_status, id) 
    values
        (?, ?, ?, ?, ?, ?, ?, default)
Hibernate: 
    insert 
    into
        faculty_directory_entries
        (category, email, name, position, profile_url, thesis_level, thesis_status, id) 
    values
        (?, ?, ?, ?, ?, ?, ?, default)
2026-09-04T19:51:19.968+06:00 DEBUG 18860 --- [campusconnect-backend] [  restartedMain] org.hibernate.SQL                        : 
    insert 
    into
        faculty_directory_entries
        (category, email, name, position, profile_url, thesis_level, thesis_status, id) 
    values
        (?, ?, ?, ?, ?, ?, ?, default)
Hibernate: 
    insert 
    into
        faculty_directory_entries
        (category, email, name, position, profile_url, thesis_level, thesis_status, id) 
    values
        (?, ?, ?, ?, ?, ?, ?, default)
2026-09-04T19:51:19.968+06:00 DEBUG 18860 --- [campusconnect-backend] [  restartedMain] org.hibernate.SQL                        : 
    insert 
    into
        faculty_directory_entries
        (category, email, name, position, profile_url, thesis_level, thesis_status, id) 
    values
        (?, ?, ?, ?, ?, ?, ?, default)
Hibernate: 
    insert 
    into
        faculty_directory_entries
        (category, email, name, position, profile_url, thesis_level, thesis_status, id) 
    values
        (?, ?, ?, ?, ?, ?, ?, default)
2026-09-04T19:51:19.969+06:00 DEBUG 18860 --- [campusconnect-backend] [  restartedMain] org.hibernate.SQL                        : 
    insert 
    into
        faculty_directory_entries
        (category, email, name, position, profile_url, thesis_level, thesis_status, id) 
    values
        (?, ?, ?, ?, ?, ?, ?, default)
Hibernate: 
    insert 
    into
        faculty_directory_entries
        (category, email, name, position, profile_url, thesis_level, thesis_status, id) 
    values
        (?, ?, ?, ?, ?, ?, ?, default)
2026-09-04T19:51:19.969+06:00 DEBUG 18860 --- [campusconnect-backend] [  restartedMain] org.hibernate.SQL                        : 
    insert 
    into
        faculty_directory_entries
        (category, email, name, position, profile_url, thesis_level, thesis_status, id) 
    values
        (?, ?, ?, ?, ?, ?, ?, default)
Hibernate: 
    insert 
    into
        faculty_directory_entries
        (category, email, name, position, profile_url, thesis_level, thesis_status, id) 
    values
        (?, ?, ?, ?, ?, ?, ?, default)
2026-09-04T19:51:19.970+06:00 DEBUG 18860 --- [campusconnect-backend] [  restartedMain] org.hibernate.SQL                        : 
    insert 
    into
        faculty_directory_entries
        (category, email, name, position, profile_url, thesis_level, thesis_status, id) 
    values
        (?, ?, ?, ?, ?, ?, ?, default)
Hibernate: 
    insert 
    into
        faculty_directory_entries
        (category, email, name, position, profile_url, thesis_level, thesis_status, id) 
    values
        (?, ?, ?, ?, ?, ?, ?, default)
2026-09-04T19:51:19.971+06:00 DEBUG 18860 --- [campusconnect-backend] [  restartedMain] org.hibernate.SQL                        : 
    insert 
    into
        faculty_directory_entries
        (category, email, name, position, profile_url, thesis_level, thesis_status, id) 
    values
        (?, ?, ?, ?, ?, ?, ?, default)
Hibernate: 
    insert 
    into
        faculty_directory_entries
        (category, email, name, position, profile_url, thesis_level, thesis_status, id) 
    values
        (?, ?, ?, ?, ?, ?, ?, default)
2026-09-04T19:51:19.972+06:00 DEBUG 18860 --- [campusconnect-backend] [  restartedMain] org.hibernate.SQL                        : 
    insert 
    into
        faculty_directory_entries
        (category, email, name, position, profile_url, thesis_level, thesis_status, id) 
    values
        (?, ?, ?, ?, ?, ?, ?, default)
Hibernate: 
    insert 
    into
        faculty_directory_entries
        (category, email, name, position, profile_url, thesis_level, thesis_status, id) 
    values
        (?, ?, ?, ?, ?, ?, ?, default)
2026-09-04T19:51:19.972+06:00 DEBUG 18860 --- [campusconnect-backend] [  restartedMain] org.hibernate.SQL                        : 
    insert 
    into
        faculty_directory_entries
        (category, email, name, position, profile_url, thesis_level, thesis_status, id) 
    values
        (?, ?, ?, ?, ?, ?, ?, default)
Hibernate: 
    insert 
    into
        faculty_directory_entries
        (category, email, name, position, profile_url, thesis_level, thesis_status, id) 
    values
        (?, ?, ?, ?, ?, ?, ?, default)
2026-09-04T19:51:19.973+06:00 DEBUG 18860 --- [campusconnect-backend] [  restartedMain] org.hibernate.SQL                        : 
    insert 
    into
        faculty_directory_entries
        (category, email, name, position, profile_url, thesis_level, thesis_status, id) 
    values
        (?, ?, ?, ?, ?, ?, ?, default)
Hibernate: 
    insert 
    into
        faculty_directory_entries
        (category, email, name, position, profile_url, thesis_level, thesis_status, id) 
    values
        (?, ?, ?, ?, ?, ?, ?, default)
2026-09-04T19:51:19.974+06:00 DEBUG 18860 --- [campusconnect-backend] [  restartedMain] org.hibernate.SQL                        : 
    insert 
    into
        faculty_directory_entries
        (category, email, name, position, profile_url, thesis_level, thesis_status, id) 
    values
        (?, ?, ?, ?, ?, ?, ?, default)
Hibernate: 
    insert 
    into
        faculty_directory_entries
        (category, email, name, position, profile_url, thesis_level, thesis_status, id) 
    values
        (?, ?, ?, ?, ?, ?, ?, default)
2026-09-04T19:51:19.974+06:00 DEBUG 18860 --- [campusconnect-backend] [  restartedMain] org.hibernate.SQL                        : 
    insert 
    into
        faculty_directory_entries
        (category, email, name, position, profile_url, thesis_level, thesis_status, id) 
    values
        (?, ?, ?, ?, ?, ?, ?, default)
Hibernate: 
    insert 
    into
        faculty_directory_entries
        (category, email, name, position, profile_url, thesis_level, thesis_status, id) 
    values
        (?, ?, ?, ?, ?, ?, ?, default)
2026-09-04T19:51:19.975+06:00 DEBUG 18860 --- [campusconnect-backend] [  restartedMain] org.hibernate.SQL                        : 
    insert 
    into
        faculty_directory_entries
        (category, email, name, position, profile_url, thesis_level, thesis_status, id) 
    values
        (?, ?, ?, ?, ?, ?, ?, default)
Hibernate: 
    insert 
    into
        faculty_directory_entries
        (category, email, name, position, profile_url, thesis_level, thesis_status, id) 
    values
        (?, ?, ?, ?, ?, ?, ?, default)
2026-09-04T19:51:19.975+06:00 DEBUG 18860 --- [campusconnect-backend] [  restartedMain] org.hibernate.SQL                        : 
    insert 
    into
        faculty_directory_entries
        (category, email, name, position, profile_url, thesis_level, thesis_status, id) 
    values
        (?, ?, ?, ?, ?, ?, ?, default)
Hibernate: 
    insert 
    into
        faculty_directory_entries
        (category, email, name, position, profile_url, thesis_level, thesis_status, id) 
    values
        (?, ?, ?, ?, ?, ?, ?, default)
2026-09-04T19:51:19.975+06:00 DEBUG 18860 --- [campusconnect-backend] [  restartedMain] org.hibernate.SQL                        : 
    insert 
    into
        faculty_directory_entries
        (category, email, name, position, profile_url, thesis_level, thesis_status, id) 
    values
        (?, ?, ?, ?, ?, ?, ?, default)
Hibernate: 
    insert 
    into
        faculty_directory_entries
        (category, email, name, position, profile_url, thesis_level, thesis_status, id) 
    values
        (?, ?, ?, ?, ?, ?, ?, default)
2026-09-04T19:51:19.977+06:00 DEBUG 18860 --- [campusconnect-backend] [  restartedMain] org.hibernate.SQL                        : 
    insert 
    into
        faculty_directory_entries
        (category, email, name, position, profile_url, thesis_level, thesis_status, id) 
    values
        (?, ?, ?, ?, ?, ?, ?, default)
Hibernate: 
    insert 
    into
        faculty_directory_entries
        (category, email, name, position, profile_url, thesis_level, thesis_status, id) 
    values
        (?, ?, ?, ?, ?, ?, ?, default)
2026-09-04T19:51:19.977+06:00 DEBUG 18860 --- [campusconnect-backend] [  restartedMain] org.hibernate.SQL                        : 
    insert 
    into
        faculty_directory_entries
        (category, email, name, position, profile_url, thesis_level, thesis_status, id) 
    values
        (?, ?, ?, ?, ?, ?, ?, default)
Hibernate: 
    insert 
    into
        faculty_directory_entries
        (category, email, name, position, profile_url, thesis_level, thesis_status, id) 
    values
        (?, ?, ?, ?, ?, ?, ?, default)
2026-09-04T19:51:19.978+06:00 DEBUG 18860 --- [campusconnect-backend] [  restartedMain] org.hibernate.SQL                        : 
    insert 
    into
        faculty_directory_entries
        (category, email, name, position, profile_url, thesis_level, thesis_status, id) 
    values
        (?, ?, ?, ?, ?, ?, ?, default)
Hibernate: 
    insert 
    into
        faculty_directory_entries
        (category, email, name, position, profile_url, thesis_level, thesis_status, id) 
    values
        (?, ?, ?, ?, ?, ?, ?, default)
2026-09-04T19:51:19.978+06:00 DEBUG 18860 --- [campusconnect-backend] [  restartedMain] org.hibernate.SQL                        : 
    insert 
    into
        faculty_directory_entries
        (category, email, name, position, profile_url, thesis_level, thesis_status, id) 
    values
        (?, ?, ?, ?, ?, ?, ?, default)
Hibernate: 
    insert 
    into
        faculty_directory_entries
        (category, email, name, position, profile_url, thesis_level, thesis_status, id) 
    values
        (?, ?, ?, ?, ?, ?, ?, default)
2026-09-04T19:51:19.979+06:00 DEBUG 18860 --- [campusconnect-backend] [  restartedMain] org.hibernate.SQL                        : 
    insert 
    into
        faculty_directory_entries
        (category, email, name, position, profile_url, thesis_level, thesis_status, id) 
    values
        (?, ?, ?, ?, ?, ?, ?, default)
Hibernate: 
    insert 
    into
        faculty_directory_entries
        (category, email, name, position, profile_url, thesis_level, thesis_status, id) 
    values
        (?, ?, ?, ?, ?, ?, ?, default)
2026-09-04T19:51:19.979+06:00 DEBUG 18860 --- [campusconnect-backend] [  restartedMain] org.hibernate.SQL                        : 
    insert 
    into
        faculty_directory_entries
        (category, email, name, position, profile_url, thesis_level, thesis_status, id) 
    values
        (?, ?, ?, ?, ?, ?, ?, default)
Hibernate: 
    insert 
    into
        faculty_directory_entries
        (category, email, name, position, profile_url, thesis_level, thesis_status, id) 
    values
        (?, ?, ?, ?, ?, ?, ?, default)
2026-09-04T19:51:19.979+06:00 DEBUG 18860 --- [campusconnect-backend] [  restartedMain] org.hibernate.SQL                        : 
    insert 
    into
        faculty_directory_entries
        (category, email, name, position, profile_url, thesis_level, thesis_status, id) 
    values
        (?, ?, ?, ?, ?, ?, ?, default)
Hibernate: 
    insert 
    into
        faculty_directory_entries
        (category, email, name, position, profile_url, thesis_level, thesis_status, id) 
    values
        (?, ?, ?, ?, ?, ?, ?, default)
2026-09-04T19:51:19.980+06:00 DEBUG 18860 --- [campusconnect-backend] [  restartedMain] org.hibernate.SQL                        : 
    insert 
    into
        faculty_directory_entries
        (category, email, name, position, profile_url, thesis_level, thesis_status, id) 
    values
        (?, ?, ?, ?, ?, ?, ?, default)
Hibernate: 
    insert 
    into
        faculty_directory_entries
        (category, email, name, position, profile_url, thesis_level, thesis_status, id) 
    values
        (?, ?, ?, ?, ?, ?, ?, default)
2026-09-04T19:51:19.980+06:00 DEBUG 18860 --- [campusconnect-backend] [  restartedMain] org.hibernate.SQL                        : 
    insert 
    into
        faculty_directory_entries
        (category, email, name, position, profile_url, thesis_level, thesis_status, id) 
    values
        (?, ?, ?, ?, ?, ?, ?, default)
Hibernate: 
    insert 
    into
        faculty_directory_entries
        (category, email, name, position, profile_url, thesis_level, thesis_status, id) 
    values
        (?, ?, ?, ?, ?, ?, ?, default)
2026-09-04T19:51:19.981+06:00 DEBUG 18860 --- [campusconnect-backend] [  restartedMain] org.hibernate.SQL                        : 
    insert 
    into
        faculty_directory_entries
        (category, email, name, position, profile_url, thesis_level, thesis_status, id) 
    values
        (?, ?, ?, ?, ?, ?, ?, default)
Hibernate: 
    insert 
    into
        faculty_directory_entries
        (category, email, name, position, profile_url, thesis_level, thesis_status, id) 
    values
        (?, ?, ?, ?, ?, ?, ?, default)
2026-09-04T19:51:19.981+06:00 DEBUG 18860 --- [campusconnect-backend] [  restartedMain] org.hibernate.SQL                        : 
    insert 
    into
        faculty_directory_entries
        (category, email, name, position, profile_url, thesis_level, thesis_status, id) 
    values
        (?, ?, ?, ?, ?, ?, ?, default)
Hibernate: 
    insert 
    into
        faculty_directory_entries
        (category, email, name, position, profile_url, thesis_level, thesis_status, id) 
    values
        (?, ?, ?, ?, ?, ?, ?, default)
2026-09-04T19:51:19.982+06:00 DEBUG 18860 --- [campusconnect-backend] [  restartedMain] org.hibernate.SQL                        : 
    insert 
    into
        faculty_directory_entries
        (category, email, name, position, profile_url, thesis_level, thesis_status, id) 
    values
        (?, ?, ?, ?, ?, ?, ?, default)
Hibernate: 
    insert 
    into
        faculty_directory_entries
        (category, email, name, position, profile_url, thesis_level, thesis_status, id) 
    values
        (?, ?, ?, ?, ?, ?, ?, default)
2026-09-04T19:51:19.982+06:00 DEBUG 18860 --- [campusconnect-backend] [  restartedMain] org.hibernate.SQL                        : 
    insert 
    into
        faculty_directory_entries
        (category, email, name, position, profile_url, thesis_level, thesis_status, id) 
    values
        (?, ?, ?, ?, ?, ?, ?, default)
Hibernate: 
    insert 
    into
        faculty_directory_entries
        (category, email, name, position, profile_url, thesis_level, thesis_status, id) 
    values
        (?, ?, ?, ?, ?, ?, ?, default)
2026-09-04T19:51:19.983+06:00 DEBUG 18860 --- [campusconnect-backend] [  restartedMain] org.hibernate.SQL                        : 
    insert 
    into
        faculty_directory_entries
        (category, email, name, position, profile_url, thesis_level, thesis_status, id) 
    values
        (?, ?, ?, ?, ?, ?, ?, default)
Hibernate: 
    insert 
    into
        faculty_directory_entries
        (category, email, name, position, profile_url, thesis_level, thesis_status, id) 
    values
        (?, ?, ?, ?, ?, ?, ?, default)
2026-09-04T19:51:19.983+06:00 DEBUG 18860 --- [campusconnect-backend] [  restartedMain] org.hibernate.SQL                        : 
    insert 
    into
        faculty_directory_entries
        (category, email, name, position, profile_url, thesis_level, thesis_status, id) 
    values
        (?, ?, ?, ?, ?, ?, ?, default)
Hibernate: 
    insert 
    into
        faculty_directory_entries
        (category, email, name, position, profile_url, thesis_level, thesis_status, id) 
    values
        (?, ?, ?, ?, ?, ?, ?, default)
2026-09-04T19:51:19.984+06:00 DEBUG 18860 --- [campusconnect-backend] [  restartedMain] org.hibernate.SQL                        : 
    insert 
    into
        faculty_directory_entries
        (category, email, name, position, profile_url, thesis_level, thesis_status, id) 
    values
        (?, ?, ?, ?, ?, ?, ?, default)
Hibernate: 
    insert 
    into
        faculty_directory_entries
        (category, email, name, position, profile_url, thesis_level, thesis_status, id) 
    values
        (?, ?, ?, ?, ?, ?, ?, default)
2026-09-04T19:51:19.984+06:00 DEBUG 18860 --- [campusconnect-backend] [  restartedMain] org.hibernate.SQL                        : 
    insert 
    into
        faculty_directory_entries
        (category, email, name, position, profile_url, thesis_level, thesis_status, id) 
    values
        (?, ?, ?, ?, ?, ?, ?, default)
Hibernate: 
    insert 
    into
        faculty_directory_entries
        (category, email, name, position, profile_url, thesis_level, thesis_status, id) 
    values
        (?, ?, ?, ?, ?, ?, ?, default)
2026-09-04T19:51:19.984+06:00 DEBUG 18860 --- [campusconnect-backend] [  restartedMain] org.hibernate.SQL                        : 
    insert 
    into
        faculty_directory_entries
        (category, email, name, position, profile_url, thesis_level, thesis_status, id) 
    values
        (?, ?, ?, ?, ?, ?, ?, default)
Hibernate: 
    insert 
    into
        faculty_directory_entries
        (category, email, name, position, profile_url, thesis_level, thesis_status, id) 
    values
        (?, ?, ?, ?, ?, ?, ?, default)
2026-09-04T19:51:19.985+06:00 DEBUG 18860 --- [campusconnect-backend] [  restartedMain] org.hibernate.SQL                        : 
    insert 
    into
        faculty_directory_entries
        (category, email, name, position, profile_url, thesis_level, thesis_status, id) 
    values
        (?, ?, ?, ?, ?, ?, ?, default)
Hibernate: 
    insert 
    into
        faculty_directory_entries
        (category, email, name, position, profile_url, thesis_level, thesis_status, id) 
    values
        (?, ?, ?, ?, ?, ?, ?, default)
2026-09-04T19:51:19.985+06:00 DEBUG 18860 --- [campusconnect-backend] [  restartedMain] org.hibernate.SQL                        : 
    insert 
    into
        faculty_directory_entries
        (category, email, name, position, profile_url, thesis_level, thesis_status, id) 
    values
        (?, ?, ?, ?, ?, ?, ?, default)
Hibernate: 
    insert 
    into
        faculty_directory_entries
        (category, email, name, position, profile_url, thesis_level, thesis_status, id) 
    values
        (?, ?, ?, ?, ?, ?, ?, default)
2026-09-04T19:51:19.985+06:00 DEBUG 18860 --- [campusconnect-backend] [  restartedMain] org.hibernate.SQL                        : 
    insert 
    into
        faculty_directory_entries
        (category, email, name, position, profile_url, thesis_level, thesis_status, id) 
    values
        (?, ?, ?, ?, ?, ?, ?, default)
Hibernate: 
    insert 
    into
        faculty_directory_entries
        (category, email, name, position, profile_url, thesis_level, thesis_status, id) 
    values
        (?, ?, ?, ?, ?, ?, ?, default)
2026-09-04T19:51:19.987+06:00 DEBUG 18860 --- [campusconnect-backend] [  restartedMain] org.hibernate.SQL                        : 
    insert 
    into
        faculty_directory_entries
        (category, email, name, position, profile_url, thesis_level, thesis_status, id) 
    values
        (?, ?, ?, ?, ?, ?, ?, default)
Hibernate: 
    insert 
    into
        faculty_directory_entries
        (category, email, name, position, profile_url, thesis_level, thesis_status, id) 
    values
        (?, ?, ?, ?, ?, ?, ?, default)
2026-09-04T19:51:19.987+06:00 DEBUG 18860 --- [campusconnect-backend] [  restartedMain] org.hibernate.SQL                        : 
    insert 
    into
        faculty_directory_entries
        (category, email, name, position, profile_url, thesis_level, thesis_status, id) 
    values
        (?, ?, ?, ?, ?, ?, ?, default)
Hibernate: 
    insert 
    into
        faculty_directory_entries
        (category, email, name, position, profile_url, thesis_level, thesis_status, id) 
    values
        (?, ?, ?, ?, ?, ?, ?, default)
2026-09-04T19:51:19.988+06:00 DEBUG 18860 --- [campusconnect-backend] [  restartedMain] org.hibernate.SQL                        : 
    insert 
    into
        faculty_directory_entries
        (category, email, name, position, profile_url, thesis_level, thesis_status, id) 
    values
        (?, ?, ?, ?, ?, ?, ?, default)
Hibernate: 
    insert 
    into
        faculty_directory_entries
        (category, email, name, position, profile_url, thesis_level, thesis_status, id) 
    values
        (?, ?, ?, ?, ?, ?, ?, default)
2026-09-04T19:51:19.988+06:00 DEBUG 18860 --- [campusconnect-backend] [  restartedMain] org.hibernate.SQL                        : 
    insert 
    into
        faculty_directory_entries
        (category, email, name, position, profile_url, thesis_level, thesis_status, id) 
    values
        (?, ?, ?, ?, ?, ?, ?, default)
Hibernate: 
    insert 
    into
        faculty_directory_entries
        (category, email, name, position, profile_url, thesis_level, thesis_status, id) 
    values
        (?, ?, ?, ?, ?, ?, ?, default)
2026-09-04T19:51:19.989+06:00 DEBUG 18860 --- [campusconnect-backend] [  restartedMain] org.hibernate.SQL                        : 
    insert 
    into
        faculty_directory_entries
        (category, email, name, position, profile_url, thesis_level, thesis_status, id) 
    values
        (?, ?, ?, ?, ?, ?, ?, default)
Hibernate: 
    insert 
    into
        faculty_directory_entries
        (category, email, name, position, profile_url, thesis_level, thesis_status, id) 
    values
        (?, ?, ?, ?, ?, ?, ?, default)
2026-09-04T19:51:19.989+06:00 DEBUG 18860 --- [campusconnect-backend] [  restartedMain] org.hibernate.SQL                        : 
    insert 
    into
        faculty_directory_entries
        (category, email, name, position, profile_url, thesis_level, thesis_status, id) 
    values
        (?, ?, ?, ?, ?, ?, ?, default)
Hibernate: 
    insert 
    into
        faculty_directory_entries
        (category, email, name, position, profile_url, thesis_level, thesis_status, id) 
    values
        (?, ?, ?, ?, ?, ?, ?, default)
2026-09-04T19:51:19.990+06:00 DEBUG 18860 --- [campusconnect-backend] [  restartedMain] org.hibernate.SQL                        : 
    insert 
    into
        faculty_directory_entries
        (category, email, name, position, profile_url, thesis_level, thesis_status, id) 
    values
        (?, ?, ?, ?, ?, ?, ?, default)
Hibernate: 
    insert 
    into
        faculty_directory_entries
        (category, email, name, position, profile_url, thesis_level, thesis_status, id) 
    values
        (?, ?, ?, ?, ?, ?, ?, default)
2026-09-04T19:51:19.991+06:00 DEBUG 18860 --- [campusconnect-backend] [  restartedMain] org.hibernate.SQL                        : 
    insert 
    into
        faculty_directory_entries
        (category, email, name, position, profile_url, thesis_level, thesis_status, id) 
    values
        (?, ?, ?, ?, ?, ?, ?, default)
Hibernate: 
    insert 
    into
        faculty_directory_entries
        (category, email, name, position, profile_url, thesis_level, thesis_status, id) 
    values
        (?, ?, ?, ?, ?, ?, ?, default)
2026-09-04T19:51:19.992+06:00 DEBUG 18860 --- [campusconnect-backend] [  restartedMain] org.hibernate.SQL                        : 
    insert 
    into
        faculty_directory_entries
        (category, email, name, position, profile_url, thesis_level, thesis_status, id) 
    values
        (?, ?, ?, ?, ?, ?, ?, default)
Hibernate: 
    insert 
    into
        faculty_directory_entries
        (category, email, name, position, profile_url, thesis_level, thesis_status, id) 
    values
        (?, ?, ?, ?, ?, ?, ?, default)
2026-09-04T19:51:20.019+06:00 DEBUG 18860 --- [campusconnect-backend] [  restartedMain] org.hibernate.SQL                        : 
    select
        count(*) 
    from
        payment_records pr1_0
Hibernate: 
    select
        count(*) 
    from
        payment_records pr1_0
2026-09-04T19:51:20.020+06:00  INFO 18860 --- [campusconnect-backend] [  restartedMain] c.c.backend.service.PaymentService       : Seeding initial student payment history records...
2026-09-04T19:51:20.022+06:00 DEBUG 18860 --- [campusconnect-backend] [  restartedMain] org.hibernate.SQL                        : 
    insert 
    into
        payment_records
        (amount_in_words, bank_name, created_at, department, gross_payable, items_json, net_payable, paid_at, payment_method, payment_status, receipt_number, semester_fee, student_id, student_name, term, total_course_fee, transaction_id, id) 
    values
        (?, ?, ?, ?, ?, ?, ?, ?, ?, ?, ?, ?, ?, ?, ?, ?, ?, default)
Hibernate: 
    insert 
    into
        payment_records
        (amount_in_words, bank_name, created_at, department, gross_payable, items_json, net_payable, paid_at, payment_method, payment_status, receipt_number, semester_fee, student_id, student_name, term, total_course_fee, transaction_id, id) 
    values
        (?, ?, ?, ?, ?, ?, ?, ?, ?, ?, ?, ?, ?, ?, ?, ?, ?, default)
2026-09-04T19:51:20.024+06:00 DEBUG 18860 --- [campusconnect-backend] [  restartedMain] org.hibernate.SQL                        : 
    insert 
    into
        payment_records
        (amount_in_words, bank_name, created_at, department, gross_payable, items_json, net_payable, paid_at, payment_method, payment_status, receipt_number, semester_fee, student_id, student_name, term, total_course_fee, transaction_id, id) 
    values
        (?, ?, ?, ?, ?, ?, ?, ?, ?, ?, ?, ?, ?, ?, ?, ?, ?, default)
Hibernate: 
    insert 
    into
        payment_records
        (amount_in_words, bank_name, created_at, department, gross_payable, items_json, net_payable, paid_at, payment_method, payment_status, receipt_number, semester_fee, student_id, student_name, term, total_course_fee, transaction_id, id) 
    values
        (?, ?, ?, ?, ?, ?, ?, ?, ?, ?, ?, ?, ?, ?, ?, ?, ?, default)
2026-09-04T19:51:20.026+06:00 DEBUG 18860 --- [campusconnect-backend] [  restartedMain] org.hibernate.SQL                        : 
    select
        count(*) 
    from
        payment_records pr1_0
Hibernate: 
    select
        count(*) 
    from
        payment_records pr1_0
2026-09-04T19:51:20.026+06:00  INFO 18860 --- [campusconnect-backend] [  restartedMain] c.c.backend.service.PaymentService       : Seeded 2 payment history records.
2026-09-04T19:51:20.147+06:00  WARN 18860 --- [campusconnect-backend] [  restartedMain] JpaBaseConfiguration$JpaWebConfiguration : spring.jpa.open-in-view is enabled by default. Therefore, database queries may be performed during view rendering. Explicitly configure spring.jpa.open-in-view to disable this warning
2026-09-04T19:51:20.169+06:00  WARN 18860 --- [campusconnect-backend] [  restartedMain] .s.s.UserDetailsServiceAutoConfiguration : 

Using generated security password: fdbdd46e-fb7d-4b87-95c2-c6d61b0fa187

This generated password is for development use only. Your security configuration must be updated before running your application in production.

2026-09-04T19:51:20.178+06:00  INFO 18860 --- [campusconnect-backend] [  restartedMain] r$InitializeUserDetailsManagerConfigurer : Global AuthenticationManager configured with UserDetailsService bean with name inMemoryUserDetailsManager
2026-09-04T19:51:20.513+06:00 DEBUG 18860 --- [campusconnect-backend] [  restartedMain] o.s.s.web.DefaultSecurityFilterChain     : Will secure any request with filters: DisableEncodeUrlFilter, WebAsyncManagerIntegrationFilter, SecurityContextHolderFilter, HeaderWriterFilter, CorsFilter, LogoutFilter, JwtAuthFilter, RequestCacheAwareFilter, SecurityContextHolderAwareRequestFilter, AnonymousAuthenticationFilter, SessionManagementFilter, ExceptionTranslationFilter, AuthorizationFilter
2026-09-04T19:51:20.979+06:00  INFO 18860 --- [campusconnect-backend] [  restartedMain] o.s.b.d.a.OptionalLiveReloadServer       : LiveReload server is running on port 35729
2026-09-04T19:51:21.020+06:00  INFO 18860 --- [campusconnect-backend] [  restartedMain] o.s.b.w.embedded.tomcat.TomcatWebServer  : Tomcat started on port 8080 (http) with context path '/'
2026-09-04T19:51:21.022+06:00  INFO 18860 --- [campusconnect-backend] [  restartedMain] o.s.m.s.b.SimpleBrokerMessageHandler     : Starting...
2026-09-04T19:51:21.024+06:00  INFO 18860 --- [campusconnect-backend] [  restartedMain] o.s.m.s.b.SimpleBrokerMessageHandler     : BrokerAvailabilityEvent[available=true, SimpleBrokerMessageHandler [org.springframework.messaging.simp.broker.DefaultSubscriptionRegistry@79c0a122]]
2026-09-04T19:51:21.024+06:00  INFO 18860 --- [campusconnect-backend] [  restartedMain] o.s.m.s.b.SimpleBrokerMessageHandler     : Started.
2026-09-04T19:51:21.035+06:00  INFO 18860 --- [campusconnect-backend] [  restartedMain] c.c.backend.BackendApplication           : Started BackendApplication in 18.811 seconds (process running for 19.263)
2026-09-04T19:51:21.043+06:00  INFO 18860 --- [campusconnect-backend] [  restartedMain] c.c.b.service.TestCourseDataSeeder       : [TestCourseDataSeeder] Initializing test course catalogue and faculty dataset...
2026-09-04T19:51:21.064+06:00 DEBUG 18860 --- [campusconnect-backend] [  restartedMain] org.hibernate.SQL                        : 
    select
        au1_0.id 
    from
        app_users au1_0 
    where
        au1_0.user_id=? 
    fetch
        first ? rows only
Hibernate: 
    select
        au1_0.id 
    from
        app_users au1_0 
    where
        au1_0.user_id=? 
    fetch
        first ? rows only
2026-09-04T19:51:21.412+06:00 DEBUG 18860 --- [campusconnect-backend] [  restartedMain] org.hibernate.SQL                        : 
    insert 
    into
        app_users
        (active, created_at, email, full_name, is_advisor, password_hash, reminder_hours, role, user_id, id) 
    values
        (?, ?, ?, ?, ?, ?, ?, ?, ?, default)
Hibernate: 
    insert 
    into
        app_users
        (active, created_at, email, full_name, is_advisor, password_hash, reminder_hours, role, user_id, id) 
    values
        (?, ?, ?, ?, ?, ?, ?, ?, ?, default)
2026-09-04T19:51:21.414+06:00  INFO 18860 --- [campusconnect-backend] [  restartedMain] c.c.b.service.TestCourseDataSeeder       : [TestCourseDataSeeder] Created faculty login user account: FAC101 (sadia.rahman@campus.edu)
2026-09-04T19:51:21.415+06:00 DEBUG 18860 --- [campusconnect-backend] [  restartedMain] org.hibernate.SQL                        : 
    select
        tf1_0.id 
    from
        test_faculties tf1_0 
    where
        tf1_0.faculty_id=? 
    fetch
        first ? rows only
Hibernate: 
    select
        tf1_0.id 
    from
        test_faculties tf1_0 
    where
        tf1_0.faculty_id=? 
    fetch
        first ? rows only
2026-09-04T19:51:21.417+06:00 DEBUG 18860 --- [campusconnect-backend] [  restartedMain] org.hibernate.SQL                        : 
    insert 
    into
        test_faculties
        (created_at, department, designation, email, faculty_id, is_advisor, name, office_room, user_id, id) 
    values
        (?, ?, ?, ?, ?, ?, ?, ?, ?, default)
Hibernate: 
    insert 
    into
        test_faculties
        (created_at, department, designation, email, faculty_id, is_advisor, name, office_room, user_id, id) 
    values
        (?, ?, ?, ?, ?, ?, ?, ?, ?, default)
2026-09-04T19:51:21.418+06:00  INFO 18860 --- [campusconnect-backend] [  restartedMain] c.c.b.service.TestCourseDataSeeder       : [TestCourseDataSeeder] Saved TestFaculty record: FAC101 - Dr. Sadia Rahman
2026-09-04T19:51:21.419+06:00 DEBUG 18860 --- [campusconnect-backend] [  restartedMain] org.hibernate.SQL                        : 
    select
        au1_0.id 
    from
        app_users au1_0 
    where
        au1_0.user_id=? 
    fetch
        first ? rows only
Hibernate: 
    select
        au1_0.id 
    from
        app_users au1_0 
    where
        au1_0.user_id=? 
    fetch
        first ? rows only
2026-09-04T19:51:21.745+06:00 DEBUG 18860 --- [campusconnect-backend] [  restartedMain] org.hibernate.SQL                        : 
    insert 
    into
        app_users
        (active, created_at, email, full_name, is_advisor, password_hash, reminder_hours, role, user_id, id) 
    values
        (?, ?, ?, ?, ?, ?, ?, ?, ?, default)
Hibernate: 
    insert 
    into
        app_users
        (active, created_at, email, full_name, is_advisor, password_hash, reminder_hours, role, user_id, id) 
    values
        (?, ?, ?, ?, ?, ?, ?, ?, ?, default)
2026-09-04T19:51:21.750+06:00  INFO 18860 --- [campusconnect-backend] [  restartedMain] c.c.b.service.TestCourseDataSeeder       : [TestCourseDataSeeder] Created faculty login user account: FAC102 (tanvir.ahmed@campus.edu)
2026-09-04T19:51:21.752+06:00 DEBUG 18860 --- [campusconnect-backend] [  restartedMain] org.hibernate.SQL                        : 
    select
        tf1_0.id 
    from
        test_faculties tf1_0 
    where
        tf1_0.faculty_id=? 
    fetch
        first ? rows only
Hibernate: 
    select
        tf1_0.id 
    from
        test_faculties tf1_0 
    where
        tf1_0.faculty_id=? 
    fetch
        first ? rows only
2026-09-04T19:51:21.752+06:00 DEBUG 18860 --- [campusconnect-backend] [  restartedMain] org.hibernate.SQL                        : 
    insert 
    into
        test_faculties
        (created_at, department, designation, email, faculty_id, is_advisor, name, office_room, user_id, id) 
    values
        (?, ?, ?, ?, ?, ?, ?, ?, ?, default)
Hibernate: 
    insert 
    into
        test_faculties
        (created_at, department, designation, email, faculty_id, is_advisor, name, office_room, user_id, id) 
    values
        (?, ?, ?, ?, ?, ?, ?, ?, ?, default)
2026-09-04T19:51:21.753+06:00  INFO 18860 --- [campusconnect-backend] [  restartedMain] c.c.b.service.TestCourseDataSeeder       : [TestCourseDataSeeder] Saved TestFaculty record: FAC102 - Dr. Tanvir Ahmed
2026-09-04T19:51:21.755+06:00 DEBUG 18860 --- [campusconnect-backend] [  restartedMain] org.hibernate.SQL                        : 
    select
        au1_0.id 
    from
        app_users au1_0 
    where
        au1_0.user_id=? 
    fetch
        first ? rows only
Hibernate: 
    select
        au1_0.id 
    from
        app_users au1_0 
    where
        au1_0.user_id=? 
    fetch
        first ? rows only
2026-09-04T19:51:22.073+06:00 DEBUG 18860 --- [campusconnect-backend] [  restartedMain] org.hibernate.SQL                        : 
    insert 
    into
        app_users
        (active, created_at, email, full_name, is_advisor, password_hash, reminder_hours, role, user_id, id) 
    values
        (?, ?, ?, ?, ?, ?, ?, ?, ?, default)
Hibernate: 
    insert 
    into
        app_users
        (active, created_at, email, full_name, is_advisor, password_hash, reminder_hours, role, user_id, id) 
    values
        (?, ?, ?, ?, ?, ?, ?, ?, ?, default)
2026-09-04T19:51:22.079+06:00  INFO 18860 --- [campusconnect-backend] [  restartedMain] c.c.b.service.TestCourseDataSeeder       : [TestCourseDataSeeder] Created faculty login user account: FAC103 (nusrat.jahan@campus.edu)
2026-09-04T19:51:22.082+06:00 DEBUG 18860 --- [campusconnect-backend] [  restartedMain] org.hibernate.SQL                        : 
    select
        tf1_0.id 
    from
        test_faculties tf1_0 
    where
        tf1_0.faculty_id=? 
    fetch
        first ? rows only
Hibernate: 
    select
        tf1_0.id 
    from
        test_faculties tf1_0 
    where
        tf1_0.faculty_id=? 
    fetch
        first ? rows only
2026-09-04T19:51:22.084+06:00 DEBUG 18860 --- [campusconnect-backend] [  restartedMain] org.hibernate.SQL                        : 
    insert 
    into
        test_faculties
        (created_at, department, designation, email, faculty_id, is_advisor, name, office_room, user_id, id) 
    values
        (?, ?, ?, ?, ?, ?, ?, ?, ?, default)
Hibernate: 
    insert 
    into
        test_faculties
        (created_at, department, designation, email, faculty_id, is_advisor, name, office_room, user_id, id) 
    values
        (?, ?, ?, ?, ?, ?, ?, ?, ?, default)
2026-09-04T19:51:22.085+06:00  INFO 18860 --- [campusconnect-backend] [  restartedMain] c.c.b.service.TestCourseDataSeeder       : [TestCourseDataSeeder] Saved TestFaculty record: FAC103 - Dr. Nusrat Jahan
2026-09-04T19:51:22.087+06:00 DEBUG 18860 --- [campusconnect-backend] [  restartedMain] org.hibernate.SQL                        : 
    select
        au1_0.id 
    from
        app_users au1_0 
    where
        au1_0.user_id=? 
    fetch
        first ? rows only
Hibernate: 
    select
        au1_0.id 
    from
        app_users au1_0 
    where
        au1_0.user_id=? 
    fetch
        first ? rows only
2026-09-04T19:51:22.399+06:00 DEBUG 18860 --- [campusconnect-backend] [  restartedMain] org.hibernate.SQL                        : 
    insert 
    into
        app_users
        (active, created_at, email, full_name, is_advisor, password_hash, reminder_hours, role, user_id, id) 
    values
        (?, ?, ?, ?, ?, ?, ?, ?, ?, default)
Hibernate: 
    insert 
    into
        app_users
        (active, created_at, email, full_name, is_advisor, password_hash, reminder_hours, role, user_id, id) 
    values
        (?, ?, ?, ?, ?, ?, ?, ?, ?, default)
2026-09-04T19:51:22.401+06:00  INFO 18860 --- [campusconnect-backend] [  restartedMain] c.c.b.service.TestCourseDataSeeder       : [TestCourseDataSeeder] Created faculty login user account: FAC104 (farhan.kabir@campus.edu)
2026-09-04T19:51:22.402+06:00 DEBUG 18860 --- [campusconnect-backend] [  restartedMain] org.hibernate.SQL                        : 
    select
        tf1_0.id 
    from
        test_faculties tf1_0 
    where
        tf1_0.faculty_id=? 
    fetch
        first ? rows only
Hibernate: 
    select
        tf1_0.id 
    from
        test_faculties tf1_0 
    where
        tf1_0.faculty_id=? 
    fetch
        first ? rows only
2026-09-04T19:51:22.403+06:00 DEBUG 18860 --- [campusconnect-backend] [  restartedMain] org.hibernate.SQL                        : 
    insert 
    into
        test_faculties
        (created_at, department, designation, email, faculty_id, is_advisor, name, office_room, user_id, id) 
    values
        (?, ?, ?, ?, ?, ?, ?, ?, ?, default)
Hibernate: 
    insert 
    into
        test_faculties
        (created_at, department, designation, email, faculty_id, is_advisor, name, office_room, user_id, id) 
    values
        (?, ?, ?, ?, ?, ?, ?, ?, ?, default)
2026-09-04T19:51:22.404+06:00  INFO 18860 --- [campusconnect-backend] [  restartedMain] c.c.b.service.TestCourseDataSeeder       : [TestCourseDataSeeder] Saved TestFaculty record: FAC104 - Dr. Farhan Kabir
2026-09-04T19:51:22.405+06:00 DEBUG 18860 --- [campusconnect-backend] [  restartedMain] org.hibernate.SQL                        : 
    select
        au1_0.id 
    from
        app_users au1_0 
    where
        au1_0.user_id=? 
    fetch
        first ? rows only
Hibernate: 
    select
        au1_0.id 
    from
        app_users au1_0 
    where
        au1_0.user_id=? 
    fetch
        first ? rows only
2026-09-04T19:51:22.709+06:00 DEBUG 18860 --- [campusconnect-backend] [  restartedMain] org.hibernate.SQL                        : 
    insert 
    into
        app_users
        (active, created_at, email, full_name, is_advisor, password_hash, reminder_hours, role, user_id, id) 
    values
        (?, ?, ?, ?, ?, ?, ?, ?, ?, default)
Hibernate: 
    insert 
    into
        app_users
        (active, created_at, email, full_name, is_advisor, password_hash, reminder_hours, role, user_id, id) 
    values
        (?, ?, ?, ?, ?, ?, ?, ?, ?, default)
2026-09-04T19:51:22.714+06:00  INFO 18860 --- [campusconnect-backend] [  restartedMain] c.c.b.service.TestCourseDataSeeder       : [TestCourseDataSeeder] Created faculty login user account: FAC105 (ayesha.siddiqua@campus.edu)
2026-09-04T19:51:22.715+06:00 DEBUG 18860 --- [campusconnect-backend] [  restartedMain] org.hibernate.SQL                        : 
    select
        tf1_0.id 
    from
        test_faculties tf1_0 
    where
        tf1_0.faculty_id=? 
    fetch
        first ? rows only
Hibernate: 
    select
        tf1_0.id 
    from
        test_faculties tf1_0 
    where
        tf1_0.faculty_id=? 
    fetch
        first ? rows only
2026-09-04T19:51:22.715+06:00 DEBUG 18860 --- [campusconnect-backend] [  restartedMain] org.hibernate.SQL                        : 
    insert 
    into
        test_faculties
        (created_at, department, designation, email, faculty_id, is_advisor, name, office_room, user_id, id) 
    values
        (?, ?, ?, ?, ?, ?, ?, ?, ?, default)
Hibernate: 
    insert 
    into
        test_faculties
        (created_at, department, designation, email, faculty_id, is_advisor, name, office_room, user_id, id) 
    values
        (?, ?, ?, ?, ?, ?, ?, ?, ?, default)
2026-09-04T19:51:22.715+06:00  INFO 18860 --- [campusconnect-backend] [  restartedMain] c.c.b.service.TestCourseDataSeeder       : [TestCourseDataSeeder] Saved TestFaculty record: FAC105 - Dr. Ayesha Siddiqua
2026-09-04T19:51:22.716+06:00 DEBUG 18860 --- [campusconnect-backend] [  restartedMain] org.hibernate.SQL                        : 
    select
        au1_0.id 
    from
        app_users au1_0 
    where
        au1_0.user_id=? 
    fetch
        first ? rows only
Hibernate: 
    select
        au1_0.id 
    from
        app_users au1_0 
    where
        au1_0.user_id=? 
    fetch
        first ? rows only
2026-09-04T19:51:23.026+06:00 DEBUG 18860 --- [campusconnect-backend] [  restartedMain] org.hibernate.SQL                        : 
    insert 
    into
        app_users
        (active, created_at, email, full_name, is_advisor, password_hash, reminder_hours, role, user_id, id) 
    values
        (?, ?, ?, ?, ?, ?, ?, ?, ?, default)
Hibernate: 
    insert 
    into
        app_users
        (active, created_at, email, full_name, is_advisor, password_hash, reminder_hours, role, user_id, id) 
    values
        (?, ?, ?, ?, ?, ?, ?, ?, ?, default)
2026-09-04T19:51:23.031+06:00  INFO 18860 --- [campusconnect-backend] [  restartedMain] c.c.b.service.TestCourseDataSeeder       : [TestCourseDataSeeder] Created faculty login user account: FAC106 (rafiqul.islam@campus.edu)
2026-09-04T19:51:23.032+06:00 DEBUG 18860 --- [campusconnect-backend] [  restartedMain] org.hibernate.SQL                        : 
    select
        tf1_0.id 
    from
        test_faculties tf1_0 
    where
        tf1_0.faculty_id=? 
    fetch
        first ? rows only
Hibernate: 
    select
        tf1_0.id 
    from
        test_faculties tf1_0 
    where
        tf1_0.faculty_id=? 
    fetch
        first ? rows only
2026-09-04T19:51:23.033+06:00 DEBUG 18860 --- [campusconnect-backend] [  restartedMain] org.hibernate.SQL                        : 
    insert 
    into
        test_faculties
        (created_at, department, designation, email, faculty_id, is_advisor, name, office_room, user_id, id) 
    values
        (?, ?, ?, ?, ?, ?, ?, ?, ?, default)
Hibernate: 
    insert 
    into
        test_faculties
        (created_at, department, designation, email, faculty_id, is_advisor, name, office_room, user_id, id) 
    values
        (?, ?, ?, ?, ?, ?, ?, ?, ?, default)
2026-09-04T19:51:23.033+06:00  INFO 18860 --- [campusconnect-backend] [  restartedMain] c.c.b.service.TestCourseDataSeeder       : [TestCourseDataSeeder] Saved TestFaculty record: FAC106 - Dr. Rafiqul Islam
2026-09-04T19:51:23.034+06:00 DEBUG 18860 --- [campusconnect-backend] [  restartedMain] org.hibernate.SQL                        : 
    select
        au1_0.id 
    from
        app_users au1_0 
    where
        au1_0.user_id=? 
    fetch
        first ? rows only
Hibernate: 
    select
        au1_0.id 
    from
        app_users au1_0 
    where
        au1_0.user_id=? 
    fetch
        first ? rows only
2026-09-04T19:51:23.343+06:00 DEBUG 18860 --- [campusconnect-backend] [  restartedMain] org.hibernate.SQL                        : 
    insert 
    into
        app_users
        (active, created_at, email, full_name, is_advisor, password_hash, reminder_hours, role, user_id, id) 
    values
        (?, ?, ?, ?, ?, ?, ?, ?, ?, default)
Hibernate: 
    insert 
    into
        app_users
        (active, created_at, email, full_name, is_advisor, password_hash, reminder_hours, role, user_id, id) 
    values
        (?, ?, ?, ?, ?, ?, ?, ?, ?, default)
2026-09-04T19:51:23.345+06:00  INFO 18860 --- [campusconnect-backend] [  restartedMain] c.c.b.service.TestCourseDataSeeder       : [TestCourseDataSeeder] Created faculty login user account: FAC107 (mehedi.hasan@campus.edu)
2026-09-04T19:51:23.348+06:00 DEBUG 18860 --- [campusconnect-backend] [  restartedMain] org.hibernate.SQL                        : 
    select
        tf1_0.id 
    from
        test_faculties tf1_0 
    where
        tf1_0.faculty_id=? 
    fetch
        first ? rows only
Hibernate: 
    select
        tf1_0.id 
    from
        test_faculties tf1_0 
    where
        tf1_0.faculty_id=? 
    fetch
        first ? rows only
2026-09-04T19:51:23.349+06:00 DEBUG 18860 --- [campusconnect-backend] [  restartedMain] org.hibernate.SQL                        : 
    insert 
    into
        test_faculties
        (created_at, department, designation, email, faculty_id, is_advisor, name, office_room, user_id, id) 
    values
        (?, ?, ?, ?, ?, ?, ?, ?, ?, default)
Hibernate: 
    insert 
    into
        test_faculties
        (created_at, department, designation, email, faculty_id, is_advisor, name, office_room, user_id, id) 
    values
        (?, ?, ?, ?, ?, ?, ?, ?, ?, default)
2026-09-04T19:51:23.350+06:00  INFO 18860 --- [campusconnect-backend] [  restartedMain] c.c.b.service.TestCourseDataSeeder       : [TestCourseDataSeeder] Saved TestFaculty record: FAC107 - Dr. Mehedi Hasan
2026-09-04T19:51:23.352+06:00 DEBUG 18860 --- [campusconnect-backend] [  restartedMain] org.hibernate.SQL                        : 
    select
        au1_0.id 
    from
        app_users au1_0 
    where
        au1_0.user_id=? 
    fetch
        first ? rows only
Hibernate: 
    select
        au1_0.id 
    from
        app_users au1_0 
    where
        au1_0.user_id=? 
    fetch
        first ? rows only
2026-09-04T19:51:23.632+06:00 DEBUG 18860 --- [campusconnect-backend] [  restartedMain] org.hibernate.SQL                        : 
    insert 
    into
        app_users
        (active, created_at, email, full_name, is_advisor, password_hash, reminder_hours, role, user_id, id) 
    values
        (?, ?, ?, ?, ?, ?, ?, ?, ?, default)
Hibernate: 
    insert 
    into
        app_users
        (active, created_at, email, full_name, is_advisor, password_hash, reminder_hours, role, user_id, id) 
    values
        (?, ?, ?, ?, ?, ?, ?, ?, ?, default)
2026-09-04T19:51:23.635+06:00  INFO 18860 --- [campusconnect-backend] [  restartedMain] c.c.b.service.TestCourseDataSeeder       : [TestCourseDataSeeder] Created faculty login user account: FAC108 (sabrina.mostafa@campus.edu)
2026-09-04T19:51:23.638+06:00 DEBUG 18860 --- [campusconnect-backend] [  restartedMain] org.hibernate.SQL                        : 
    select
        tf1_0.id 
    from
        test_faculties tf1_0 
    where
        tf1_0.faculty_id=? 
    fetch
        first ? rows only
Hibernate: 
    select
        tf1_0.id 
    from
        test_faculties tf1_0 
    where
        tf1_0.faculty_id=? 
    fetch
        first ? rows only
2026-09-04T19:51:23.640+06:00 DEBUG 18860 --- [campusconnect-backend] [  restartedMain] org.hibernate.SQL                        : 
    insert 
    into
        test_faculties
        (created_at, department, designation, email, faculty_id, is_advisor, name, office_room, user_id, id) 
    values
        (?, ?, ?, ?, ?, ?, ?, ?, ?, default)
Hibernate: 
    insert 
    into
        test_faculties
        (created_at, department, designation, email, faculty_id, is_advisor, name, office_room, user_id, id) 
    values
        (?, ?, ?, ?, ?, ?, ?, ?, ?, default)
2026-09-04T19:51:23.642+06:00  INFO 18860 --- [campusconnect-backend] [  restartedMain] c.c.b.service.TestCourseDataSeeder       : [TestCourseDataSeeder] Saved TestFaculty record: FAC108 - Dr. Sabrina Mostafa
2026-09-04T19:51:23.643+06:00 DEBUG 18860 --- [campusconnect-backend] [  restartedMain] org.hibernate.SQL                        : 
    select
        au1_0.id 
    from
        app_users au1_0 
    where
        au1_0.user_id=? 
    fetch
        first ? rows only
Hibernate: 
    select
        au1_0.id 
    from
        app_users au1_0 
    where
        au1_0.user_id=? 
    fetch
        first ? rows only
2026-09-04T19:51:23.922+06:00 DEBUG 18860 --- [campusconnect-backend] [  restartedMain] org.hibernate.SQL                        : 
    insert 
    into
        app_users
        (active, created_at, email, full_name, is_advisor, password_hash, reminder_hours, role, user_id, id) 
    values
        (?, ?, ?, ?, ?, ?, ?, ?, ?, default)
Hibernate: 
    insert 
    into
        app_users
        (active, created_at, email, full_name, is_advisor, password_hash, reminder_hours, role, user_id, id) 
    values
        (?, ?, ?, ?, ?, ?, ?, ?, ?, default)
2026-09-04T19:51:23.925+06:00  INFO 18860 --- [campusconnect-backend] [  restartedMain] c.c.b.service.TestCourseDataSeeder       : [TestCourseDataSeeder] Created faculty login user account: FAC109 (tariq.mahmood@campus.edu)
2026-09-04T19:51:23.927+06:00 DEBUG 18860 --- [campusconnect-backend] [  restartedMain] org.hibernate.SQL                        : 
    select
        tf1_0.id 
    from
        test_faculties tf1_0 
    where
        tf1_0.faculty_id=? 
    fetch
        first ? rows only
Hibernate: 
    select
        tf1_0.id 
    from
        test_faculties tf1_0 
    where
        tf1_0.faculty_id=? 
    fetch
        first ? rows only
2026-09-04T19:51:23.928+06:00 DEBUG 18860 --- [campusconnect-backend] [  restartedMain] org.hibernate.SQL                        : 
    insert 
    into
        test_faculties
        (created_at, department, designation, email, faculty_id, is_advisor, name, office_room, user_id, id) 
    values
        (?, ?, ?, ?, ?, ?, ?, ?, ?, default)
Hibernate: 
    insert 
    into
        test_faculties
        (created_at, department, designation, email, faculty_id, is_advisor, name, office_room, user_id, id) 
    values
        (?, ?, ?, ?, ?, ?, ?, ?, ?, default)
2026-09-04T19:51:23.929+06:00  INFO 18860 --- [campusconnect-backend] [  restartedMain] c.c.b.service.TestCourseDataSeeder       : [TestCourseDataSeeder] Saved TestFaculty record: FAC109 - Dr. Tariq Mahmood
2026-09-04T19:51:23.930+06:00 DEBUG 18860 --- [campusconnect-backend] [  restartedMain] org.hibernate.SQL                        : 
    select
        au1_0.id 
    from
        app_users au1_0 
    where
        au1_0.user_id=? 
    fetch
        first ? rows only
Hibernate: 
    select
        au1_0.id 
    from
        app_users au1_0 
    where
        au1_0.user_id=? 
    fetch
        first ? rows only
2026-09-04T19:51:24.209+06:00 DEBUG 18860 --- [campusconnect-backend] [  restartedMain] org.hibernate.SQL                        : 
    insert 
    into
        app_users
        (active, created_at, email, full_name, is_advisor, password_hash, reminder_hours, role, user_id, id) 
    values
        (?, ?, ?, ?, ?, ?, ?, ?, ?, default)
Hibernate: 
    insert 
    into
        app_users
        (active, created_at, email, full_name, is_advisor, password_hash, reminder_hours, role, user_id, id) 
    values
        (?, ?, ?, ?, ?, ?, ?, ?, ?, default)
2026-09-04T19:51:24.211+06:00  INFO 18860 --- [campusconnect-backend] [  restartedMain] c.c.b.service.TestCourseDataSeeder       : [TestCourseDataSeeder] Created faculty login user account: FAC110 (samira.khan@campus.edu)
2026-09-04T19:51:24.212+06:00 DEBUG 18860 --- [campusconnect-backend] [  restartedMain] org.hibernate.SQL                        : 
    select
        tf1_0.id 
    from
        test_faculties tf1_0 
    where
        tf1_0.faculty_id=? 
    fetch
        first ? rows only
Hibernate: 
    select
        tf1_0.id 
    from
        test_faculties tf1_0 
    where
        tf1_0.faculty_id=? 
    fetch
        first ? rows only
2026-09-04T19:51:24.214+06:00 DEBUG 18860 --- [campusconnect-backend] [  restartedMain] org.hibernate.SQL                        : 
    insert 
    into
        test_faculties
        (created_at, department, designation, email, faculty_id, is_advisor, name, office_room, user_id, id) 
    values
        (?, ?, ?, ?, ?, ?, ?, ?, ?, default)
Hibernate: 
    insert 
    into
        test_faculties
        (created_at, department, designation, email, faculty_id, is_advisor, name, office_room, user_id, id) 
    values
        (?, ?, ?, ?, ?, ?, ?, ?, ?, default)
2026-09-04T19:51:24.215+06:00  INFO 18860 --- [campusconnect-backend] [  restartedMain] c.c.b.service.TestCourseDataSeeder       : [TestCourseDataSeeder] Saved TestFaculty record: FAC110 - Dr. Samira Khan
2026-09-04T19:51:24.217+06:00 DEBUG 18860 --- [campusconnect-backend] [  restartedMain] org.hibernate.SQL                        : 
    select
        au1_0.id 
    from
        app_users au1_0 
    where
        au1_0.user_id=? 
    fetch
        first ? rows only
Hibernate: 
    select
        au1_0.id 
    from
        app_users au1_0 
    where
        au1_0.user_id=? 
    fetch
        first ? rows only
2026-09-04T19:51:24.494+06:00 DEBUG 18860 --- [campusconnect-backend] [  restartedMain] org.hibernate.SQL                        : 
    insert 
    into
        app_users
        (active, created_at, email, full_name, is_advisor, password_hash, reminder_hours, role, user_id, id) 
    values
        (?, ?, ?, ?, ?, ?, ?, ?, ?, default)
Hibernate: 
    insert 
    into
        app_users
        (active, created_at, email, full_name, is_advisor, password_hash, reminder_hours, role, user_id, id) 
    values
        (?, ?, ?, ?, ?, ?, ?, ?, ?, default)
2026-09-04T19:51:24.496+06:00  INFO 18860 --- [campusconnect-backend] [  restartedMain] c.c.b.service.TestCourseDataSeeder       : [TestCourseDataSeeder] Created faculty login user account: FAC111 (asif.chowdhury@campus.edu)
2026-09-04T19:51:24.498+06:00 DEBUG 18860 --- [campusconnect-backend] [  restartedMain] org.hibernate.SQL                        : 
    select
        tf1_0.id 
    from
        test_faculties tf1_0 
    where
        tf1_0.faculty_id=? 
    fetch
        first ? rows only
Hibernate: 
    select
        tf1_0.id 
    from
        test_faculties tf1_0 
    where
        tf1_0.faculty_id=? 
    fetch
        first ? rows only
2026-09-04T19:51:24.498+06:00 DEBUG 18860 --- [campusconnect-backend] [  restartedMain] org.hibernate.SQL                        : 
    insert 
    into
        test_faculties
        (created_at, department, designation, email, faculty_id, is_advisor, name, office_room, user_id, id) 
    values
        (?, ?, ?, ?, ?, ?, ?, ?, ?, default)
Hibernate: 
    insert 
    into
        test_faculties
        (created_at, department, designation, email, faculty_id, is_advisor, name, office_room, user_id, id) 
    values
        (?, ?, ?, ?, ?, ?, ?, ?, ?, default)
2026-09-04T19:51:24.499+06:00  INFO 18860 --- [campusconnect-backend] [  restartedMain] c.c.b.service.TestCourseDataSeeder       : [TestCourseDataSeeder] Saved TestFaculty record: FAC111 - Dr. Asif Chowdhury
2026-09-04T19:51:24.499+06:00 DEBUG 18860 --- [campusconnect-backend] [  restartedMain] org.hibernate.SQL                        : 
    select
        au1_0.id 
    from
        app_users au1_0 
    where
        au1_0.user_id=? 
    fetch
        first ? rows only
Hibernate: 
    select
        au1_0.id 
    from
        app_users au1_0 
    where
        au1_0.user_id=? 
    fetch
        first ? rows only
2026-09-04T19:51:24.785+06:00 DEBUG 18860 --- [campusconnect-backend] [  restartedMain] org.hibernate.SQL                        : 
    insert 
    into
        app_users
        (active, created_at, email, full_name, is_advisor, password_hash, reminder_hours, role, user_id, id) 
    values
        (?, ?, ?, ?, ?, ?, ?, ?, ?, default)
Hibernate: 
    insert 
    into
        app_users
        (active, created_at, email, full_name, is_advisor, password_hash, reminder_hours, role, user_id, id) 
    values
        (?, ?, ?, ?, ?, ?, ?, ?, ?, default)
2026-09-04T19:51:24.786+06:00  INFO 18860 --- [campusconnect-backend] [  restartedMain] c.c.b.service.TestCourseDataSeeder       : [TestCourseDataSeeder] Created faculty login user account: FAC112 (farzana.yasmin@campus.edu)
2026-09-04T19:51:24.788+06:00 DEBUG 18860 --- [campusconnect-backend] [  restartedMain] org.hibernate.SQL                        : 
    select
        tf1_0.id 
    from
        test_faculties tf1_0 
    where
        tf1_0.faculty_id=? 
    fetch
        first ? rows only
Hibernate: 
    select
        tf1_0.id 
    from
        test_faculties tf1_0 
    where
        tf1_0.faculty_id=? 
    fetch
        first ? rows only
2026-09-04T19:51:24.789+06:00 DEBUG 18860 --- [campusconnect-backend] [  restartedMain] org.hibernate.SQL                        : 
    insert 
    into
        test_faculties
        (created_at, department, designation, email, faculty_id, is_advisor, name, office_room, user_id, id) 
    values
        (?, ?, ?, ?, ?, ?, ?, ?, ?, default)
Hibernate: 
    insert 
    into
        test_faculties
        (created_at, department, designation, email, faculty_id, is_advisor, name, office_room, user_id, id) 
    values
        (?, ?, ?, ?, ?, ?, ?, ?, ?, default)
2026-09-04T19:51:24.789+06:00  INFO 18860 --- [campusconnect-backend] [  restartedMain] c.c.b.service.TestCourseDataSeeder       : [TestCourseDataSeeder] Saved TestFaculty record: FAC112 - Dr. Farzana Yasmin
2026-09-04T19:51:24.792+06:00 DEBUG 18860 --- [campusconnect-backend] [  restartedMain] org.hibernate.SQL                        : 
    select
        tc1_0.id 
    from
        test_courses tc1_0 
    where
        tc1_0.code=? 
    fetch
        first ? rows only
Hibernate: 
    select
        tc1_0.id 
    from
        test_courses tc1_0 
    where
        tc1_0.code=? 
    fetch
        first ? rows only
2026-09-04T19:51:24.793+06:00 DEBUG 18860 --- [campusconnect-backend] [  restartedMain] org.hibernate.SQL                        : 
    insert 
    into
        test_courses
        (academic_degree, code, credits, department, description, name, prerequisites, school, id) 
    values
        (?, ?, ?, ?, ?, ?, ?, ?, default)
Hibernate: 
    insert 
    into
        test_courses
        (academic_degree, code, credits, department, description, name, prerequisites, school, id) 
    values
        (?, ?, ?, ?, ?, ?, ?, ?, default)
2026-09-04T19:51:24.794+06:00  INFO 18860 --- [campusconnect-backend] [  restartedMain] c.c.b.service.TestCourseDataSeeder       : [TestCourseDataSeeder] Saved TestCourse: CSE110T - Programming Language I (Test)
2026-09-04T19:51:24.795+06:00 DEBUG 18860 --- [campusconnect-backend] [  restartedMain] org.hibernate.SQL                        : 
    select
        tc1_0.id 
    from
        test_courses tc1_0 
    where
        tc1_0.code=? 
    fetch
        first ? rows only
Hibernate: 
    select
        tc1_0.id 
    from
        test_courses tc1_0 
    where
        tc1_0.code=? 
    fetch
        first ? rows only
2026-09-04T19:51:24.795+06:00 DEBUG 18860 --- [campusconnect-backend] [  restartedMain] org.hibernate.SQL                        : 
    insert 
    into
        test_courses
        (academic_degree, code, credits, department, description, name, prerequisites, school, id) 
    values
        (?, ?, ?, ?, ?, ?, ?, ?, default)
Hibernate: 
    insert 
    into
        test_courses
        (academic_degree, code, credits, department, description, name, prerequisites, school, id) 
    values
        (?, ?, ?, ?, ?, ?, ?, ?, default)
2026-09-04T19:51:24.796+06:00  INFO 18860 --- [campusconnect-backend] [  restartedMain] c.c.b.service.TestCourseDataSeeder       : [TestCourseDataSeeder] Saved TestCourse: CSE111T - Programming Language II (Test)
2026-09-04T19:51:24.796+06:00 DEBUG 18860 --- [campusconnect-backend] [  restartedMain] org.hibernate.SQL                        : 
    select
        tc1_0.id 
    from
        test_courses tc1_0 
    where
        tc1_0.code=? 
    fetch
        first ? rows only
Hibernate: 
    select
        tc1_0.id 
    from
        test_courses tc1_0 
    where
        tc1_0.code=? 
    fetch
        first ? rows only
2026-09-04T19:51:24.797+06:00 DEBUG 18860 --- [campusconnect-backend] [  restartedMain] org.hibernate.SQL                        : 
    insert 
    into
        test_courses
        (academic_degree, code, credits, department, description, name, prerequisites, school, id) 
    values
        (?, ?, ?, ?, ?, ?, ?, ?, default)
Hibernate: 
    insert 
    into
        test_courses
        (academic_degree, code, credits, department, description, name, prerequisites, school, id) 
    values
        (?, ?, ?, ?, ?, ?, ?, ?, default)
2026-09-04T19:51:24.797+06:00  INFO 18860 --- [campusconnect-backend] [  restartedMain] c.c.b.service.TestCourseDataSeeder       : [TestCourseDataSeeder] Saved TestCourse: CSE220T - Data Structures (Test)
2026-09-04T19:51:24.798+06:00 DEBUG 18860 --- [campusconnect-backend] [  restartedMain] org.hibernate.SQL                        : 
    select
        tc1_0.id 
    from
        test_courses tc1_0 
    where
        tc1_0.code=? 
    fetch
        first ? rows only
Hibernate: 
    select
        tc1_0.id 
    from
        test_courses tc1_0 
    where
        tc1_0.code=? 
    fetch
        first ? rows only
2026-09-04T19:51:24.798+06:00 DEBUG 18860 --- [campusconnect-backend] [  restartedMain] org.hibernate.SQL                        : 
    insert 
    into
        test_courses
        (academic_degree, code, credits, department, description, name, prerequisites, school, id) 
    values
        (?, ?, ?, ?, ?, ?, ?, ?, default)
Hibernate: 
    insert 
    into
        test_courses
        (academic_degree, code, credits, department, description, name, prerequisites, school, id) 
    values
        (?, ?, ?, ?, ?, ?, ?, ?, default)
2026-09-04T19:51:24.798+06:00  INFO 18860 --- [campusconnect-backend] [  restartedMain] c.c.b.service.TestCourseDataSeeder       : [TestCourseDataSeeder] Saved TestCourse: CSE221T - Algorithms (Test)
2026-09-04T19:51:24.800+06:00 DEBUG 18860 --- [campusconnect-backend] [  restartedMain] org.hibernate.SQL                        : 
    select
        tc1_0.id 
    from
        test_courses tc1_0 
    where
        tc1_0.code=? 
    fetch
        first ? rows only
Hibernate: 
    select
        tc1_0.id 
    from
        test_courses tc1_0 
    where
        tc1_0.code=? 
    fetch
        first ? rows only
2026-09-04T19:51:24.801+06:00 DEBUG 18860 --- [campusconnect-backend] [  restartedMain] org.hibernate.SQL                        : 
    insert 
    into
        test_courses
        (academic_degree, code, credits, department, description, name, prerequisites, school, id) 
    values
        (?, ?, ?, ?, ?, ?, ?, ?, default)
Hibernate: 
    insert 
    into
        test_courses
        (academic_degree, code, credits, department, description, name, prerequisites, school, id) 
    values
        (?, ?, ?, ?, ?, ?, ?, ?, default)
2026-09-04T19:51:24.802+06:00  INFO 18860 --- [campusconnect-backend] [  restartedMain] c.c.b.service.TestCourseDataSeeder       : [TestCourseDataSeeder] Saved TestCourse: CSE320T - Data Communications (Test)
2026-09-04T19:51:24.804+06:00 DEBUG 18860 --- [campusconnect-backend] [  restartedMain] org.hibernate.SQL                        : 
    select
        tc1_0.id 
    from
        test_courses tc1_0 
    where
        tc1_0.code=? 
    fetch
        first ? rows only
Hibernate: 
    select
        tc1_0.id 
    from
        test_courses tc1_0 
    where
        tc1_0.code=? 
    fetch
        first ? rows only
2026-09-04T19:51:24.805+06:00 DEBUG 18860 --- [campusconnect-backend] [  restartedMain] org.hibernate.SQL                        : 
    insert 
    into
        test_courses
        (academic_degree, code, credits, department, description, name, prerequisites, school, id) 
    values
        (?, ?, ?, ?, ?, ?, ?, ?, default)
Hibernate: 
    insert 
    into
        test_courses
        (academic_degree, code, credits, department, description, name, prerequisites, school, id) 
    values
        (?, ?, ?, ?, ?, ?, ?, ?, default)
2026-09-04T19:51:24.806+06:00  INFO 18860 --- [campusconnect-backend] [  restartedMain] c.c.b.service.TestCourseDataSeeder       : [TestCourseDataSeeder] Saved TestCourse: CSE370T - Database Systems (Test)
2026-09-04T19:51:24.807+06:00 DEBUG 18860 --- [campusconnect-backend] [  restartedMain] org.hibernate.SQL                        : 
    select
        tc1_0.id 
    from
        test_courses tc1_0 
    where
        tc1_0.code=? 
    fetch
        first ? rows only
Hibernate: 
    select
        tc1_0.id 
    from
        test_courses tc1_0 
    where
        tc1_0.code=? 
    fetch
        first ? rows only
2026-09-04T19:51:24.808+06:00 DEBUG 18860 --- [campusconnect-backend] [  restartedMain] org.hibernate.SQL                        : 
    insert 
    into
        test_courses
        (academic_degree, code, credits, department, description, name, prerequisites, school, id) 
    values
        (?, ?, ?, ?, ?, ?, ?, ?, default)
Hibernate: 
    insert 
    into
        test_courses
        (academic_degree, code, credits, department, description, name, prerequisites, school, id) 
    values
        (?, ?, ?, ?, ?, ?, ?, ?, default)
2026-09-04T19:51:24.808+06:00  INFO 18860 --- [campusconnect-backend] [  restartedMain] c.c.b.service.TestCourseDataSeeder       : [TestCourseDataSeeder] Saved TestCourse: CSE420T - Compiler Design (Test)
2026-09-04T19:51:24.810+06:00 DEBUG 18860 --- [campusconnect-backend] [  restartedMain] org.hibernate.SQL                        : 
    select
        tc1_0.id 
    from
        test_courses tc1_0 
    where
        tc1_0.code=? 
    fetch
        first ? rows only
Hibernate: 
    select
        tc1_0.id 
    from
        test_courses tc1_0 
    where
        tc1_0.code=? 
    fetch
        first ? rows only
2026-09-04T19:51:24.811+06:00 DEBUG 18860 --- [campusconnect-backend] [  restartedMain] org.hibernate.SQL                        : 
    insert 
    into
        test_courses
        (academic_degree, code, credits, department, description, name, prerequisites, school, id) 
    values
        (?, ?, ?, ?, ?, ?, ?, ?, default)
Hibernate: 
    insert 
    into
        test_courses
        (academic_degree, code, credits, department, description, name, prerequisites, school, id) 
    values
        (?, ?, ?, ?, ?, ?, ?, ?, default)
2026-09-04T19:51:24.811+06:00  INFO 18860 --- [campusconnect-backend] [  restartedMain] c.c.b.service.TestCourseDataSeeder       : [TestCourseDataSeeder] Saved TestCourse: CSE421T - Computer Networks (Test)
2026-09-04T19:51:24.812+06:00 DEBUG 18860 --- [campusconnect-backend] [  restartedMain] org.hibernate.SQL                        : 
    select
        tc1_0.id 
    from
        test_courses tc1_0 
    where
        tc1_0.code=? 
    fetch
        first ? rows only
Hibernate: 
    select
        tc1_0.id 
    from
        test_courses tc1_0 
    where
        tc1_0.code=? 
    fetch
        first ? rows only
2026-09-04T19:51:24.812+06:00 DEBUG 18860 --- [campusconnect-backend] [  restartedMain] org.hibernate.SQL                        : 
    insert 
    into
        test_courses
        (academic_degree, code, credits, department, description, name, prerequisites, school, id) 
    values
        (?, ?, ?, ?, ?, ?, ?, ?, default)
Hibernate: 
    insert 
    into
        test_courses
        (academic_degree, code, credits, department, description, name, prerequisites, school, id) 
    values
        (?, ?, ?, ?, ?, ?, ?, ?, default)
2026-09-04T19:51:24.813+06:00  INFO 18860 --- [campusconnect-backend] [  restartedMain] c.c.b.service.TestCourseDataSeeder       : [TestCourseDataSeeder] Saved TestCourse: CSE422T - Artificial Intelligence (Test)
2026-09-04T19:51:24.813+06:00 DEBUG 18860 --- [campusconnect-backend] [  restartedMain] org.hibernate.SQL                        : 
    select
        tc1_0.id 
    from
        test_courses tc1_0 
    where
        tc1_0.code=? 
    fetch
        first ? rows only
Hibernate: 
    select
        tc1_0.id 
    from
        test_courses tc1_0 
    where
        tc1_0.code=? 
    fetch
        first ? rows only
2026-09-04T19:51:24.814+06:00 DEBUG 18860 --- [campusconnect-backend] [  restartedMain] org.hibernate.SQL                        : 
    insert 
    into
        test_courses
        (academic_degree, code, credits, department, description, name, prerequisites, school, id) 
    values
        (?, ?, ?, ?, ?, ?, ?, ?, default)
Hibernate: 
    insert 
    into
        test_courses
        (academic_degree, code, credits, department, description, name, prerequisites, school, id) 
    values
        (?, ?, ?, ?, ?, ?, ?, ?, default)
2026-09-04T19:51:24.814+06:00  INFO 18860 --- [campusconnect-backend] [  restartedMain] c.c.b.service.TestCourseDataSeeder       : [TestCourseDataSeeder] Saved TestCourse: EEE201T - Electrical Circuits I (Test)
2026-09-04T19:51:24.815+06:00 DEBUG 18860 --- [campusconnect-backend] [  restartedMain] org.hibernate.SQL                        : 
    select
        tc1_0.id 
    from
        test_courses tc1_0 
    where
        tc1_0.code=? 
    fetch
        first ? rows only
Hibernate: 
    select
        tc1_0.id 
    from
        test_courses tc1_0 
    where
        tc1_0.code=? 
    fetch
        first ? rows only
2026-09-04T19:51:24.815+06:00 DEBUG 18860 --- [campusconnect-backend] [  restartedMain] org.hibernate.SQL                        : 
    insert 
    into
        test_courses
        (academic_degree, code, credits, department, description, name, prerequisites, school, id) 
    values
        (?, ?, ?, ?, ?, ?, ?, ?, default)
Hibernate: 
    insert 
    into
        test_courses
        (academic_degree, code, credits, department, description, name, prerequisites, school, id) 
    values
        (?, ?, ?, ?, ?, ?, ?, ?, default)
2026-09-04T19:51:24.815+06:00  INFO 18860 --- [campusconnect-backend] [  restartedMain] c.c.b.service.TestCourseDataSeeder       : [TestCourseDataSeeder] Saved TestCourse: EEE203T - Electrical Circuits II (Test)
2026-09-04T19:51:24.817+06:00 DEBUG 18860 --- [campusconnect-backend] [  restartedMain] org.hibernate.SQL                        : 
    select
        tc1_0.id 
    from
        test_courses tc1_0 
    where
        tc1_0.code=? 
    fetch
        first ? rows only
Hibernate: 
    select
        tc1_0.id 
    from
        test_courses tc1_0 
    where
        tc1_0.code=? 
    fetch
        first ? rows only
2026-09-04T19:51:24.817+06:00 DEBUG 18860 --- [campusconnect-backend] [  restartedMain] org.hibernate.SQL                        : 
    insert 
    into
        test_courses
        (academic_degree, code, credits, department, description, name, prerequisites, school, id) 
    values
        (?, ?, ?, ?, ?, ?, ?, ?, default)
Hibernate: 
    insert 
    into
        test_courses
        (academic_degree, code, credits, department, description, name, prerequisites, school, id) 
    values
        (?, ?, ?, ?, ?, ?, ?, ?, default)
2026-09-04T19:51:24.817+06:00  INFO 18860 --- [campusconnect-backend] [  restartedMain] c.c.b.service.TestCourseDataSeeder       : [TestCourseDataSeeder] Saved TestCourse: EEE205T - Electronic Devices (Test)
2026-09-04T19:51:24.818+06:00 DEBUG 18860 --- [campusconnect-backend] [  restartedMain] org.hibernate.SQL                        : 
    select
        tc1_0.id 
    from
        test_courses tc1_0 
    where
        tc1_0.code=? 
    fetch
        first ? rows only
Hibernate: 
    select
        tc1_0.id 
    from
        test_courses tc1_0 
    where
        tc1_0.code=? 
    fetch
        first ? rows only
2026-09-04T19:51:24.818+06:00 DEBUG 18860 --- [campusconnect-backend] [  restartedMain] org.hibernate.SQL                        : 
    insert 
    into
        test_courses
        (academic_degree, code, credits, department, description, name, prerequisites, school, id) 
    values
        (?, ?, ?, ?, ?, ?, ?, ?, default)
Hibernate: 
    insert 
    into
        test_courses
        (academic_degree, code, credits, department, description, name, prerequisites, school, id) 
    values
        (?, ?, ?, ?, ?, ?, ?, ?, default)
2026-09-04T19:51:24.819+06:00  INFO 18860 --- [campusconnect-backend] [  restartedMain] c.c.b.service.TestCourseDataSeeder       : [TestCourseDataSeeder] Saved TestCourse: MAT110T - Differential Calculus & Coordinate Geometry (Test)
2026-09-04T19:51:24.819+06:00 DEBUG 18860 --- [campusconnect-backend] [  restartedMain] org.hibernate.SQL                        : 
    select
        tc1_0.id 
    from
        test_courses tc1_0 
    where
        tc1_0.code=? 
    fetch
        first ? rows only
Hibernate: 
    select
        tc1_0.id 
    from
        test_courses tc1_0 
    where
        tc1_0.code=? 
    fetch
        first ? rows only
2026-09-04T19:51:24.819+06:00 DEBUG 18860 --- [campusconnect-backend] [  restartedMain] org.hibernate.SQL                        : 
    insert 
    into
        test_courses
        (academic_degree, code, credits, department, description, name, prerequisites, school, id) 
    values
        (?, ?, ?, ?, ?, ?, ?, ?, default)
Hibernate: 
    insert 
    into
        test_courses
        (academic_degree, code, credits, department, description, name, prerequisites, school, id) 
    values
        (?, ?, ?, ?, ?, ?, ?, ?, default)
2026-09-04T19:51:24.820+06:00  INFO 18860 --- [campusconnect-backend] [  restartedMain] c.c.b.service.TestCourseDataSeeder       : [TestCourseDataSeeder] Saved TestCourse: MAT120T - Integral Calculus & Differential Equations (Test)
2026-09-04T19:51:24.821+06:00 DEBUG 18860 --- [campusconnect-backend] [  restartedMain] org.hibernate.SQL                        : 
    select
        tc1_0.id 
    from
        test_courses tc1_0 
    where
        tc1_0.code=? 
    fetch
        first ? rows only
Hibernate: 
    select
        tc1_0.id 
    from
        test_courses tc1_0 
    where
        tc1_0.code=? 
    fetch
        first ? rows only
2026-09-04T19:51:24.822+06:00 DEBUG 18860 --- [campusconnect-backend] [  restartedMain] org.hibernate.SQL                        : 
    insert 
    into
        test_courses
        (academic_degree, code, credits, department, description, name, prerequisites, school, id) 
    values
        (?, ?, ?, ?, ?, ?, ?, ?, default)
Hibernate: 
    insert 
    into
        test_courses
        (academic_degree, code, credits, department, description, name, prerequisites, school, id) 
    values
        (?, ?, ?, ?, ?, ?, ?, ?, default)
2026-09-04T19:51:24.823+06:00  INFO 18860 --- [campusconnect-backend] [  restartedMain] c.c.b.service.TestCourseDataSeeder       : [TestCourseDataSeeder] Saved TestCourse: MAT215T - Linear Algebra & Complex Variables (Test)
2026-09-04T19:51:24.824+06:00 DEBUG 18860 --- [campusconnect-backend] [  restartedMain] org.hibernate.SQL                        : 
    select
        tc1_0.id 
    from
        test_courses tc1_0 
    where
        tc1_0.code=? 
    fetch
        first ? rows only
Hibernate: 
    select
        tc1_0.id 
    from
        test_courses tc1_0 
    where
        tc1_0.code=? 
    fetch
        first ? rows only
2026-09-04T19:51:24.824+06:00 DEBUG 18860 --- [campusconnect-backend] [  restartedMain] org.hibernate.SQL                        : 
    insert 
    into
        test_courses
        (academic_degree, code, credits, department, description, name, prerequisites, school, id) 
    values
        (?, ?, ?, ?, ?, ?, ?, ?, default)
Hibernate: 
    insert 
    into
        test_courses
        (academic_degree, code, credits, department, description, name, prerequisites, school, id) 
    values
        (?, ?, ?, ?, ?, ?, ?, ?, default)
2026-09-04T19:51:24.825+06:00  INFO 18860 --- [campusconnect-backend] [  restartedMain] c.c.b.service.TestCourseDataSeeder       : [TestCourseDataSeeder] Saved TestCourse: STA201T - Elements of Statistics & Probability (Test)
2026-09-04T19:51:24.825+06:00 DEBUG 18860 --- [campusconnect-backend] [  restartedMain] org.hibernate.SQL                        : 
    select
        tc1_0.id 
    from
        test_courses tc1_0 
    where
        tc1_0.code=? 
    fetch
        first ? rows only
Hibernate: 
    select
        tc1_0.id 
    from
        test_courses tc1_0 
    where
        tc1_0.code=? 
    fetch
        first ? rows only
2026-09-04T19:51:24.826+06:00 DEBUG 18860 --- [campusconnect-backend] [  restartedMain] org.hibernate.SQL                        : 
    insert 
    into
        test_courses
        (academic_degree, code, credits, department, description, name, prerequisites, school, id) 
    values
        (?, ?, ?, ?, ?, ?, ?, ?, default)
Hibernate: 
    insert 
    into
        test_courses
        (academic_degree, code, credits, department, description, name, prerequisites, school, id) 
    values
        (?, ?, ?, ?, ?, ?, ?, ?, default)
2026-09-04T19:51:24.826+06:00  INFO 18860 --- [campusconnect-backend] [  restartedMain] c.c.b.service.TestCourseDataSeeder       : [TestCourseDataSeeder] Saved TestCourse: PHY111T - Principles of Physics I (Test)
2026-09-04T19:51:24.827+06:00 DEBUG 18860 --- [campusconnect-backend] [  restartedMain] org.hibernate.SQL                        : 
    select
        tc1_0.id 
    from
        test_courses tc1_0 
    where
        tc1_0.code=? 
    fetch
        first ? rows only
Hibernate: 
    select
        tc1_0.id 
    from
        test_courses tc1_0 
    where
        tc1_0.code=? 
    fetch
        first ? rows only
2026-09-04T19:51:24.827+06:00 DEBUG 18860 --- [campusconnect-backend] [  restartedMain] org.hibernate.SQL                        : 
    insert 
    into
        test_courses
        (academic_degree, code, credits, department, description, name, prerequisites, school, id) 
    values
        (?, ?, ?, ?, ?, ?, ?, ?, default)
Hibernate: 
    insert 
    into
        test_courses
        (academic_degree, code, credits, department, description, name, prerequisites, school, id) 
    values
        (?, ?, ?, ?, ?, ?, ?, ?, default)
2026-09-04T19:51:24.828+06:00  INFO 18860 --- [campusconnect-backend] [  restartedMain] c.c.b.service.TestCourseDataSeeder       : [TestCourseDataSeeder] Saved TestCourse: BUS101T - Introduction to Business (Test)
2026-09-04T19:51:24.828+06:00 DEBUG 18860 --- [campusconnect-backend] [  restartedMain] org.hibernate.SQL                        : 
    select
        tc1_0.id 
    from
        test_courses tc1_0 
    where
        tc1_0.code=? 
    fetch
        first ? rows only
Hibernate: 
    select
        tc1_0.id 
    from
        test_courses tc1_0 
    where
        tc1_0.code=? 
    fetch
        first ? rows only
2026-09-04T19:51:24.829+06:00 DEBUG 18860 --- [campusconnect-backend] [  restartedMain] org.hibernate.SQL                        : 
    insert 
    into
        test_courses
        (academic_degree, code, credits, department, description, name, prerequisites, school, id) 
    values
        (?, ?, ?, ?, ?, ?, ?, ?, default)
Hibernate: 
    insert 
    into
        test_courses
        (academic_degree, code, credits, department, description, name, prerequisites, school, id) 
    values
        (?, ?, ?, ?, ?, ?, ?, ?, default)
2026-09-04T19:51:24.829+06:00  INFO 18860 --- [campusconnect-backend] [  restartedMain] c.c.b.service.TestCourseDataSeeder       : [TestCourseDataSeeder] Saved TestCourse: ACT201T - Financial Accounting (Test)
2026-09-04T19:51:24.829+06:00 DEBUG 18860 --- [campusconnect-backend] [  restartedMain] org.hibernate.SQL                        : 
    select
        tc1_0.id 
    from
        test_courses tc1_0 
    where
        tc1_0.code=? 
    fetch
        first ? rows only
Hibernate: 
    select
        tc1_0.id 
    from
        test_courses tc1_0 
    where
        tc1_0.code=? 
    fetch
        first ? rows only
2026-09-04T19:51:24.830+06:00 DEBUG 18860 --- [campusconnect-backend] [  restartedMain] org.hibernate.SQL                        : 
    insert 
    into
        test_courses
        (academic_degree, code, credits, department, description, name, prerequisites, school, id) 
    values
        (?, ?, ?, ?, ?, ?, ?, ?, default)
Hibernate: 
    insert 
    into
        test_courses
        (academic_degree, code, credits, department, description, name, prerequisites, school, id) 
    values
        (?, ?, ?, ?, ?, ?, ?, ?, default)
2026-09-04T19:51:24.830+06:00  INFO 18860 --- [campusconnect-backend] [  restartedMain] c.c.b.service.TestCourseDataSeeder       : [TestCourseDataSeeder] Saved TestCourse: MKT201T - Principles of Marketing (Test)
2026-09-04T19:51:24.831+06:00 DEBUG 18860 --- [campusconnect-backend] [  restartedMain] org.hibernate.SQL                        : 
    select
        tc1_0.id 
    from
        test_courses tc1_0 
    where
        tc1_0.code=? 
    fetch
        first ? rows only
Hibernate: 
    select
        tc1_0.id 
    from
        test_courses tc1_0 
    where
        tc1_0.code=? 
    fetch
        first ? rows only
2026-09-04T19:51:24.831+06:00 DEBUG 18860 --- [campusconnect-backend] [  restartedMain] org.hibernate.SQL                        : 
    insert 
    into
        test_courses
        (academic_degree, code, credits, department, description, name, prerequisites, school, id) 
    values
        (?, ?, ?, ?, ?, ?, ?, ?, default)
Hibernate: 
    insert 
    into
        test_courses
        (academic_degree, code, credits, department, description, name, prerequisites, school, id) 
    values
        (?, ?, ?, ?, ?, ?, ?, ?, default)
2026-09-04T19:51:24.832+06:00  INFO 18860 --- [campusconnect-backend] [  restartedMain] c.c.b.service.TestCourseDataSeeder       : [TestCourseDataSeeder] Saved TestCourse: ENG101T - English Fundamentals (Test)
2026-09-04T19:51:24.832+06:00 DEBUG 18860 --- [campusconnect-backend] [  restartedMain] org.hibernate.SQL                        : 
    select
        tc1_0.id 
    from
        test_courses tc1_0 
    where
        tc1_0.code=? 
    fetch
        first ? rows only
Hibernate: 
    select
        tc1_0.id 
    from
        test_courses tc1_0 
    where
        tc1_0.code=? 
    fetch
        first ? rows only
2026-09-04T19:51:24.833+06:00 DEBUG 18860 --- [campusconnect-backend] [  restartedMain] org.hibernate.SQL                        : 
    insert 
    into
        test_courses
        (academic_degree, code, credits, department, description, name, prerequisites, school, id) 
    values
        (?, ?, ?, ?, ?, ?, ?, ?, default)
Hibernate: 
    insert 
    into
        test_courses
        (academic_degree, code, credits, department, description, name, prerequisites, school, id) 
    values
        (?, ?, ?, ?, ?, ?, ?, ?, default)
2026-09-04T19:51:24.833+06:00  INFO 18860 --- [campusconnect-backend] [  restartedMain] c.c.b.service.TestCourseDataSeeder       : [TestCourseDataSeeder] Saved TestCourse: PHB101T - Inorganic Pharmacy (Test)
2026-09-04T19:51:24.834+06:00 DEBUG 18860 --- [campusconnect-backend] [  restartedMain] org.hibernate.SQL                        : 
    select
        count(*) 
    from
        test_sections ts1_0
Hibernate: 
    select
        count(*) 
    from
        test_sections ts1_0
2026-09-04T19:51:24.840+06:00 DEBUG 18860 --- [campusconnect-backend] [  restartedMain] org.hibernate.SQL                        : 
    select
        tc1_0.id,
        tc1_0.academic_degree,
        tc1_0.code,
        tc1_0.credits,
        tc1_0.department,
        tc1_0.description,
        tc1_0.name,
        tc1_0.prerequisites,
        tc1_0.school 
    from
        test_courses tc1_0
Hibernate: 
    select
        tc1_0.id,
        tc1_0.academic_degree,
        tc1_0.code,
        tc1_0.credits,
        tc1_0.department,
        tc1_0.description,
        tc1_0.name,
        tc1_0.prerequisites,
        tc1_0.school 
    from
        test_courses tc1_0
2026-09-04T19:51:24.844+06:00 DEBUG 18860 --- [campusconnect-backend] [  restartedMain] org.hibernate.SQL                        : 
    select
        tf1_0.id,
        tf1_0.created_at,
        tf1_0.department,
        tf1_0.designation,
        tf1_0.email,
        tf1_0.faculty_id,
        tf1_0.is_advisor,
        tf1_0.name,
        tf1_0.office_room,
        tf1_0.user_id 
    from
        test_faculties tf1_0
Hibernate: 
    select
        tf1_0.id,
        tf1_0.created_at,
        tf1_0.department,
        tf1_0.designation,
        tf1_0.email,
        tf1_0.faculty_id,
        tf1_0.is_advisor,
        tf1_0.name,
        tf1_0.office_room,
        tf1_0.user_id 
    from
        test_faculties tf1_0
2026-09-04T19:51:24.857+06:00 DEBUG 18860 --- [campusconnect-backend] [  restartedMain] org.hibernate.SQL                        : 
    insert 
    into
        test_sections
        (booked_seats, course_id, faculty_id, room, schedule_time, section_id, section_number, term, total_seats, id) 
    values
        (?, ?, ?, ?, ?, ?, ?, ?, ?, default)
Hibernate: 
    insert 
    into
        test_sections
        (booked_seats, course_id, faculty_id, room, schedule_time, section_id, section_number, term, total_seats, id) 
    values
        (?, ?, ?, ?, ?, ?, ?, ?, ?, default)
2026-09-04T19:51:24.859+06:00 DEBUG 18860 --- [campusconnect-backend] [  restartedMain] org.hibernate.SQL                        : 
    insert 
    into
        test_sections
        (booked_seats, course_id, faculty_id, room, schedule_time, section_id, section_number, term, total_seats, id) 
    values
        (?, ?, ?, ?, ?, ?, ?, ?, ?, default)
Hibernate: 
    insert 
    into
        test_sections
        (booked_seats, course_id, faculty_id, room, schedule_time, section_id, section_number, term, total_seats, id) 
    values
        (?, ?, ?, ?, ?, ?, ?, ?, ?, default)
2026-09-04T19:51:24.859+06:00 DEBUG 18860 --- [campusconnect-backend] [  restartedMain] org.hibernate.SQL                        : 
    insert 
    into
        test_sections
        (booked_seats, course_id, faculty_id, room, schedule_time, section_id, section_number, term, total_seats, id) 
    values
        (?, ?, ?, ?, ?, ?, ?, ?, ?, default)
Hibernate: 
    insert 
    into
        test_sections
        (booked_seats, course_id, faculty_id, room, schedule_time, section_id, section_number, term, total_seats, id) 
    values
        (?, ?, ?, ?, ?, ?, ?, ?, ?, default)
2026-09-04T19:51:24.860+06:00 DEBUG 18860 --- [campusconnect-backend] [  restartedMain] org.hibernate.SQL                        : 
    insert 
    into
        test_sections
        (booked_seats, course_id, faculty_id, room, schedule_time, section_id, section_number, term, total_seats, id) 
    values
        (?, ?, ?, ?, ?, ?, ?, ?, ?, default)
Hibernate: 
    insert 
    into
        test_sections
        (booked_seats, course_id, faculty_id, room, schedule_time, section_id, section_number, term, total_seats, id) 
    values
        (?, ?, ?, ?, ?, ?, ?, ?, ?, default)
2026-09-04T19:51:24.860+06:00 DEBUG 18860 --- [campusconnect-backend] [  restartedMain] org.hibernate.SQL                        : 
    insert 
    into
        test_sections
        (booked_seats, course_id, faculty_id, room, schedule_time, section_id, section_number, term, total_seats, id) 
    values
        (?, ?, ?, ?, ?, ?, ?, ?, ?, default)
Hibernate: 
    insert 
    into
        test_sections
        (booked_seats, course_id, faculty_id, room, schedule_time, section_id, section_number, term, total_seats, id) 
    values
        (?, ?, ?, ?, ?, ?, ?, ?, ?, default)
2026-09-04T19:51:24.861+06:00 DEBUG 18860 --- [campusconnect-backend] [  restartedMain] org.hibernate.SQL                        : 
    insert 
    into
        test_sections
        (booked_seats, course_id, faculty_id, room, schedule_time, section_id, section_number, term, total_seats, id) 
    values
        (?, ?, ?, ?, ?, ?, ?, ?, ?, default)
Hibernate: 
    insert 
    into
        test_sections
        (booked_seats, course_id, faculty_id, room, schedule_time, section_id, section_number, term, total_seats, id) 
    values
        (?, ?, ?, ?, ?, ?, ?, ?, ?, default)
2026-09-04T19:51:24.862+06:00 DEBUG 18860 --- [campusconnect-backend] [  restartedMain] org.hibernate.SQL                        : 
    insert 
    into
        test_sections
        (booked_seats, course_id, faculty_id, room, schedule_time, section_id, section_number, term, total_seats, id) 
    values
        (?, ?, ?, ?, ?, ?, ?, ?, ?, default)
Hibernate: 
    insert 
    into
        test_sections
        (booked_seats, course_id, faculty_id, room, schedule_time, section_id, section_number, term, total_seats, id) 
    values
        (?, ?, ?, ?, ?, ?, ?, ?, ?, default)
2026-09-04T19:51:24.862+06:00 DEBUG 18860 --- [campusconnect-backend] [  restartedMain] org.hibernate.SQL                        : 
    insert 
    into
        test_sections
        (booked_seats, course_id, faculty_id, room, schedule_time, section_id, section_number, term, total_seats, id) 
    values
        (?, ?, ?, ?, ?, ?, ?, ?, ?, default)
Hibernate: 
    insert 
    into
        test_sections
        (booked_seats, course_id, faculty_id, room, schedule_time, section_id, section_number, term, total_seats, id) 
    values
        (?, ?, ?, ?, ?, ?, ?, ?, ?, default)
2026-09-04T19:51:24.863+06:00 DEBUG 18860 --- [campusconnect-backend] [  restartedMain] org.hibernate.SQL                        : 
    insert 
    into
        test_sections
        (booked_seats, course_id, faculty_id, room, schedule_time, section_id, section_number, term, total_seats, id) 
    values
        (?, ?, ?, ?, ?, ?, ?, ?, ?, default)
Hibernate: 
    insert 
    into
        test_sections
        (booked_seats, course_id, faculty_id, room, schedule_time, section_id, section_number, term, total_seats, id) 
    values
        (?, ?, ?, ?, ?, ?, ?, ?, ?, default)
2026-09-04T19:51:24.863+06:00 DEBUG 18860 --- [campusconnect-backend] [  restartedMain] org.hibernate.SQL                        : 
    insert 
    into
        test_sections
        (booked_seats, course_id, faculty_id, room, schedule_time, section_id, section_number, term, total_seats, id) 
    values
        (?, ?, ?, ?, ?, ?, ?, ?, ?, default)
Hibernate: 
    insert 
    into
        test_sections
        (booked_seats, course_id, faculty_id, room, schedule_time, section_id, section_number, term, total_seats, id) 
    values
        (?, ?, ?, ?, ?, ?, ?, ?, ?, default)
2026-09-04T19:51:24.864+06:00 DEBUG 18860 --- [campusconnect-backend] [  restartedMain] org.hibernate.SQL                        : 
    insert 
    into
        test_sections
        (booked_seats, course_id, faculty_id, room, schedule_time, section_id, section_number, term, total_seats, id) 
    values
        (?, ?, ?, ?, ?, ?, ?, ?, ?, default)
Hibernate: 
    insert 
    into
        test_sections
        (booked_seats, course_id, faculty_id, room, schedule_time, section_id, section_number, term, total_seats, id) 
    values
        (?, ?, ?, ?, ?, ?, ?, ?, ?, default)
2026-09-04T19:51:24.864+06:00 DEBUG 18860 --- [campusconnect-backend] [  restartedMain] org.hibernate.SQL                        : 
    insert 
    into
        test_sections
        (booked_seats, course_id, faculty_id, room, schedule_time, section_id, section_number, term, total_seats, id) 
    values
        (?, ?, ?, ?, ?, ?, ?, ?, ?, default)
Hibernate: 
    insert 
    into
        test_sections
        (booked_seats, course_id, faculty_id, room, schedule_time, section_id, section_number, term, total_seats, id) 
    values
        (?, ?, ?, ?, ?, ?, ?, ?, ?, default)
2026-09-04T19:51:24.864+06:00 DEBUG 18860 --- [campusconnect-backend] [  restartedMain] org.hibernate.SQL                        : 
    insert 
    into
        test_sections
        (booked_seats, course_id, faculty_id, room, schedule_time, section_id, section_number, term, total_seats, id) 
    values
        (?, ?, ?, ?, ?, ?, ?, ?, ?, default)
Hibernate: 
    insert 
    into
        test_sections
        (booked_seats, course_id, faculty_id, room, schedule_time, section_id, section_number, term, total_seats, id) 
    values
        (?, ?, ?, ?, ?, ?, ?, ?, ?, default)
2026-09-04T19:51:24.865+06:00 DEBUG 18860 --- [campusconnect-backend] [  restartedMain] org.hibernate.SQL                        : 
    insert 
    into
        test_sections
        (booked_seats, course_id, faculty_id, room, schedule_time, section_id, section_number, term, total_seats, id) 
    values
        (?, ?, ?, ?, ?, ?, ?, ?, ?, default)
Hibernate: 
    insert 
    into
        test_sections
        (booked_seats, course_id, faculty_id, room, schedule_time, section_id, section_number, term, total_seats, id) 
    values
        (?, ?, ?, ?, ?, ?, ?, ?, ?, default)
2026-09-04T19:51:24.865+06:00 DEBUG 18860 --- [campusconnect-backend] [  restartedMain] org.hibernate.SQL                        : 
    insert 
    into
        test_sections
        (booked_seats, course_id, faculty_id, room, schedule_time, section_id, section_number, term, total_seats, id) 
    values
        (?, ?, ?, ?, ?, ?, ?, ?, ?, default)
Hibernate: 
    insert 
    into
        test_sections
        (booked_seats, course_id, faculty_id, room, schedule_time, section_id, section_number, term, total_seats, id) 
    values
        (?, ?, ?, ?, ?, ?, ?, ?, ?, default)
2026-09-04T19:51:24.865+06:00 DEBUG 18860 --- [campusconnect-backend] [  restartedMain] org.hibernate.SQL                        : 
    insert 
    into
        test_sections
        (booked_seats, course_id, faculty_id, room, schedule_time, section_id, section_number, term, total_seats, id) 
    values
        (?, ?, ?, ?, ?, ?, ?, ?, ?, default)
Hibernate: 
    insert 
    into
        test_sections
        (booked_seats, course_id, faculty_id, room, schedule_time, section_id, section_number, term, total_seats, id) 
    values
        (?, ?, ?, ?, ?, ?, ?, ?, ?, default)
2026-09-04T19:51:24.867+06:00 DEBUG 18860 --- [campusconnect-backend] [  restartedMain] org.hibernate.SQL                        : 
    insert 
    into
        test_sections
        (booked_seats, course_id, faculty_id, room, schedule_time, section_id, section_number, term, total_seats, id) 
    values
        (?, ?, ?, ?, ?, ?, ?, ?, ?, default)
Hibernate: 
    insert 
    into
        test_sections
        (booked_seats, course_id, faculty_id, room, schedule_time, section_id, section_number, term, total_seats, id) 
    values
        (?, ?, ?, ?, ?, ?, ?, ?, ?, default)
2026-09-04T19:51:24.867+06:00 DEBUG 18860 --- [campusconnect-backend] [  restartedMain] org.hibernate.SQL                        : 
    insert 
    into
        test_sections
        (booked_seats, course_id, faculty_id, room, schedule_time, section_id, section_number, term, total_seats, id) 
    values
        (?, ?, ?, ?, ?, ?, ?, ?, ?, default)
Hibernate: 
    insert 
    into
        test_sections
        (booked_seats, course_id, faculty_id, room, schedule_time, section_id, section_number, term, total_seats, id) 
    values
        (?, ?, ?, ?, ?, ?, ?, ?, ?, default)
2026-09-04T19:51:24.867+06:00 DEBUG 18860 --- [campusconnect-backend] [  restartedMain] org.hibernate.SQL                        : 
    insert 
    into
        test_sections
        (booked_seats, course_id, faculty_id, room, schedule_time, section_id, section_number, term, total_seats, id) 
    values
        (?, ?, ?, ?, ?, ?, ?, ?, ?, default)
Hibernate: 
    insert 
    into
        test_sections
        (booked_seats, course_id, faculty_id, room, schedule_time, section_id, section_number, term, total_seats, id) 
    values
        (?, ?, ?, ?, ?, ?, ?, ?, ?, default)
2026-09-04T19:51:24.868+06:00 DEBUG 18860 --- [campusconnect-backend] [  restartedMain] org.hibernate.SQL                        : 
    insert 
    into
        test_sections
        (booked_seats, course_id, faculty_id, room, schedule_time, section_id, section_number, term, total_seats, id) 
    values
        (?, ?, ?, ?, ?, ?, ?, ?, ?, default)
Hibernate: 
    insert 
    into
        test_sections
        (booked_seats, course_id, faculty_id, room, schedule_time, section_id, section_number, term, total_seats, id) 
    values
        (?, ?, ?, ?, ?, ?, ?, ?, ?, default)
2026-09-04T19:51:24.868+06:00 DEBUG 18860 --- [campusconnect-backend] [  restartedMain] org.hibernate.SQL                        : 
    insert 
    into
        test_sections
        (booked_seats, course_id, faculty_id, room, schedule_time, section_id, section_number, term, total_seats, id) 
    values
        (?, ?, ?, ?, ?, ?, ?, ?, ?, default)
Hibernate: 
    insert 
    into
        test_sections
        (booked_seats, course_id, faculty_id, room, schedule_time, section_id, section_number, term, total_seats, id) 
    values
        (?, ?, ?, ?, ?, ?, ?, ?, ?, default)
2026-09-04T19:51:24.868+06:00 DEBUG 18860 --- [campusconnect-backend] [  restartedMain] org.hibernate.SQL                        : 
    insert 
    into
        test_sections
        (booked_seats, course_id, faculty_id, room, schedule_time, section_id, section_number, term, total_seats, id) 
    values
        (?, ?, ?, ?, ?, ?, ?, ?, ?, default)
Hibernate: 
    insert 
    into
        test_sections
        (booked_seats, course_id, faculty_id, room, schedule_time, section_id, section_number, term, total_seats, id) 
    values
        (?, ?, ?, ?, ?, ?, ?, ?, ?, default)
2026-09-04T19:51:24.869+06:00 DEBUG 18860 --- [campusconnect-backend] [  restartedMain] org.hibernate.SQL                        : 
    insert 
    into
        test_sections
        (booked_seats, course_id, faculty_id, room, schedule_time, section_id, section_number, term, total_seats, id) 
    values
        (?, ?, ?, ?, ?, ?, ?, ?, ?, default)
Hibernate: 
    insert 
    into
        test_sections
        (booked_seats, course_id, faculty_id, room, schedule_time, section_id, section_number, term, total_seats, id) 
    values
        (?, ?, ?, ?, ?, ?, ?, ?, ?, default)
2026-09-04T19:51:24.869+06:00 DEBUG 18860 --- [campusconnect-backend] [  restartedMain] org.hibernate.SQL                        : 
    insert 
    into
        test_sections
        (booked_seats, course_id, faculty_id, room, schedule_time, section_id, section_number, term, total_seats, id) 
    values
        (?, ?, ?, ?, ?, ?, ?, ?, ?, default)
Hibernate: 
    insert 
    into
        test_sections
        (booked_seats, course_id, faculty_id, room, schedule_time, section_id, section_number, term, total_seats, id) 
    values
        (?, ?, ?, ?, ?, ?, ?, ?, ?, default)
2026-09-04T19:51:24.869+06:00 DEBUG 18860 --- [campusconnect-backend] [  restartedMain] org.hibernate.SQL                        : 
    insert 
    into
        test_sections
        (booked_seats, course_id, faculty_id, room, schedule_time, section_id, section_number, term, total_seats, id) 
    values
        (?, ?, ?, ?, ?, ?, ?, ?, ?, default)
Hibernate: 
    insert 
    into
        test_sections
        (booked_seats, course_id, faculty_id, room, schedule_time, section_id, section_number, term, total_seats, id) 
    values
        (?, ?, ?, ?, ?, ?, ?, ?, ?, default)
2026-09-04T19:51:24.869+06:00 DEBUG 18860 --- [campusconnect-backend] [  restartedMain] org.hibernate.SQL                        : 
    insert 
    into
        test_sections
        (booked_seats, course_id, faculty_id, room, schedule_time, section_id, section_number, term, total_seats, id) 
    values
        (?, ?, ?, ?, ?, ?, ?, ?, ?, default)
Hibernate: 
    insert 
    into
        test_sections
        (booked_seats, course_id, faculty_id, room, schedule_time, section_id, section_number, term, total_seats, id) 
    values
        (?, ?, ?, ?, ?, ?, ?, ?, ?, default)
2026-09-04T19:51:24.870+06:00 DEBUG 18860 --- [campusconnect-backend] [  restartedMain] org.hibernate.SQL                        : 
    insert 
    into
        test_sections
        (booked_seats, course_id, faculty_id, room, schedule_time, section_id, section_number, term, total_seats, id) 
    values
        (?, ?, ?, ?, ?, ?, ?, ?, ?, default)
Hibernate: 
    insert 
    into
        test_sections
        (booked_seats, course_id, faculty_id, room, schedule_time, section_id, section_number, term, total_seats, id) 
    values
        (?, ?, ?, ?, ?, ?, ?, ?, ?, default)
2026-09-04T19:51:24.872+06:00 DEBUG 18860 --- [campusconnect-backend] [  restartedMain] org.hibernate.SQL                        : 
    insert 
    into
        test_sections
        (booked_seats, course_id, faculty_id, room, schedule_time, section_id, section_number, term, total_seats, id) 
    values
        (?, ?, ?, ?, ?, ?, ?, ?, ?, default)
Hibernate: 
    insert 
    into
        test_sections
        (booked_seats, course_id, faculty_id, room, schedule_time, section_id, section_number, term, total_seats, id) 
    values
        (?, ?, ?, ?, ?, ?, ?, ?, ?, default)
2026-09-04T19:51:24.873+06:00 DEBUG 18860 --- [campusconnect-backend] [  restartedMain] org.hibernate.SQL                        : 
    insert 
    into
        test_sections
        (booked_seats, course_id, faculty_id, room, schedule_time, section_id, section_number, term, total_seats, id) 
    values
        (?, ?, ?, ?, ?, ?, ?, ?, ?, default)
Hibernate: 
    insert 
    into
        test_sections
        (booked_seats, course_id, faculty_id, room, schedule_time, section_id, section_number, term, total_seats, id) 
    values
        (?, ?, ?, ?, ?, ?, ?, ?, ?, default)
2026-09-04T19:51:24.873+06:00 DEBUG 18860 --- [campusconnect-backend] [  restartedMain] org.hibernate.SQL                        : 
    insert 
    into
        test_sections
        (booked_seats, course_id, faculty_id, room, schedule_time, section_id, section_number, term, total_seats, id) 
    values
        (?, ?, ?, ?, ?, ?, ?, ?, ?, default)
Hibernate: 
    insert 
    into
        test_sections
        (booked_seats, course_id, faculty_id, room, schedule_time, section_id, section_number, term, total_seats, id) 
    values
        (?, ?, ?, ?, ?, ?, ?, ?, ?, default)
2026-09-04T19:51:24.874+06:00 DEBUG 18860 --- [campusconnect-backend] [  restartedMain] org.hibernate.SQL                        : 
    insert 
    into
        test_sections
        (booked_seats, course_id, faculty_id, room, schedule_time, section_id, section_number, term, total_seats, id) 
    values
        (?, ?, ?, ?, ?, ?, ?, ?, ?, default)
Hibernate: 
    insert 
    into
        test_sections
        (booked_seats, course_id, faculty_id, room, schedule_time, section_id, section_number, term, total_seats, id) 
    values
        (?, ?, ?, ?, ?, ?, ?, ?, ?, default)
2026-09-04T19:51:24.874+06:00 DEBUG 18860 --- [campusconnect-backend] [  restartedMain] org.hibernate.SQL                        : 
    insert 
    into
        test_sections
        (booked_seats, course_id, faculty_id, room, schedule_time, section_id, section_number, term, total_seats, id) 
    values
        (?, ?, ?, ?, ?, ?, ?, ?, ?, default)
Hibernate: 
    insert 
    into
        test_sections
        (booked_seats, course_id, faculty_id, room, schedule_time, section_id, section_number, term, total_seats, id) 
    values
        (?, ?, ?, ?, ?, ?, ?, ?, ?, default)
2026-09-04T19:51:24.874+06:00 DEBUG 18860 --- [campusconnect-backend] [  restartedMain] org.hibernate.SQL                        : 
    insert 
    into
        test_sections
        (booked_seats, course_id, faculty_id, room, schedule_time, section_id, section_number, term, total_seats, id) 
    values
        (?, ?, ?, ?, ?, ?, ?, ?, ?, default)
Hibernate: 
    insert 
    into
        test_sections
        (booked_seats, course_id, faculty_id, room, schedule_time, section_id, section_number, term, total_seats, id) 
    values
        (?, ?, ?, ?, ?, ?, ?, ?, ?, default)
2026-09-04T19:51:24.875+06:00 DEBUG 18860 --- [campusconnect-backend] [  restartedMain] org.hibernate.SQL                        : 
    insert 
    into
        test_sections
        (booked_seats, course_id, faculty_id, room, schedule_time, section_id, section_number, term, total_seats, id) 
    values
        (?, ?, ?, ?, ?, ?, ?, ?, ?, default)
Hibernate: 
    insert 
    into
        test_sections
        (booked_seats, course_id, faculty_id, room, schedule_time, section_id, section_number, term, total_seats, id) 
    values
        (?, ?, ?, ?, ?, ?, ?, ?, ?, default)
2026-09-04T19:51:24.875+06:00 DEBUG 18860 --- [campusconnect-backend] [  restartedMain] org.hibernate.SQL                        : 
    insert 
    into
        test_sections
        (booked_seats, course_id, faculty_id, room, schedule_time, section_id, section_number, term, total_seats, id) 
    values
        (?, ?, ?, ?, ?, ?, ?, ?, ?, default)
Hibernate: 
    insert 
    into
        test_sections
        (booked_seats, course_id, faculty_id, room, schedule_time, section_id, section_number, term, total_seats, id) 
    values
        (?, ?, ?, ?, ?, ?, ?, ?, ?, default)
2026-09-04T19:51:24.875+06:00 DEBUG 18860 --- [campusconnect-backend] [  restartedMain] org.hibernate.SQL                        : 
    insert 
    into
        test_sections
        (booked_seats, course_id, faculty_id, room, schedule_time, section_id, section_number, term, total_seats, id) 
    values
        (?, ?, ?, ?, ?, ?, ?, ?, ?, default)
Hibernate: 
    insert 
    into
        test_sections
        (booked_seats, course_id, faculty_id, room, schedule_time, section_id, section_number, term, total_seats, id) 
    values
        (?, ?, ?, ?, ?, ?, ?, ?, ?, default)
2026-09-04T19:51:24.875+06:00 DEBUG 18860 --- [campusconnect-backend] [  restartedMain] org.hibernate.SQL                        : 
    insert 
    into
        test_sections
        (booked_seats, course_id, faculty_id, room, schedule_time, section_id, section_number, term, total_seats, id) 
    values
        (?, ?, ?, ?, ?, ?, ?, ?, ?, default)
Hibernate: 
    insert 
    into
        test_sections
        (booked_seats, course_id, faculty_id, room, schedule_time, section_id, section_number, term, total_seats, id) 
    values
        (?, ?, ?, ?, ?, ?, ?, ?, ?, default)
2026-09-04T19:51:24.877+06:00 DEBUG 18860 --- [campusconnect-backend] [  restartedMain] org.hibernate.SQL                        : 
    insert 
    into
        test_sections
        (booked_seats, course_id, faculty_id, room, schedule_time, section_id, section_number, term, total_seats, id) 
    values
        (?, ?, ?, ?, ?, ?, ?, ?, ?, default)
Hibernate: 
    insert 
    into
        test_sections
        (booked_seats, course_id, faculty_id, room, schedule_time, section_id, section_number, term, total_seats, id) 
    values
        (?, ?, ?, ?, ?, ?, ?, ?, ?, default)
2026-09-04T19:51:24.877+06:00 DEBUG 18860 --- [campusconnect-backend] [  restartedMain] org.hibernate.SQL                        : 
    insert 
    into
        test_sections
        (booked_seats, course_id, faculty_id, room, schedule_time, section_id, section_number, term, total_seats, id) 
    values
        (?, ?, ?, ?, ?, ?, ?, ?, ?, default)
Hibernate: 
    insert 
    into
        test_sections
        (booked_seats, course_id, faculty_id, room, schedule_time, section_id, section_number, term, total_seats, id) 
    values
        (?, ?, ?, ?, ?, ?, ?, ?, ?, default)
2026-09-04T19:51:24.877+06:00 DEBUG 18860 --- [campusconnect-backend] [  restartedMain] org.hibernate.SQL                        : 
    insert 
    into
        test_sections
        (booked_seats, course_id, faculty_id, room, schedule_time, section_id, section_number, term, total_seats, id) 
    values
        (?, ?, ?, ?, ?, ?, ?, ?, ?, default)
Hibernate: 
    insert 
    into
        test_sections
        (booked_seats, course_id, faculty_id, room, schedule_time, section_id, section_number, term, total_seats, id) 
    values
        (?, ?, ?, ?, ?, ?, ?, ?, ?, default)
2026-09-04T19:51:24.878+06:00 DEBUG 18860 --- [campusconnect-backend] [  restartedMain] org.hibernate.SQL                        : 
    insert 
    into
        test_sections
        (booked_seats, course_id, faculty_id, room, schedule_time, section_id, section_number, term, total_seats, id) 
    values
        (?, ?, ?, ?, ?, ?, ?, ?, ?, default)
Hibernate: 
    insert 
    into
        test_sections
        (booked_seats, course_id, faculty_id, room, schedule_time, section_id, section_number, term, total_seats, id) 
    values
        (?, ?, ?, ?, ?, ?, ?, ?, ?, default)
2026-09-04T19:51:24.878+06:00 DEBUG 18860 --- [campusconnect-backend] [  restartedMain] org.hibernate.SQL                        : 
    insert 
    into
        test_sections
        (booked_seats, course_id, faculty_id, room, schedule_time, section_id, section_number, term, total_seats, id) 
    values
        (?, ?, ?, ?, ?, ?, ?, ?, ?, default)
Hibernate: 
    insert 
    into
        test_sections
        (booked_seats, course_id, faculty_id, room, schedule_time, section_id, section_number, term, total_seats, id) 
    values
        (?, ?, ?, ?, ?, ?, ?, ?, ?, default)
2026-09-04T19:51:24.879+06:00 DEBUG 18860 --- [campusconnect-backend] [  restartedMain] org.hibernate.SQL                        : 
    insert 
    into
        test_sections
        (booked_seats, course_id, faculty_id, room, schedule_time, section_id, section_number, term, total_seats, id) 
    values
        (?, ?, ?, ?, ?, ?, ?, ?, ?, default)
Hibernate: 
    insert 
    into
        test_sections
        (booked_seats, course_id, faculty_id, room, schedule_time, section_id, section_number, term, total_seats, id) 
    values
        (?, ?, ?, ?, ?, ?, ?, ?, ?, default)
2026-09-04T19:51:24.879+06:00 DEBUG 18860 --- [campusconnect-backend] [  restartedMain] org.hibernate.SQL                        : 
    insert 
    into
        test_sections
        (booked_seats, course_id, faculty_id, room, schedule_time, section_id, section_number, term, total_seats, id) 
    values
        (?, ?, ?, ?, ?, ?, ?, ?, ?, default)
Hibernate: 
    insert 
    into
        test_sections
        (booked_seats, course_id, faculty_id, room, schedule_time, section_id, section_number, term, total_seats, id) 
    values
        (?, ?, ?, ?, ?, ?, ?, ?, ?, default)
2026-09-04T19:51:24.880+06:00 DEBUG 18860 --- [campusconnect-backend] [  restartedMain] org.hibernate.SQL                        : 
    insert 
    into
        test_sections
        (booked_seats, course_id, faculty_id, room, schedule_time, section_id, section_number, term, total_seats, id) 
    values
        (?, ?, ?, ?, ?, ?, ?, ?, ?, default)
Hibernate: 
    insert 
    into
        test_sections
        (booked_seats, course_id, faculty_id, room, schedule_time, section_id, section_number, term, total_seats, id) 
    values
        (?, ?, ?, ?, ?, ?, ?, ?, ?, default)
2026-09-04T19:51:24.880+06:00 DEBUG 18860 --- [campusconnect-backend] [  restartedMain] org.hibernate.SQL                        : 
    insert 
    into
        test_sections
        (booked_seats, course_id, faculty_id, room, schedule_time, section_id, section_number, term, total_seats, id) 
    values
        (?, ?, ?, ?, ?, ?, ?, ?, ?, default)
Hibernate: 
    insert 
    into
        test_sections
        (booked_seats, course_id, faculty_id, room, schedule_time, section_id, section_number, term, total_seats, id) 
    values
        (?, ?, ?, ?, ?, ?, ?, ?, ?, default)
2026-09-04T19:51:24.881+06:00 DEBUG 18860 --- [campusconnect-backend] [  restartedMain] org.hibernate.SQL                        : 
    insert 
    into
        test_sections
        (booked_seats, course_id, faculty_id, room, schedule_time, section_id, section_number, term, total_seats, id) 
    values
        (?, ?, ?, ?, ?, ?, ?, ?, ?, default)
Hibernate: 
    insert 
    into
        test_sections
        (booked_seats, course_id, faculty_id, room, schedule_time, section_id, section_number, term, total_seats, id) 
    values
        (?, ?, ?, ?, ?, ?, ?, ?, ?, default)
2026-09-04T19:51:24.881+06:00 DEBUG 18860 --- [campusconnect-backend] [  restartedMain] org.hibernate.SQL                        : 
    insert 
    into
        test_sections
        (booked_seats, course_id, faculty_id, room, schedule_time, section_id, section_number, term, total_seats, id) 
    values
        (?, ?, ?, ?, ?, ?, ?, ?, ?, default)
Hibernate: 
    insert 
    into
        test_sections
        (booked_seats, course_id, faculty_id, room, schedule_time, section_id, section_number, term, total_seats, id) 
    values
        (?, ?, ?, ?, ?, ?, ?, ?, ?, default)
2026-09-04T19:51:24.882+06:00 DEBUG 18860 --- [campusconnect-backend] [  restartedMain] org.hibernate.SQL                        : 
    insert 
    into
        test_sections
        (booked_seats, course_id, faculty_id, room, schedule_time, section_id, section_number, term, total_seats, id) 
    values
        (?, ?, ?, ?, ?, ?, ?, ?, ?, default)
Hibernate: 
    insert 
    into
        test_sections
        (booked_seats, course_id, faculty_id, room, schedule_time, section_id, section_number, term, total_seats, id) 
    values
        (?, ?, ?, ?, ?, ?, ?, ?, ?, default)
2026-09-04T19:51:24.882+06:00 DEBUG 18860 --- [campusconnect-backend] [  restartedMain] org.hibernate.SQL                        : 
    insert 
    into
        test_sections
        (booked_seats, course_id, faculty_id, room, schedule_time, section_id, section_number, term, total_seats, id) 
    values
        (?, ?, ?, ?, ?, ?, ?, ?, ?, default)
Hibernate: 
    insert 
    into
        test_sections
        (booked_seats, course_id, faculty_id, room, schedule_time, section_id, section_number, term, total_seats, id) 
    values
        (?, ?, ?, ?, ?, ?, ?, ?, ?, default)
2026-09-04T19:51:24.883+06:00 DEBUG 18860 --- [campusconnect-backend] [  restartedMain] org.hibernate.SQL                        : 
    insert 
    into
        test_sections
        (booked_seats, course_id, faculty_id, room, schedule_time, section_id, section_number, term, total_seats, id) 
    values
        (?, ?, ?, ?, ?, ?, ?, ?, ?, default)
Hibernate: 
    insert 
    into
        test_sections
        (booked_seats, course_id, faculty_id, room, schedule_time, section_id, section_number, term, total_seats, id) 
    values
        (?, ?, ?, ?, ?, ?, ?, ?, ?, default)
2026-09-04T19:51:24.883+06:00 DEBUG 18860 --- [campusconnect-backend] [  restartedMain] org.hibernate.SQL                        : 
    insert 
    into
        test_sections
        (booked_seats, course_id, faculty_id, room, schedule_time, section_id, section_number, term, total_seats, id) 
    values
        (?, ?, ?, ?, ?, ?, ?, ?, ?, default)
Hibernate: 
    insert 
    into
        test_sections
        (booked_seats, course_id, faculty_id, room, schedule_time, section_id, section_number, term, total_seats, id) 
    values
        (?, ?, ?, ?, ?, ?, ?, ?, ?, default)
2026-09-04T19:51:24.884+06:00 DEBUG 18860 --- [campusconnect-backend] [  restartedMain] org.hibernate.SQL                        : 
    insert 
    into
        test_sections
        (booked_seats, course_id, faculty_id, room, schedule_time, section_id, section_number, term, total_seats, id) 
    values
        (?, ?, ?, ?, ?, ?, ?, ?, ?, default)
Hibernate: 
    insert 
    into
        test_sections
        (booked_seats, course_id, faculty_id, room, schedule_time, section_id, section_number, term, total_seats, id) 
    values
        (?, ?, ?, ?, ?, ?, ?, ?, ?, default)
2026-09-04T19:51:24.884+06:00 DEBUG 18860 --- [campusconnect-backend] [  restartedMain] org.hibernate.SQL                        : 
    insert 
    into
        test_sections
        (booked_seats, course_id, faculty_id, room, schedule_time, section_id, section_number, term, total_seats, id) 
    values
        (?, ?, ?, ?, ?, ?, ?, ?, ?, default)
Hibernate: 
    insert 
    into
        test_sections
        (booked_seats, course_id, faculty_id, room, schedule_time, section_id, section_number, term, total_seats, id) 
    values
        (?, ?, ?, ?, ?, ?, ?, ?, ?, default)
2026-09-04T19:51:24.884+06:00 DEBUG 18860 --- [campusconnect-backend] [  restartedMain] org.hibernate.SQL                        : 
    insert 
    into
        test_sections
        (booked_seats, course_id, faculty_id, room, schedule_time, section_id, section_number, term, total_seats, id) 
    values
        (?, ?, ?, ?, ?, ?, ?, ?, ?, default)
Hibernate: 
    insert 
    into
        test_sections
        (booked_seats, course_id, faculty_id, room, schedule_time, section_id, section_number, term, total_seats, id) 
    values
        (?, ?, ?, ?, ?, ?, ?, ?, ?, default)
2026-09-04T19:51:24.885+06:00 DEBUG 18860 --- [campusconnect-backend] [  restartedMain] org.hibernate.SQL                        : 
    insert 
    into
        test_sections
        (booked_seats, course_id, faculty_id, room, schedule_time, section_id, section_number, term, total_seats, id) 
    values
        (?, ?, ?, ?, ?, ?, ?, ?, ?, default)
Hibernate: 
    insert 
    into
        test_sections
        (booked_seats, course_id, faculty_id, room, schedule_time, section_id, section_number, term, total_seats, id) 
    values
        (?, ?, ?, ?, ?, ?, ?, ?, ?, default)
2026-09-04T19:51:24.885+06:00 DEBUG 18860 --- [campusconnect-backend] [  restartedMain] org.hibernate.SQL                        : 
    insert 
    into
        test_sections
        (booked_seats, course_id, faculty_id, room, schedule_time, section_id, section_number, term, total_seats, id) 
    values
        (?, ?, ?, ?, ?, ?, ?, ?, ?, default)
Hibernate: 
    insert 
    into
        test_sections
        (booked_seats, course_id, faculty_id, room, schedule_time, section_id, section_number, term, total_seats, id) 
    values
        (?, ?, ?, ?, ?, ?, ?, ?, ?, default)
2026-09-04T19:51:24.886+06:00 DEBUG 18860 --- [campusconnect-backend] [  restartedMain] org.hibernate.SQL                        : 
    insert 
    into
        test_sections
        (booked_seats, course_id, faculty_id, room, schedule_time, section_id, section_number, term, total_seats, id) 
    values
        (?, ?, ?, ?, ?, ?, ?, ?, ?, default)
Hibernate: 
    insert 
    into
        test_sections
        (booked_seats, course_id, faculty_id, room, schedule_time, section_id, section_number, term, total_seats, id) 
    values
        (?, ?, ?, ?, ?, ?, ?, ?, ?, default)
2026-09-04T19:51:24.886+06:00 DEBUG 18860 --- [campusconnect-backend] [  restartedMain] org.hibernate.SQL                        : 
    insert 
    into
        test_sections
        (booked_seats, course_id, faculty_id, room, schedule_time, section_id, section_number, term, total_seats, id) 
    values
        (?, ?, ?, ?, ?, ?, ?, ?, ?, default)
Hibernate: 
    insert 
    into
        test_sections
        (booked_seats, course_id, faculty_id, room, schedule_time, section_id, section_number, term, total_seats, id) 
    values
        (?, ?, ?, ?, ?, ?, ?, ?, ?, default)
2026-09-04T19:51:24.888+06:00 DEBUG 18860 --- [campusconnect-backend] [  restartedMain] org.hibernate.SQL                        : 
    insert 
    into
        test_sections
        (booked_seats, course_id, faculty_id, room, schedule_time, section_id, section_number, term, total_seats, id) 
    values
        (?, ?, ?, ?, ?, ?, ?, ?, ?, default)
Hibernate: 
    insert 
    into
        test_sections
        (booked_seats, course_id, faculty_id, room, schedule_time, section_id, section_number, term, total_seats, id) 
    values
        (?, ?, ?, ?, ?, ?, ?, ?, ?, default)
2026-09-04T19:51:24.888+06:00 DEBUG 18860 --- [campusconnect-backend] [  restartedMain] org.hibernate.SQL                        : 
    insert 
    into
        test_sections
        (booked_seats, course_id, faculty_id, room, schedule_time, section_id, section_number, term, total_seats, id) 
    values
        (?, ?, ?, ?, ?, ?, ?, ?, ?, default)
Hibernate: 
    insert 
    into
        test_sections
        (booked_seats, course_id, faculty_id, room, schedule_time, section_id, section_number, term, total_seats, id) 
    values
        (?, ?, ?, ?, ?, ?, ?, ?, ?, default)
2026-09-04T19:51:24.888+06:00 DEBUG 18860 --- [campusconnect-backend] [  restartedMain] org.hibernate.SQL                        : 
    insert 
    into
        test_sections
        (booked_seats, course_id, faculty_id, room, schedule_time, section_id, section_number, term, total_seats, id) 
    values
        (?, ?, ?, ?, ?, ?, ?, ?, ?, default)
Hibernate: 
    insert 
    into
        test_sections
        (booked_seats, course_id, faculty_id, room, schedule_time, section_id, section_number, term, total_seats, id) 
    values
        (?, ?, ?, ?, ?, ?, ?, ?, ?, default)
2026-09-04T19:51:24.888+06:00 DEBUG 18860 --- [campusconnect-backend] [  restartedMain] org.hibernate.SQL                        : 
    insert 
    into
        test_sections
        (booked_seats, course_id, faculty_id, room, schedule_time, section_id, section_number, term, total_seats, id) 
    values
        (?, ?, ?, ?, ?, ?, ?, ?, ?, default)
Hibernate: 
    insert 
    into
        test_sections
        (booked_seats, course_id, faculty_id, room, schedule_time, section_id, section_number, term, total_seats, id) 
    values
        (?, ?, ?, ?, ?, ?, ?, ?, ?, default)
2026-09-04T19:51:24.888+06:00 DEBUG 18860 --- [campusconnect-backend] [  restartedMain] org.hibernate.SQL                        : 
    insert 
    into
        test_sections
        (booked_seats, course_id, faculty_id, room, schedule_time, section_id, section_number, term, total_seats, id) 
    values
        (?, ?, ?, ?, ?, ?, ?, ?, ?, default)
Hibernate: 
    insert 
    into
        test_sections
        (booked_seats, course_id, faculty_id, room, schedule_time, section_id, section_number, term, total_seats, id) 
    values
        (?, ?, ?, ?, ?, ?, ?, ?, ?, default)
2026-09-04T19:51:24.890+06:00 DEBUG 18860 --- [campusconnect-backend] [  restartedMain] org.hibernate.SQL                        : 
    insert 
    into
        test_sections
        (booked_seats, course_id, faculty_id, room, schedule_time, section_id, section_number, term, total_seats, id) 
    values
        (?, ?, ?, ?, ?, ?, ?, ?, ?, default)
Hibernate: 
    insert 
    into
        test_sections
        (booked_seats, course_id, faculty_id, room, schedule_time, section_id, section_number, term, total_seats, id) 
    values
        (?, ?, ?, ?, ?, ?, ?, ?, ?, default)
2026-09-04T19:51:24.890+06:00 DEBUG 18860 --- [campusconnect-backend] [  restartedMain] org.hibernate.SQL                        : 
    insert 
    into
        test_sections
        (booked_seats, course_id, faculty_id, room, schedule_time, section_id, section_number, term, total_seats, id) 
    values
        (?, ?, ?, ?, ?, ?, ?, ?, ?, default)
Hibernate: 
    insert 
    into
        test_sections
        (booked_seats, course_id, faculty_id, room, schedule_time, section_id, section_number, term, total_seats, id) 
    values
        (?, ?, ?, ?, ?, ?, ?, ?, ?, default)
2026-09-04T19:51:24.890+06:00 DEBUG 18860 --- [campusconnect-backend] [  restartedMain] org.hibernate.SQL                        : 
    insert 
    into
        test_sections
        (booked_seats, course_id, faculty_id, room, schedule_time, section_id, section_number, term, total_seats, id) 
    values
        (?, ?, ?, ?, ?, ?, ?, ?, ?, default)
Hibernate: 
    insert 
    into
        test_sections
        (booked_seats, course_id, faculty_id, room, schedule_time, section_id, section_number, term, total_seats, id) 
    values
        (?, ?, ?, ?, ?, ?, ?, ?, ?, default)
2026-09-04T19:51:24.891+06:00 DEBUG 18860 --- [campusconnect-backend] [  restartedMain] org.hibernate.SQL                        : 
    insert 
    into
        test_sections
        (booked_seats, course_id, faculty_id, room, schedule_time, section_id, section_number, term, total_seats, id) 
    values
        (?, ?, ?, ?, ?, ?, ?, ?, ?, default)
Hibernate: 
    insert 
    into
        test_sections
        (booked_seats, course_id, faculty_id, room, schedule_time, section_id, section_number, term, total_seats, id) 
    values
        (?, ?, ?, ?, ?, ?, ?, ?, ?, default)
2026-09-04T19:51:24.891+06:00 DEBUG 18860 --- [campusconnect-backend] [  restartedMain] org.hibernate.SQL                        : 
    insert 
    into
        test_sections
        (booked_seats, course_id, faculty_id, room, schedule_time, section_id, section_number, term, total_seats, id) 
    values
        (?, ?, ?, ?, ?, ?, ?, ?, ?, default)
Hibernate: 
    insert 
    into
        test_sections
        (booked_seats, course_id, faculty_id, room, schedule_time, section_id, section_number, term, total_seats, id) 
    values
        (?, ?, ?, ?, ?, ?, ?, ?, ?, default)
2026-09-04T19:51:24.892+06:00 DEBUG 18860 --- [campusconnect-backend] [  restartedMain] org.hibernate.SQL                        : 
    insert 
    into
        test_sections
        (booked_seats, course_id, faculty_id, room, schedule_time, section_id, section_number, term, total_seats, id) 
    values
        (?, ?, ?, ?, ?, ?, ?, ?, ?, default)
Hibernate: 
    insert 
    into
        test_sections
        (booked_seats, course_id, faculty_id, room, schedule_time, section_id, section_number, term, total_seats, id) 
    values
        (?, ?, ?, ?, ?, ?, ?, ?, ?, default)
2026-09-04T19:51:24.892+06:00 DEBUG 18860 --- [campusconnect-backend] [  restartedMain] org.hibernate.SQL                        : 
    insert 
    into
        test_sections
        (booked_seats, course_id, faculty_id, room, schedule_time, section_id, section_number, term, total_seats, id) 
    values
        (?, ?, ?, ?, ?, ?, ?, ?, ?, default)
Hibernate: 
    insert 
    into
        test_sections
        (booked_seats, course_id, faculty_id, room, schedule_time, section_id, section_number, term, total_seats, id) 
    values
        (?, ?, ?, ?, ?, ?, ?, ?, ?, default)
2026-09-04T19:51:24.892+06:00 DEBUG 18860 --- [campusconnect-backend] [  restartedMain] org.hibernate.SQL                        : 
    insert 
    into
        test_sections
        (booked_seats, course_id, faculty_id, room, schedule_time, section_id, section_number, term, total_seats, id) 
    values
        (?, ?, ?, ?, ?, ?, ?, ?, ?, default)
Hibernate: 
    insert 
    into
        test_sections
        (booked_seats, course_id, faculty_id, room, schedule_time, section_id, section_number, term, total_seats, id) 
    values
        (?, ?, ?, ?, ?, ?, ?, ?, ?, default)
2026-09-04T19:51:24.893+06:00 DEBUG 18860 --- [campusconnect-backend] [  restartedMain] org.hibernate.SQL                        : 
    insert 
    into
        test_sections
        (booked_seats, course_id, faculty_id, room, schedule_time, section_id, section_number, term, total_seats, id) 
    values
        (?, ?, ?, ?, ?, ?, ?, ?, ?, default)
Hibernate: 
    insert 
    into
        test_sections
        (booked_seats, course_id, faculty_id, room, schedule_time, section_id, section_number, term, total_seats, id) 
    values
        (?, ?, ?, ?, ?, ?, ?, ?, ?, default)
2026-09-04T19:51:24.893+06:00 DEBUG 18860 --- [campusconnect-backend] [  restartedMain] org.hibernate.SQL                        : 
    insert 
    into
        test_sections
        (booked_seats, course_id, faculty_id, room, schedule_time, section_id, section_number, term, total_seats, id) 
    values
        (?, ?, ?, ?, ?, ?, ?, ?, ?, default)
Hibernate: 
    insert 
    into
        test_sections
        (booked_seats, course_id, faculty_id, room, schedule_time, section_id, section_number, term, total_seats, id) 
    values
        (?, ?, ?, ?, ?, ?, ?, ?, ?, default)
2026-09-04T19:51:24.893+06:00  INFO 18860 --- [campusconnect-backend] [  restartedMain] c.c.b.service.TestCourseDataSeeder       : [TestCourseDataSeeder] Successfully seeded and verified 74 sections with 0 schedule conflicts.
2026-09-04T19:51:24.894+06:00  INFO 18860 --- [campusconnect-backend] [  restartedMain] c.c.b.service.TestCourseDataSeeder       : [TestCourseDataSeeder] Test dataset successfully initialized and verified.
2026-09-04T19:51:24.897+06:00 DEBUG 18860 --- [campusconnect-backend] [  restartedMain] org.hibernate.SQL                        : 
    select
        au1_0.id,
        au1_0.active,
        au1_0.created_at,
        au1_0.email,
        au1_0.full_name,
        au1_0.is_advisor,
        au1_0.password_hash,
        au1_0.reminder_hours,
        au1_0.role,
        au1_0.user_id 
    from
        app_users au1_0 
    where
        au1_0.user_id=?
Hibernate: 
    select
        au1_0.id,
        au1_0.active,
        au1_0.created_at,
        au1_0.email,
        au1_0.full_name,
        au1_0.is_advisor,
        au1_0.password_hash,
        au1_0.reminder_hours,
        au1_0.role,
        au1_0.user_id 
    from
        app_users au1_0 
    where
        au1_0.user_id=?
2026-09-04T19:51:24.900+06:00 DEBUG 18860 --- [campusconnect-backend] [  restartedMain] org.hibernate.SQL                        : 
    select
        count(*) 
    from
        student_profiles sp1_0 
    where
        sp1_0.student_id=?
Hibernate: 
    select
        count(*) 
    from
        student_profiles sp1_0 
    where
        sp1_0.student_id=?
2026-09-04T19:51:24.907+06:00 DEBUG 18860 --- [campusconnect-backend] [  restartedMain] org.hibernate.SQL                        : 
    select
        sp1_0.student_id,
        sp1_0.advising_confirmed,
        sp1_0.advising_confirmed_at,
        sp1_0.cgpa,
        sp1_0.completed_courses,
        sp1_0.completed_credits,
        sp1_0.department,
        sp1_0.email,
        sp1_0.on_probation,
        sp1_0.student_name,
        sp1_0.year,
        ac1_0.student_id,
        ac1_0.id,
        ac1_0.assigned_at,
        ac1_0.assigned_by,
        ac1_0.course_code,
        ac1_0.course_title,
        ac1_0.credits,
        ac1_0.faculty,
        ac1_0.room,
        ac1_0.section,
        ac1_0.section_id,
        ac1_0.term,
        ac1_0.time 
    from
        student_profiles sp1_0 
    left join
        advised_courses ac1_0 
            on sp1_0.student_id=ac1_0.student_id 
    where
        sp1_0.student_id=?
Hibernate: 
    select
        sp1_0.student_id,
        sp1_0.advising_confirmed,
        sp1_0.advising_confirmed_at,
        sp1_0.cgpa,
        sp1_0.completed_courses,
        sp1_0.completed_credits,
        sp1_0.department,
        sp1_0.email,
        sp1_0.on_probation,
        sp1_0.student_name,
        sp1_0.year,
        ac1_0.student_id,
        ac1_0.id,
        ac1_0.assigned_at,
        ac1_0.assigned_by,
        ac1_0.course_code,
        ac1_0.course_title,
        ac1_0.credits,
        ac1_0.faculty,
        ac1_0.room,
        ac1_0.section,
        ac1_0.section_id,
        ac1_0.term,
        ac1_0.time 
    from
        student_profiles sp1_0 
    left join
        advised_courses ac1_0 
            on sp1_0.student_id=ac1_0.student_id 
    where
        sp1_0.student_id=?
2026-09-04T19:51:24.915+06:00 DEBUG 18860 --- [campusconnect-backend] [  restartedMain] org.hibernate.SQL                        : 
    insert 
    into
        student_profiles
        (advising_confirmed, advising_confirmed_at, cgpa, completed_courses, completed_credits, department, email, on_probation, student_name, year, student_id) 
    values
        (?, ?, ?, ?, ?, ?, ?, ?, ?, ?, ?)
Hibernate: 
    insert 
    into
        student_profiles
        (advising_confirmed, advising_confirmed_at, cgpa, completed_courses, completed_credits, department, email, on_probation, student_name, year, student_id) 
    values
        (?, ?, ?, ?, ?, ?, ?, ?, ?, ?, ?)
2026-09-04T19:51:36.047+06:00 DEBUG 18860 --- [campusconnect-backend] [MessageBroker-2] org.hibernate.SQL                        : 
    select
        a1_0.id,
        a1_0.attachment_data,
        a1_0.attachment_name,
        a1_0.attachment_type,
        a1_0.course_code,
        a1_0.course_name,
        a1_0.created_at,
        a1_0.created_by,
        a1_0.deadline,
        a1_0.description,
        a1_0.title,
        a1_0.total_points 
    from
        assignments a1_0
Hibernate: 
    select
        a1_0.id,
        a1_0.attachment_data,
        a1_0.attachment_name,
        a1_0.attachment_type,
        a1_0.course_code,
        a1_0.course_name,
        a1_0.created_at,
        a1_0.created_by,
        a1_0.deadline,
        a1_0.description,
        a1_0.title,
        a1_0.total_points 
    from
        assignments a1_0
2026-09-04T19:52:13.464+06:00  INFO 18860 --- [campusconnect-backend] [nio-8080-exec-1] o.a.c.c.C.[Tomcat].[localhost].[/]       : Initializing Spring DispatcherServlet 'dispatcherServlet'
2026-09-04T19:52:13.464+06:00  INFO 18860 --- [campusconnect-backend] [nio-8080-exec-1] o.s.web.servlet.DispatcherServlet        : Initializing Servlet 'dispatcherServlet'
2026-09-04T19:52:13.465+06:00  INFO 18860 --- [campusconnect-backend] [nio-8080-exec-1] o.s.web.servlet.DispatcherServlet        : Completed initialization in 1 ms
2026-09-04T19:52:13.482+06:00 DEBUG 18860 --- [campusconnect-backend] [nio-8080-exec-1] o.s.security.web.FilterChainProxy        : Securing POST /api/auth/login
2026-09-04T19:52:13.489+06:00 DEBUG 18860 --- [campusconnect-backend] [nio-8080-exec-1] o.s.s.w.a.AnonymousAuthenticationFilter  : Set SecurityContextHolder to anonymous SecurityContext
2026-09-04T19:52:13.492+06:00 DEBUG 18860 --- [campusconnect-backend] [nio-8080-exec-1] o.s.security.web.FilterChainProxy        : Secured POST /api/auth/login
2026-09-04T19:52:13.579+06:00 DEBUG 18860 --- [campusconnect-backend] [nio-8080-exec-1] org.hibernate.SQL                        : 
    select
        au1_0.id,
        au1_0.active,
        au1_0.created_at,
        au1_0.email,
        au1_0.full_name,
        au1_0.is_advisor,
        au1_0.password_hash,
        au1_0.reminder_hours,
        au1_0.role,
        au1_0.user_id 
    from
        app_users au1_0 
    where
        au1_0.user_id=?
Hibernate: 
    select
        au1_0.id,
        au1_0.active,
        au1_0.created_at,
        au1_0.email,
        au1_0.full_name,
        au1_0.is_advisor,
        au1_0.password_hash,
        au1_0.reminder_hours,
        au1_0.role,
        au1_0.user_id 
    from
        app_users au1_0 
    where
        au1_0.user_id=?
2026-09-04T19:52:14.040+06:00 DEBUG 18860 --- [campusconnect-backend] [nio-8080-exec-4] o.s.security.web.FilterChainProxy        : Securing GET /api/courses/catalog
2026-09-04T19:52:14.065+06:00 DEBUG 18860 --- [campusconnect-backend] [nio-8080-exec-4] o.s.security.web.FilterChainProxy        : Secured GET /api/courses/catalog
2026-09-04T19:52:14.075+06:00 DEBUG 18860 --- [campusconnect-backend] [nio-8080-exec-4] org.hibernate.SQL                        : 
    select
        cc1_0.id,
        cc1_0.academic_degree,
        cc1_0.capacity,
        cc1_0.code,
        cc1_0.credits,
        cc1_0.department,
        cc1_0.description,
        cc1_0.enrolled,
        cc1_0.faculty_id,
        cc1_0.final_exam_schedule,
        cc1_0.instructor,
        cc1_0.is_gen_ed,
        cc1_0.mid_exam_schedule,
        cc1_0.name,
        cc1_0.prerequisites,
        cc1_0.rating,
        cc1_0.school,
        cc1_0.semester,
        cc1_0.tags,
        cc1_0.total_booked,
        cc1_0.total_seats,
        cc1_0.total_sections,
        cc1_0.academic_year 
    from
        course_catalog cc1_0
Hibernate: 
    select
        cc1_0.id,
        cc1_0.academic_degree,
        cc1_0.capacity,
        cc1_0.code,
        cc1_0.credits,
        cc1_0.department,
        cc1_0.description,
        cc1_0.enrolled,
        cc1_0.faculty_id,
        cc1_0.final_exam_schedule,
        cc1_0.instructor,
        cc1_0.is_gen_ed,
        cc1_0.mid_exam_schedule,
        cc1_0.name,
        cc1_0.prerequisites,
        cc1_0.rating,
        cc1_0.school,
        cc1_0.semester,
        cc1_0.tags,
        cc1_0.total_booked,
        cc1_0.total_seats,
        cc1_0.total_sections,
        cc1_0.academic_year 
    from
        course_catalog cc1_0
2026-09-04T19:52:21.014+06:00  INFO 18860 --- [campusconnect-backend] [MessageBroker-1] o.s.w.s.c.WebSocketMessageBrokerStats    : WebSocketSession[0 current WS(0)-HttpStream(0)-HttpPoll(0), 0 total, 0 closed abnormally (0 connect failure, 0 send limit, 0 transport error)], stompSubProtocol[processed CONNECT(0)-CONNECTED(0)-DISCONNECT(0)], stompBrokerRelay[null], inboundChannel[pool size = 0, active threads = 0, queued tasks = 0, completed tasks = 0], outboundChannel[pool size = 0, active threads = 0, queued tasks = 0, completed tasks = 0], sockJsScheduler[pool size = 7, active threads = 1, queued tasks = 2, completed tasks = 4]
2026-09-04T19:52:55.252+06:00 DEBUG 18860 --- [campusconnect-backend] [nio-8080-exec-7] o.s.security.web.FilterChainProxy        : Securing GET /api/courses/catalog
2026-09-04T19:52:55.258+06:00 DEBUG 18860 --- [campusconnect-backend] [nio-8080-exec-7] o.s.security.web.FilterChainProxy        : Secured GET /api/courses/catalog
2026-09-04T19:52:55.264+06:00 DEBUG 18860 --- [campusconnect-backend] [nio-8080-exec-7] org.hibernate.SQL                        : 
    select
        cc1_0.id,
        cc1_0.academic_degree,
        cc1_0.capacity,
        cc1_0.code,
        cc1_0.credits,
        cc1_0.department,
        cc1_0.description,
        cc1_0.enrolled,
        cc1_0.faculty_id,
        cc1_0.final_exam_schedule,
        cc1_0.instructor,
        cc1_0.is_gen_ed,
        cc1_0.mid_exam_schedule,
        cc1_0.name,
        cc1_0.prerequisites,
        cc1_0.rating,
        cc1_0.school,
        cc1_0.semester,
        cc1_0.tags,
        cc1_0.total_booked,
        cc1_0.total_seats,
        cc1_0.total_sections,
        cc1_0.academic_year 
    from
        course_catalog cc1_0
Hibernate: 
    select
        cc1_0.id,
        cc1_0.academic_degree,
        cc1_0.capacity,
        cc1_0.code,
        cc1_0.credits,
        cc1_0.department,
        cc1_0.description,
        cc1_0.enrolled,
        cc1_0.faculty_id,
        cc1_0.final_exam_schedule,
        cc1_0.instructor,
        cc1_0.is_gen_ed,
        cc1_0.mid_exam_schedule,
        cc1_0.name,
        cc1_0.prerequisites,
        cc1_0.rating,
        cc1_0.school,
        cc1_0.semester,
        cc1_0.tags,
        cc1_0.total_booked,
        cc1_0.total_seats,
        cc1_0.total_sections,
        cc1_0.academic_year 
    from
        course_catalog cc1_0
2026-09-04T19:52:55.285+06:00 DEBUG 18860 --- [campusconnect-backend] [nio-8080-exec-6] o.s.security.web.FilterChainProxy        : Securing GET /api/courses/catalog
2026-09-04T19:52:55.294+06:00 DEBUG 18860 --- [campusconnect-backend] [nio-8080-exec-6] o.s.security.web.FilterChainProxy        : Secured GET /api/courses/catalog
2026-09-04T19:52:55.298+06:00 DEBUG 18860 --- [campusconnect-backend] [nio-8080-exec-6] org.hibernate.SQL                        : 
    select
        cc1_0.id,
        cc1_0.academic_degree,
        cc1_0.capacity,
        cc1_0.code,
        cc1_0.credits,
        cc1_0.department,
        cc1_0.description,
        cc1_0.enrolled,
        cc1_0.faculty_id,
        cc1_0.final_exam_schedule,
        cc1_0.instructor,
        cc1_0.is_gen_ed,
        cc1_0.mid_exam_schedule,
        cc1_0.name,
        cc1_0.prerequisites,
        cc1_0.rating,
        cc1_0.school,
        cc1_0.semester,
        cc1_0.tags,
        cc1_0.total_booked,
        cc1_0.total_seats,
        cc1_0.total_sections,
        cc1_0.academic_year 
    from
        course_catalog cc1_0
Hibernate: 
    select
        cc1_0.id,
        cc1_0.academic_degree,
        cc1_0.capacity,
        cc1_0.code,
        cc1_0.credits,
        cc1_0.department,
        cc1_0.description,
        cc1_0.enrolled,
        cc1_0.faculty_id,
        cc1_0.final_exam_schedule,
        cc1_0.instructor,
        cc1_0.is_gen_ed,
        cc1_0.mid_exam_schedule,
        cc1_0.name,
        cc1_0.prerequisites,
        cc1_0.rating,
        cc1_0.school,
        cc1_0.semester,
        cc1_0.tags,
        cc1_0.total_booked,
        cc1_0.total_seats,
        cc1_0.total_sections,
        cc1_0.academic_year 
    from
        course_catalog cc1_0
2026-09-04T19:55:38.112+06:00 DEBUG 18860 --- [campusconnect-backend] [nio-8080-exec-5] o.s.security.web.FilterChainProxy        : Securing GET /api/courses/catalog
2026-09-04T19:55:38.117+06:00 DEBUG 18860 --- [campusconnect-backend] [nio-8080-exec-5] o.s.security.web.FilterChainProxy        : Secured GET /api/courses/catalog
2026-09-04T19:55:38.119+06:00 DEBUG 18860 --- [campusconnect-backend] [nio-8080-exec-5] org.hibernate.SQL                        : 
    select
        cc1_0.id,
        cc1_0.academic_degree,
        cc1_0.capacity,
        cc1_0.code,
        cc1_0.credits,
        cc1_0.department,
        cc1_0.description,
        cc1_0.enrolled,
        cc1_0.faculty_id,
        cc1_0.final_exam_schedule,
        cc1_0.instructor,
        cc1_0.is_gen_ed,
        cc1_0.mid_exam_schedule,
        cc1_0.name,
        cc1_0.prerequisites,
        cc1_0.rating,
        cc1_0.school,
        cc1_0.semester,
        cc1_0.tags,
        cc1_0.total_booked,
        cc1_0.total_seats,
        cc1_0.total_sections,
        cc1_0.academic_year 
    from
        course_catalog cc1_0
Hibernate: 
    select
        cc1_0.id,
        cc1_0.academic_degree,
        cc1_0.capacity,
        cc1_0.code,
        cc1_0.credits,
        cc1_0.department,
        cc1_0.description,
        cc1_0.enrolled,
        cc1_0.faculty_id,
        cc1_0.final_exam_schedule,
        cc1_0.instructor,
        cc1_0.is_gen_ed,
        cc1_0.mid_exam_schedule,
        cc1_0.name,
        cc1_0.prerequisites,
        cc1_0.rating,
        cc1_0.school,
        cc1_0.semester,
        cc1_0.tags,
        cc1_0.total_booked,
        cc1_0.total_seats,
        cc1_0.total_sections,
        cc1_0.academic_year 
    from
        course_catalog cc1_0
2026-09-04T19:55:38.184+06:00 DEBUG 18860 --- [campusconnect-backend] [nio-8080-exec-5] o.s.security.web.FilterChainProxy        : Securing GET /api/courses/catalog
2026-09-04T19:55:38.189+06:00 DEBUG 18860 --- [campusconnect-backend] [nio-8080-exec-5] o.s.security.web.FilterChainProxy        : Secured GET /api/courses/catalog
2026-09-04T19:55:38.193+06:00 DEBUG 18860 --- [campusconnect-backend] [nio-8080-exec-5] org.hibernate.SQL                        : 
    select
        cc1_0.id,
        cc1_0.academic_degree,
        cc1_0.capacity,
        cc1_0.code,
        cc1_0.credits,
        cc1_0.department,
        cc1_0.description,
        cc1_0.enrolled,
        cc1_0.faculty_id,
        cc1_0.final_exam_schedule,
        cc1_0.instructor,
        cc1_0.is_gen_ed,
        cc1_0.mid_exam_schedule,
        cc1_0.name,
        cc1_0.prerequisites,
        cc1_0.rating,
        cc1_0.school,
        cc1_0.semester,
        cc1_0.tags,
        cc1_0.total_booked,
        cc1_0.total_seats,
        cc1_0.total_sections,
        cc1_0.academic_year 
    from
        course_catalog cc1_0
Hibernate: 
    select
        cc1_0.id,
        cc1_0.academic_degree,
        cc1_0.capacity,
        cc1_0.code,
        cc1_0.credits,
        cc1_0.department,
        cc1_0.description,
        cc1_0.enrolled,
        cc1_0.faculty_id,
        cc1_0.final_exam_schedule,
        cc1_0.instructor,
        cc1_0.is_gen_ed,
        cc1_0.mid_exam_schedule,
        cc1_0.name,
        cc1_0.prerequisites,
        cc1_0.rating,
        cc1_0.school,
        cc1_0.semester,
        cc1_0.tags,
        cc1_0.total_booked,
        cc1_0.total_seats,
        cc1_0.total_sections,
        cc1_0.academic_year 
    from
        course_catalog cc1_0
2026-09-04T19:55:53.647+06:00 DEBUG 18860 --- [campusconnect-backend] [nio-8080-exec-9] o.s.security.web.FilterChainProxy        : Securing GET /api/account/profile
2026-09-04T19:55:53.648+06:00 DEBUG 18860 --- [campusconnect-backend] [io-8080-exec-10] o.s.security.web.FilterChainProxy        : Securing GET /api/account/profile-picture
2026-09-04T19:55:53.648+06:00 DEBUG 18860 --- [campusconnect-backend] [nio-8080-exec-1] o.s.security.web.FilterChainProxy        : Securing GET /api/account/preferences/in-app-notifications
2026-09-04T19:55:53.656+06:00 DEBUG 18860 --- [campusconnect-backend] [io-8080-exec-10] o.s.security.web.FilterChainProxy        : Secured GET /api/account/profile-picture
2026-09-04T19:55:53.656+06:00 DEBUG 18860 --- [campusconnect-backend] [nio-8080-exec-1] o.s.security.web.FilterChainProxy        : Secured GET /api/account/preferences/in-app-notifications
2026-09-04T19:55:53.656+06:00 DEBUG 18860 --- [campusconnect-backend] [nio-8080-exec-9] o.s.security.web.FilterChainProxy        : Secured GET /api/account/profile
2026-09-04T19:55:53.668+06:00 DEBUG 18860 --- [campusconnect-backend] [nio-8080-exec-1] org.hibernate.SQL                        : 
    select
        ianp1_0.user_id,
        ianp1_0.advising,
        ianp1_0.announcements,
        ianp1_0.assignments,
        ianp1_0.exams,
        ianp1_0.grades 
    from
        in_app_notification_preferences ianp1_0 
    where
        ianp1_0.user_id=?
2026-09-04T19:55:53.668+06:00 DEBUG 18860 --- [campusconnect-backend] [io-8080-exec-10] org.hibernate.SQL                        : 
    select
        upp1_0.user_id,
        upp1_0.content_type,
        upp1_0.image_data 
    from
        user_profile_pictures upp1_0 
    where
        upp1_0.user_id=?
Hibernate: 
    select
        upp1_0.user_id,
        upp1_0.content_type,
        upp1_0.image_data 
    from
        user_profile_pictures upp1_0 
    where
        upp1_0.user_id=?
Hibernate: 
    select
        ianp1_0.user_id,
        ianp1_0.advising,
        ianp1_0.announcements,
        ianp1_0.assignments,
        ianp1_0.exams,
        ianp1_0.grades 
    from
        in_app_notification_preferences ianp1_0 
    where
        ianp1_0.user_id=?
2026-09-04T19:55:53.668+06:00 DEBUG 18860 --- [campusconnect-backend] [nio-8080-exec-9] org.hibernate.SQL                        : 
    select
        au1_0.id,
        au1_0.active,
        au1_0.created_at,
        au1_0.email,
        au1_0.full_name,
        au1_0.is_advisor,
        au1_0.password_hash,
        au1_0.reminder_hours,
        au1_0.role,
        au1_0.user_id 
    from
        app_users au1_0 
    where
        au1_0.user_id=?
Hibernate: 
    select
        au1_0.id,
        au1_0.active,
        au1_0.created_at,
        au1_0.email,
        au1_0.full_name,
        au1_0.is_advisor,
        au1_0.password_hash,
        au1_0.reminder_hours,
        au1_0.role,
        au1_0.user_id 
    from
        app_users au1_0 
    where
        au1_0.user_id=?
2026-09-04T19:55:53.680+06:00 DEBUG 18860 --- [campusconnect-backend] [nio-8080-exec-9] org.hibernate.SQL                        : 
    select
        sp1_0.student_id,
        sp1_0.advising_confirmed,
        sp1_0.advising_confirmed_at,
        sp1_0.cgpa,
        sp1_0.completed_courses,
        sp1_0.completed_credits,
        sp1_0.department,
        sp1_0.email,
        sp1_0.on_probation,
        sp1_0.student_name,
        sp1_0.year,
        ac1_0.student_id,
        ac1_0.id,
        ac1_0.assigned_at,
        ac1_0.assigned_by,
        ac1_0.course_code,
        ac1_0.course_title,
        ac1_0.credits,
        ac1_0.faculty,
        ac1_0.room,
        ac1_0.section,
        ac1_0.section_id,
        ac1_0.term,
        ac1_0.time 
    from
        student_profiles sp1_0 
    left join
        advised_courses ac1_0 
            on sp1_0.student_id=ac1_0.student_id 
    where
        sp1_0.student_id=?
Hibernate: 
    select
        sp1_0.student_id,
        sp1_0.advising_confirmed,
        sp1_0.advising_confirmed_at,
        sp1_0.cgpa,
        sp1_0.completed_courses,
        sp1_0.completed_credits,
        sp1_0.department,
        sp1_0.email,
        sp1_0.on_probation,
        sp1_0.student_name,
        sp1_0.year,
        ac1_0.student_id,
        ac1_0.id,
        ac1_0.assigned_at,
        ac1_0.assigned_by,
        ac1_0.course_code,
        ac1_0.course_title,
        ac1_0.credits,
        ac1_0.faculty,
        ac1_0.room,
        ac1_0.section,
        ac1_0.section_id,
        ac1_0.term,
        ac1_0.time 
    from
        student_profiles sp1_0 
    left join
        advised_courses ac1_0 
            on sp1_0.student_id=ac1_0.student_id 
    where
        sp1_0.student_id=?
2026-09-04T19:55:53.716+06:00  WARN 18860 --- [campusconnect-backend] [io-8080-exec-10] .m.m.a.ExceptionHandlerExceptionResolver : Resolved [org.springframework.web.server.ResponseStatusException: 404 NOT_FOUND "Profile picture not found"]
2026-09-04T19:55:53.996+06:00 DEBUG 18860 --- [campusconnect-backend] [nio-8080-exec-2] o.s.security.web.FilterChainProxy        : Securing GET /api/account/preferences/in-app-notifications
2026-09-04T19:55:54.001+06:00 DEBUG 18860 --- [campusconnect-backend] [nio-8080-exec-2] o.s.security.web.FilterChainProxy        : Secured GET /api/account/preferences/in-app-notifications
2026-09-04T19:55:54.002+06:00 DEBUG 18860 --- [campusconnect-backend] [nio-8080-exec-2] org.hibernate.SQL                        : 
    select
        ianp1_0.user_id,
        ianp1_0.advising,
        ianp1_0.announcements,
        ianp1_0.assignments,
        ianp1_0.exams,
        ianp1_0.grades 
    from
        in_app_notification_preferences ianp1_0 
    where
        ianp1_0.user_id=?
Hibernate: 
    select
        ianp1_0.user_id,
        ianp1_0.advising,
        ianp1_0.announcements,
        ianp1_0.assignments,
        ianp1_0.exams,
        ianp1_0.grades 
    from
        in_app_notification_preferences ianp1_0 
    where
        ianp1_0.user_id=?
2026-09-04T19:55:54.030+06:00 DEBUG 18860 --- [campusconnect-backend] [nio-8080-exec-4] o.s.security.web.FilterChainProxy        : Securing GET /api/account/profile-picture
2026-09-04T19:55:54.030+06:00 DEBUG 18860 --- [campusconnect-backend] [nio-8080-exec-3] o.s.security.web.FilterChainProxy        : Securing GET /api/account/profile
2026-09-04T19:55:54.036+06:00 DEBUG 18860 --- [campusconnect-backend] [nio-8080-exec-4] o.s.security.web.FilterChainProxy        : Secured GET /api/account/profile-picture
2026-09-04T19:55:54.037+06:00 DEBUG 18860 --- [campusconnect-backend] [nio-8080-exec-3] o.s.security.web.FilterChainProxy        : Secured GET /api/account/profile
2026-09-04T19:55:54.038+06:00 DEBUG 18860 --- [campusconnect-backend] [nio-8080-exec-4] org.hibernate.SQL                        : 
    select
        upp1_0.user_id,
        upp1_0.content_type,
        upp1_0.image_data 
    from
        user_profile_pictures upp1_0 
    where
        upp1_0.user_id=?
Hibernate: 
    select
        upp1_0.user_id,
        upp1_0.content_type,
        upp1_0.image_data 
    from
        user_profile_pictures upp1_0 
    where
        upp1_0.user_id=?
2026-09-04T19:55:54.040+06:00 DEBUG 18860 --- [campusconnect-backend] [nio-8080-exec-3] org.hibernate.SQL                        : 
    select
        au1_0.id,
        au1_0.active,
        au1_0.created_at,
        au1_0.email,
        au1_0.full_name,
        au1_0.is_advisor,
        au1_0.password_hash,
        au1_0.reminder_hours,
        au1_0.role,
        au1_0.user_id 
    from
        app_users au1_0 
    where
        au1_0.user_id=?
Hibernate: 
    select
        au1_0.id,
        au1_0.active,
        au1_0.created_at,
        au1_0.email,
        au1_0.full_name,
        au1_0.is_advisor,
        au1_0.password_hash,
        au1_0.reminder_hours,
        au1_0.role,
        au1_0.user_id 
    from
        app_users au1_0 
    where
        au1_0.user_id=?
2026-09-04T19:55:54.041+06:00  WARN 18860 --- [campusconnect-backend] [nio-8080-exec-4] .m.m.a.ExceptionHandlerExceptionResolver : Resolved [org.springframework.web.server.ResponseStatusException: 404 NOT_FOUND "Profile picture not found"]
2026-09-04T19:55:54.041+06:00 DEBUG 18860 --- [campusconnect-backend] [nio-8080-exec-3] org.hibernate.SQL                        : 
    select
        sp1_0.student_id,
        sp1_0.advising_confirmed,
        sp1_0.advising_confirmed_at,
        sp1_0.cgpa,
        sp1_0.completed_courses,
        sp1_0.completed_credits,
        sp1_0.department,
        sp1_0.email,
        sp1_0.on_probation,
        sp1_0.student_name,
        sp1_0.year,
        ac1_0.student_id,
        ac1_0.id,
        ac1_0.assigned_at,
        ac1_0.assigned_by,
        ac1_0.course_code,
        ac1_0.course_title,
        ac1_0.credits,
        ac1_0.faculty,
        ac1_0.room,
        ac1_0.section,
        ac1_0.section_id,
        ac1_0.term,
        ac1_0.time 
    from
        student_profiles sp1_0 
    left join
        advised_courses ac1_0 
            on sp1_0.student_id=ac1_0.student_id 
    where
        sp1_0.student_id=?
Hibernate: 
    select
        sp1_0.student_id,
        sp1_0.advising_confirmed,
        sp1_0.advising_confirmed_at,
        sp1_0.cgpa,
        sp1_0.completed_courses,
        sp1_0.completed_credits,
        sp1_0.department,
        sp1_0.email,
        sp1_0.on_probation,
        sp1_0.student_name,
        sp1_0.year,
        ac1_0.student_id,
        ac1_0.id,
        ac1_0.assigned_at,
        ac1_0.assigned_by,
        ac1_0.course_code,
        ac1_0.course_title,
        ac1_0.credits,
        ac1_0.faculty,
        ac1_0.room,
        ac1_0.section,
        ac1_0.section_id,
        ac1_0.term,
        ac1_0.time 
    from
        student_profiles sp1_0 
    left join
        advised_courses ac1_0 
            on sp1_0.student_id=ac1_0.student_id 
    where
        sp1_0.student_id=?
2026-09-04T19:56:02.869+06:00 DEBUG 18860 --- [campusconnect-backend] [nio-8080-exec-7] o.s.security.web.FilterChainProxy        : Securing GET /api/courses/catalog
2026-09-04T19:56:02.876+06:00 DEBUG 18860 --- [campusconnect-backend] [nio-8080-exec-7] o.s.security.web.FilterChainProxy        : Secured GET /api/courses/catalog
2026-09-04T19:56:02.878+06:00 DEBUG 18860 --- [campusconnect-backend] [nio-8080-exec-7] org.hibernate.SQL                        : 
    select
        cc1_0.id,
        cc1_0.academic_degree,
        cc1_0.capacity,
        cc1_0.code,
        cc1_0.credits,
        cc1_0.department,
        cc1_0.description,
        cc1_0.enrolled,
        cc1_0.faculty_id,
        cc1_0.final_exam_schedule,
        cc1_0.instructor,
        cc1_0.is_gen_ed,
        cc1_0.mid_exam_schedule,
        cc1_0.name,
        cc1_0.prerequisites,
        cc1_0.rating,
        cc1_0.school,
        cc1_0.semester,
        cc1_0.tags,
        cc1_0.total_booked,
        cc1_0.total_seats,
        cc1_0.total_sections,
        cc1_0.academic_year 
    from
        course_catalog cc1_0
Hibernate: 
    select
        cc1_0.id,
        cc1_0.academic_degree,
        cc1_0.capacity,
        cc1_0.code,
        cc1_0.credits,
        cc1_0.department,
        cc1_0.description,
        cc1_0.enrolled,
        cc1_0.faculty_id,
        cc1_0.final_exam_schedule,
        cc1_0.instructor,
        cc1_0.is_gen_ed,
        cc1_0.mid_exam_schedule,
        cc1_0.name,
        cc1_0.prerequisites,
        cc1_0.rating,
        cc1_0.school,
        cc1_0.semester,
        cc1_0.tags,
        cc1_0.total_booked,
        cc1_0.total_seats,
        cc1_0.total_sections,
        cc1_0.academic_year 
    from
        course_catalog cc1_0
2026-09-04T19:56:03.134+06:00 DEBUG 18860 --- [campusconnect-backend] [nio-8080-exec-6] o.s.security.web.FilterChainProxy        : Securing GET /api/courses/catalog
2026-09-04T19:56:03.140+06:00 DEBUG 18860 --- [campusconnect-backend] [nio-8080-exec-6] o.s.security.web.FilterChainProxy        : Secured GET /api/courses/catalog
2026-09-04T19:56:03.144+06:00 DEBUG 18860 --- [campusconnect-backend] [nio-8080-exec-6] org.hibernate.SQL                        : 
    select
        cc1_0.id,
        cc1_0.academic_degree,
        cc1_0.capacity,
        cc1_0.code,
        cc1_0.credits,
        cc1_0.department,
        cc1_0.description,
        cc1_0.enrolled,
        cc1_0.faculty_id,
        cc1_0.final_exam_schedule,
        cc1_0.instructor,
        cc1_0.is_gen_ed,
        cc1_0.mid_exam_schedule,
        cc1_0.name,
        cc1_0.prerequisites,
        cc1_0.rating,
        cc1_0.school,
        cc1_0.semester,
        cc1_0.tags,
        cc1_0.total_booked,
        cc1_0.total_seats,
        cc1_0.total_sections,
        cc1_0.academic_year 
    from
        course_catalog cc1_0
Hibernate: 
    select
        cc1_0.id,
        cc1_0.academic_degree,
        cc1_0.capacity,
        cc1_0.code,
        cc1_0.credits,
        cc1_0.department,
        cc1_0.description,
        cc1_0.enrolled,
        cc1_0.faculty_id,
        cc1_0.final_exam_schedule,
        cc1_0.instructor,
        cc1_0.is_gen_ed,
        cc1_0.mid_exam_schedule,
        cc1_0.name,
        cc1_0.prerequisites,
        cc1_0.rating,
        cc1_0.school,
        cc1_0.semester,
        cc1_0.tags,
        cc1_0.total_booked,
        cc1_0.total_seats,
        cc1_0.total_sections,
        cc1_0.academic_year 
    from
        course_catalog cc1_0
2026-09-04T19:56:08.277+06:00 DEBUG 18860 --- [campusconnect-backend] [nio-8080-exec-8] o.s.security.web.FilterChainProxy        : Securing GET /api/account/profile
2026-09-04T19:56:08.288+06:00 DEBUG 18860 --- [campusconnect-backend] [nio-8080-exec-8] o.s.security.web.FilterChainProxy        : Secured GET /api/account/profile
2026-09-04T19:56:08.294+06:00 DEBUG 18860 --- [campusconnect-backend] [nio-8080-exec-8] org.hibernate.SQL                        : 
    select
        au1_0.id,
        au1_0.active,
        au1_0.created_at,
        au1_0.email,
        au1_0.full_name,
        au1_0.is_advisor,
        au1_0.password_hash,
        au1_0.reminder_hours,
        au1_0.role,
        au1_0.user_id 
    from
        app_users au1_0 
    where
        au1_0.user_id=?
Hibernate: 
    select
        au1_0.id,
        au1_0.active,
        au1_0.created_at,
        au1_0.email,
        au1_0.full_name,
        au1_0.is_advisor,
        au1_0.password_hash,
        au1_0.reminder_hours,
        au1_0.role,
        au1_0.user_id 
    from
        app_users au1_0 
    where
        au1_0.user_id=?
2026-09-04T19:56:08.298+06:00 DEBUG 18860 --- [campusconnect-backend] [nio-8080-exec-8] org.hibernate.SQL                        : 
    select
        sp1_0.student_id,
        sp1_0.advising_confirmed,
        sp1_0.advising_confirmed_at,
        sp1_0.cgpa,
        sp1_0.completed_courses,
        sp1_0.completed_credits,
        sp1_0.department,
        sp1_0.email,
        sp1_0.on_probation,
        sp1_0.student_name,
        sp1_0.year,
        ac1_0.student_id,
        ac1_0.id,
        ac1_0.assigned_at,
        ac1_0.assigned_by,
        ac1_0.course_code,
        ac1_0.course_title,
        ac1_0.credits,
        ac1_0.faculty,
        ac1_0.room,
        ac1_0.section,
        ac1_0.section_id,
        ac1_0.term,
        ac1_0.time 
    from
        student_profiles sp1_0 
    left join
        advised_courses ac1_0 
            on sp1_0.student_id=ac1_0.student_id 
    where
        sp1_0.student_id=?
Hibernate: 
    select
        sp1_0.student_id,
        sp1_0.advising_confirmed,
        sp1_0.advising_confirmed_at,
        sp1_0.cgpa,
        sp1_0.completed_courses,
        sp1_0.completed_credits,
        sp1_0.department,
        sp1_0.email,
        sp1_0.on_probation,
        sp1_0.student_name,
        sp1_0.year,
        ac1_0.student_id,
        ac1_0.id,
        ac1_0.assigned_at,
        ac1_0.assigned_by,
        ac1_0.course_code,
        ac1_0.course_title,
        ac1_0.credits,
        ac1_0.faculty,
        ac1_0.room,
        ac1_0.section,
        ac1_0.section_id,
        ac1_0.term,
        ac1_0.time 
    from
        student_profiles sp1_0 
    left join
        advised_courses ac1_0 
            on sp1_0.student_id=ac1_0.student_id 
    where
        sp1_0.student_id=?
2026-09-04T19:56:08.590+06:00 DEBUG 18860 --- [campusconnect-backend] [nio-8080-exec-1] o.s.security.web.FilterChainProxy        : Securing GET /api/account/profile-picture
2026-09-04T19:56:08.590+06:00 DEBUG 18860 --- [campusconnect-backend] [nio-8080-exec-5] o.s.security.web.FilterChainProxy        : Securing GET /api/account/preferences/in-app-notifications
2026-09-04T19:56:08.594+06:00 DEBUG 18860 --- [campusconnect-backend] [nio-8080-exec-1] o.s.security.web.FilterChainProxy        : Secured GET /api/account/profile-picture
2026-09-04T19:56:08.594+06:00 DEBUG 18860 --- [campusconnect-backend] [nio-8080-exec-5] o.s.security.web.FilterChainProxy        : Secured GET /api/account/preferences/in-app-notifications
2026-09-04T19:56:08.595+06:00 DEBUG 18860 --- [campusconnect-backend] [nio-8080-exec-1] org.hibernate.SQL                        : 
    select
        upp1_0.user_id,
        upp1_0.content_type,
        upp1_0.image_data 
    from
        user_profile_pictures upp1_0 
    where
        upp1_0.user_id=?
Hibernate: 
    select
        upp1_0.user_id,
        upp1_0.content_type,
        upp1_0.image_data 
    from
        user_profile_pictures upp1_0 
    where
        upp1_0.user_id=?
2026-09-04T19:56:08.595+06:00 DEBUG 18860 --- [campusconnect-backend] [nio-8080-exec-5] org.hibernate.SQL                        : 
    select
        ianp1_0.user_id,
        ianp1_0.advising,
        ianp1_0.announcements,
        ianp1_0.assignments,
        ianp1_0.exams,
        ianp1_0.grades 
    from
        in_app_notification_preferences ianp1_0 
    where
        ianp1_0.user_id=?
Hibernate: 
    select
        ianp1_0.user_id,
        ianp1_0.advising,
        ianp1_0.announcements,
        ianp1_0.assignments,
        ianp1_0.exams,
        ianp1_0.grades 
    from
        in_app_notification_preferences ianp1_0 
    where
        ianp1_0.user_id=?
2026-09-04T19:56:08.596+06:00  WARN 18860 --- [campusconnect-backend] [nio-8080-exec-1] .m.m.a.ExceptionHandlerExceptionResolver : Resolved [org.springframework.web.server.ResponseStatusException: 404 NOT_FOUND "Profile picture not found"]
2026-09-04T19:56:08.625+06:00 DEBUG 18860 --- [campusconnect-backend] [nio-8080-exec-9] o.s.security.web.FilterChainProxy        : Securing GET /api/account/profile
2026-09-04T19:56:08.628+06:00 DEBUG 18860 --- [campusconnect-backend] [nio-8080-exec-9] o.s.security.web.FilterChainProxy        : Secured GET /api/account/profile
2026-09-04T19:56:08.632+06:00 DEBUG 18860 --- [campusconnect-backend] [nio-8080-exec-9] org.hibernate.SQL                        : 
    select
        au1_0.id,
        au1_0.active,
        au1_0.created_at,
        au1_0.email,
        au1_0.full_name,
        au1_0.is_advisor,
        au1_0.password_hash,
        au1_0.reminder_hours,
        au1_0.role,
        au1_0.user_id 
    from
        app_users au1_0 
    where
        au1_0.user_id=?
Hibernate: 
    select
        au1_0.id,
        au1_0.active,
        au1_0.created_at,
        au1_0.email,
        au1_0.full_name,
        au1_0.is_advisor,
        au1_0.password_hash,
        au1_0.reminder_hours,
        au1_0.role,
        au1_0.user_id 
    from
        app_users au1_0 
    where
        au1_0.user_id=?
2026-09-04T19:56:08.633+06:00 DEBUG 18860 --- [campusconnect-backend] [nio-8080-exec-9] org.hibernate.SQL                        : 
    select
        sp1_0.student_id,
        sp1_0.advising_confirmed,
        sp1_0.advising_confirmed_at,
        sp1_0.cgpa,
        sp1_0.completed_courses,
        sp1_0.completed_credits,
        sp1_0.department,
        sp1_0.email,
        sp1_0.on_probation,
        sp1_0.student_name,
        sp1_0.year,
        ac1_0.student_id,
        ac1_0.id,
        ac1_0.assigned_at,
        ac1_0.assigned_by,
        ac1_0.course_code,
        ac1_0.course_title,
        ac1_0.credits,
        ac1_0.faculty,
        ac1_0.room,
        ac1_0.section,
        ac1_0.section_id,
        ac1_0.term,
        ac1_0.time 
    from
        student_profiles sp1_0 
    left join
        advised_courses ac1_0 
            on sp1_0.student_id=ac1_0.student_id 
    where
        sp1_0.student_id=?
Hibernate: 
    select
        sp1_0.student_id,
        sp1_0.advising_confirmed,
        sp1_0.advising_confirmed_at,
        sp1_0.cgpa,
        sp1_0.completed_courses,
        sp1_0.completed_credits,
        sp1_0.department,
        sp1_0.email,
        sp1_0.on_probation,
        sp1_0.student_name,
        sp1_0.year,
        ac1_0.student_id,
        ac1_0.id,
        ac1_0.assigned_at,
        ac1_0.assigned_by,
        ac1_0.course_code,
        ac1_0.course_title,
        ac1_0.credits,
        ac1_0.faculty,
        ac1_0.room,
        ac1_0.section,
        ac1_0.section_id,
        ac1_0.term,
        ac1_0.time 
    from
        student_profiles sp1_0 
    left join
        advised_courses ac1_0 
            on sp1_0.student_id=ac1_0.student_id 
    where
        sp1_0.student_id=?
2026-09-04T19:56:08.902+06:00 DEBUG 18860 --- [campusconnect-backend] [io-8080-exec-10] o.s.security.web.FilterChainProxy        : Securing GET /api/account/profile-picture
2026-09-04T19:56:08.902+06:00 DEBUG 18860 --- [campusconnect-backend] [nio-8080-exec-2] o.s.security.web.FilterChainProxy        : Securing GET /api/account/preferences/in-app-notifications
2026-09-04T19:56:08.908+06:00 DEBUG 18860 --- [campusconnect-backend] [io-8080-exec-10] o.s.security.web.FilterChainProxy        : Secured GET /api/account/profile-picture
2026-09-04T19:56:08.908+06:00 DEBUG 18860 --- [campusconnect-backend] [nio-8080-exec-2] o.s.security.web.FilterChainProxy        : Secured GET /api/account/preferences/in-app-notifications
2026-09-04T19:56:08.909+06:00 DEBUG 18860 --- [campusconnect-backend] [io-8080-exec-10] org.hibernate.SQL                        : 
    select
        upp1_0.user_id,
        upp1_0.content_type,
        upp1_0.image_data 
    from
        user_profile_pictures upp1_0 
    where
        upp1_0.user_id=?
2026-09-04T19:56:08.909+06:00 DEBUG 18860 --- [campusconnect-backend] [nio-8080-exec-2] org.hibernate.SQL                        : 
    select
        ianp1_0.user_id,
        ianp1_0.advising,
        ianp1_0.announcements,
        ianp1_0.assignments,
        ianp1_0.exams,
        ianp1_0.grades 
    from
        in_app_notification_preferences ianp1_0 
    where
        ianp1_0.user_id=?
Hibernate: 
    select
        ianp1_0.user_id,
        ianp1_0.advising,
        ianp1_0.announcements,
        ianp1_0.assignments,
        ianp1_0.exams,
        ianp1_0.grades 
    from
        in_app_notification_preferences ianp1_0 
    where
        ianp1_0.user_id=?
Hibernate: 
    select
        upp1_0.user_id,
        upp1_0.content_type,
        upp1_0.image_data 
    from
        user_profile_pictures upp1_0 
    where
        upp1_0.user_id=?
2026-09-04T19:56:08.911+06:00  WARN 18860 --- [campusconnect-backend] [io-8080-exec-10] .m.m.a.ExceptionHandlerExceptionResolver : Resolved [org.springframework.web.server.ResponseStatusException: 404 NOT_FOUND "Profile picture not found"]
2026-09-04T19:56:36.041+06:00 DEBUG 18860 --- [campusconnect-backend] [MessageBroker-7] org.hibernate.SQL                        : 
    select
        a1_0.id,
        a1_0.attachment_data,
        a1_0.attachment_name,
        a1_0.attachment_type,
        a1_0.course_code,
        a1_0.course_name,
        a1_0.created_at,
        a1_0.created_by,
        a1_0.deadline,
        a1_0.description,
        a1_0.title,
        a1_0.total_points 
    from
        assignments a1_0
Hibernate: 
    select
        a1_0.id,
        a1_0.attachment_data,
        a1_0.attachment_name,
        a1_0.attachment_type,
        a1_0.course_code,
        a1_0.course_name,
        a1_0.created_at,
        a1_0.created_by,
        a1_0.deadline,
        a1_0.description,
        a1_0.title,
        a1_0.total_points 
    from
        assignments a1_0
2026-09-04T19:59:07.627+06:00 DEBUG 18860 --- [campusconnect-backend] [nio-8080-exec-4] o.s.security.web.FilterChainProxy        : Securing GET /api/courses/catalog
2026-09-04T19:59:07.632+06:00 DEBUG 18860 --- [campusconnect-backend] [nio-8080-exec-4] o.s.security.web.FilterChainProxy        : Secured GET /api/courses/catalog
2026-09-04T19:59:07.638+06:00 DEBUG 18860 --- [campusconnect-backend] [nio-8080-exec-4] org.hibernate.SQL                        : 
    select
        cc1_0.id,
        cc1_0.academic_degree,
        cc1_0.capacity,
        cc1_0.code,
        cc1_0.credits,
        cc1_0.department,
        cc1_0.description,
        cc1_0.enrolled,
        cc1_0.faculty_id,
        cc1_0.final_exam_schedule,
        cc1_0.instructor,
        cc1_0.is_gen_ed,
        cc1_0.mid_exam_schedule,
        cc1_0.name,
        cc1_0.prerequisites,
        cc1_0.rating,
        cc1_0.school,
        cc1_0.semester,
        cc1_0.tags,
        cc1_0.total_booked,
        cc1_0.total_seats,
        cc1_0.total_sections,
        cc1_0.academic_year 
    from
        course_catalog cc1_0
Hibernate: 
    select
        cc1_0.id,
        cc1_0.academic_degree,
        cc1_0.capacity,
        cc1_0.code,
        cc1_0.credits,
        cc1_0.department,
        cc1_0.description,
        cc1_0.enrolled,
        cc1_0.faculty_id,
        cc1_0.final_exam_schedule,
        cc1_0.instructor,
        cc1_0.is_gen_ed,
        cc1_0.mid_exam_schedule,
        cc1_0.name,
        cc1_0.prerequisites,
        cc1_0.rating,
        cc1_0.school,
        cc1_0.semester,
        cc1_0.tags,
        cc1_0.total_booked,
        cc1_0.total_seats,
        cc1_0.total_sections,
        cc1_0.academic_year 
    from
        course_catalog cc1_0
2026-09-04T19:59:07.964+06:00 DEBUG 18860 --- [campusconnect-backend] [nio-8080-exec-3] o.s.security.web.FilterChainProxy        : Securing GET /api/courses/catalog
2026-09-04T19:59:07.968+06:00 DEBUG 18860 --- [campusconnect-backend] [nio-8080-exec-3] o.s.security.web.FilterChainProxy        : Secured GET /api/courses/catalog
2026-09-04T19:59:07.969+06:00 DEBUG 18860 --- [campusconnect-backend] [nio-8080-exec-3] org.hibernate.SQL                        : 
    select
        cc1_0.id,
        cc1_0.academic_degree,
        cc1_0.capacity,
        cc1_0.code,
        cc1_0.credits,
        cc1_0.department,
        cc1_0.description,
        cc1_0.enrolled,
        cc1_0.faculty_id,
        cc1_0.final_exam_schedule,
        cc1_0.instructor,
        cc1_0.is_gen_ed,
        cc1_0.mid_exam_schedule,
        cc1_0.name,
        cc1_0.prerequisites,
        cc1_0.rating,
        cc1_0.school,
        cc1_0.semester,
        cc1_0.tags,
        cc1_0.total_booked,
        cc1_0.total_seats,
        cc1_0.total_sections,
        cc1_0.academic_year 
    from
        course_catalog cc1_0
Hibernate: 
    select
        cc1_0.id,
        cc1_0.academic_degree,
        cc1_0.capacity,
        cc1_0.code,
        cc1_0.credits,
        cc1_0.department,
        cc1_0.description,
        cc1_0.enrolled,
        cc1_0.faculty_id,
        cc1_0.final_exam_schedule,
        cc1_0.instructor,
        cc1_0.is_gen_ed,
        cc1_0.mid_exam_schedule,
        cc1_0.name,
        cc1_0.prerequisites,
        cc1_0.rating,
        cc1_0.school,
        cc1_0.semester,
        cc1_0.tags,
        cc1_0.total_booked,
        cc1_0.total_seats,
        cc1_0.total_sections,
        cc1_0.academic_year 
    from
        course_catalog cc1_0
2026-09-04T19:59:15.062+06:00 DEBUG 18860 --- [campusconnect-backend] [nio-8080-exec-6] o.s.security.web.FilterChainProxy        : Securing GET /api/account/preferences/in-app-notifications
2026-09-04T19:59:15.062+06:00 DEBUG 18860 --- [campusconnect-backend] [nio-8080-exec-7] o.s.security.web.FilterChainProxy        : Securing GET /api/account/profile
2026-09-04T19:59:15.062+06:00 DEBUG 18860 --- [campusconnect-backend] [nio-8080-exec-8] o.s.security.web.FilterChainProxy        : Securing GET /api/account/profile-picture
2026-09-04T19:59:15.067+06:00 DEBUG 18860 --- [campusconnect-backend] [nio-8080-exec-8] o.s.security.web.FilterChainProxy        : Secured GET /api/account/profile-picture
2026-09-04T19:59:15.067+06:00 DEBUG 18860 --- [campusconnect-backend] [nio-8080-exec-7] o.s.security.web.FilterChainProxy        : Secured GET /api/account/profile
2026-09-04T19:59:15.067+06:00 DEBUG 18860 --- [campusconnect-backend] [nio-8080-exec-6] o.s.security.web.FilterChainProxy        : Secured GET /api/account/preferences/in-app-notifications
2026-09-04T19:59:15.068+06:00 DEBUG 18860 --- [campusconnect-backend] [nio-8080-exec-8] org.hibernate.SQL                        : 
    select
        upp1_0.user_id,
        upp1_0.content_type,
        upp1_0.image_data 
    from
        user_profile_pictures upp1_0 
    where
        upp1_0.user_id=?
Hibernate: 
    select
        upp1_0.user_id,
        upp1_0.content_type,
        upp1_0.image_data 
    from
        user_profile_pictures upp1_0 
    where
        upp1_0.user_id=?
2026-09-04T19:59:15.069+06:00 DEBUG 18860 --- [campusconnect-backend] [nio-8080-exec-6] org.hibernate.SQL                        : 
    select
        ianp1_0.user_id,
        ianp1_0.advising,
        ianp1_0.announcements,
        ianp1_0.assignments,
        ianp1_0.exams,
        ianp1_0.grades 
    from
        in_app_notification_preferences ianp1_0 
    where
        ianp1_0.user_id=?
Hibernate: 
    select
        ianp1_0.user_id,
        ianp1_0.advising,
        ianp1_0.announcements,
        ianp1_0.assignments,
        ianp1_0.exams,
        ianp1_0.grades 
    from
        in_app_notification_preferences ianp1_0 
    where
        ianp1_0.user_id=?
2026-09-04T19:59:15.069+06:00 DEBUG 18860 --- [campusconnect-backend] [nio-8080-exec-7] org.hibernate.SQL                        : 
    select
        au1_0.id,
        au1_0.active,
        au1_0.created_at,
        au1_0.email,
        au1_0.full_name,
        au1_0.is_advisor,
        au1_0.password_hash,
        au1_0.reminder_hours,
        au1_0.role,
        au1_0.user_id 
    from
        app_users au1_0 
    where
        au1_0.user_id=?
Hibernate: 
    select
        au1_0.id,
        au1_0.active,
        au1_0.created_at,
        au1_0.email,
        au1_0.full_name,
        au1_0.is_advisor,
        au1_0.password_hash,
        au1_0.reminder_hours,
        au1_0.role,
        au1_0.user_id 
    from
        app_users au1_0 
    where
        au1_0.user_id=?
2026-09-04T19:59:15.073+06:00  WARN 18860 --- [campusconnect-backend] [nio-8080-exec-8] .m.m.a.ExceptionHandlerExceptionResolver : Resolved [org.springframework.web.server.ResponseStatusException: 404 NOT_FOUND "Profile picture not found"]
2026-09-04T19:59:15.074+06:00 DEBUG 18860 --- [campusconnect-backend] [nio-8080-exec-7] org.hibernate.SQL                        : 
    select
        sp1_0.student_id,
        sp1_0.advising_confirmed,
        sp1_0.advising_confirmed_at,
        sp1_0.cgpa,
        sp1_0.completed_courses,
        sp1_0.completed_credits,
        sp1_0.department,
        sp1_0.email,
        sp1_0.on_probation,
        sp1_0.student_name,
        sp1_0.year,
        ac1_0.student_id,
        ac1_0.id,
        ac1_0.assigned_at,
        ac1_0.assigned_by,
        ac1_0.course_code,
        ac1_0.course_title,
        ac1_0.credits,
        ac1_0.faculty,
        ac1_0.room,
        ac1_0.section,
        ac1_0.section_id,
        ac1_0.term,
        ac1_0.time 
    from
        student_profiles sp1_0 
    left join
        advised_courses ac1_0 
            on sp1_0.student_id=ac1_0.student_id 
    where
        sp1_0.student_id=?
Hibernate: 
    select
        sp1_0.student_id,
        sp1_0.advising_confirmed,
        sp1_0.advising_confirmed_at,
        sp1_0.cgpa,
        sp1_0.completed_courses,
        sp1_0.completed_credits,
        sp1_0.department,
        sp1_0.email,
        sp1_0.on_probation,
        sp1_0.student_name,
        sp1_0.year,
        ac1_0.student_id,
        ac1_0.id,
        ac1_0.assigned_at,
        ac1_0.assigned_by,
        ac1_0.course_code,
        ac1_0.course_title,
        ac1_0.credits,
        ac1_0.faculty,
        ac1_0.room,
        ac1_0.section,
        ac1_0.section_id,
        ac1_0.term,
        ac1_0.time 
    from
        student_profiles sp1_0 
    left join
        advised_courses ac1_0 
            on sp1_0.student_id=ac1_0.student_id 
    where
        sp1_0.student_id=?
2026-09-04T19:59:15.323+06:00 DEBUG 18860 --- [campusconnect-backend] [nio-8080-exec-5] o.s.security.web.FilterChainProxy        : Securing GET /api/account/profile-picture
2026-09-04T19:59:15.330+06:00 DEBUG 18860 --- [campusconnect-backend] [nio-8080-exec-5] o.s.security.web.FilterChainProxy        : Secured GET /api/account/profile-picture
2026-09-04T19:59:15.331+06:00 DEBUG 18860 --- [campusconnect-backend] [nio-8080-exec-5] org.hibernate.SQL                        : 
    select
        upp1_0.user_id,
        upp1_0.content_type,
        upp1_0.image_data 
    from
        user_profile_pictures upp1_0 
    where
        upp1_0.user_id=?
Hibernate: 
    select
        upp1_0.user_id,
        upp1_0.content_type,
        upp1_0.image_data 
    from
        user_profile_pictures upp1_0 
    where
        upp1_0.user_id=?
2026-09-04T19:59:15.333+06:00  WARN 18860 --- [campusconnect-backend] [nio-8080-exec-5] .m.m.a.ExceptionHandlerExceptionResolver : Resolved [org.springframework.web.server.ResponseStatusException: 404 NOT_FOUND "Profile picture not found"]
2026-09-04T19:59:15.386+06:00 DEBUG 18860 --- [campusconnect-backend] [nio-8080-exec-1] o.s.security.web.FilterChainProxy        : Securing GET /api/account/preferences/in-app-notifications
2026-09-04T19:59:15.386+06:00 DEBUG 18860 --- [campusconnect-backend] [nio-8080-exec-9] o.s.security.web.FilterChainProxy        : Securing GET /api/account/profile
2026-09-04T19:59:15.390+06:00 DEBUG 18860 --- [campusconnect-backend] [nio-8080-exec-1] o.s.security.web.FilterChainProxy        : Secured GET /api/account/preferences/in-app-notifications
2026-09-04T19:59:15.391+06:00 DEBUG 18860 --- [campusconnect-backend] [nio-8080-exec-9] o.s.security.web.FilterChainProxy        : Secured GET /api/account/profile
2026-09-04T19:59:15.391+06:00 DEBUG 18860 --- [campusconnect-backend] [nio-8080-exec-1] org.hibernate.SQL                        : 
    select
        ianp1_0.user_id,
        ianp1_0.advising,
        ianp1_0.announcements,
        ianp1_0.assignments,
        ianp1_0.exams,
        ianp1_0.grades 
    from
        in_app_notification_preferences ianp1_0 
    where
        ianp1_0.user_id=?
Hibernate: 
    select
        ianp1_0.user_id,
        ianp1_0.advising,
        ianp1_0.announcements,
        ianp1_0.assignments,
        ianp1_0.exams,
        ianp1_0.grades 
    from
        in_app_notification_preferences ianp1_0 
    where
        ianp1_0.user_id=?
2026-09-04T19:59:15.392+06:00 DEBUG 18860 --- [campusconnect-backend] [nio-8080-exec-9] org.hibernate.SQL                        : 
    select
        au1_0.id,
        au1_0.active,
        au1_0.created_at,
        au1_0.email,
        au1_0.full_name,
        au1_0.is_advisor,
        au1_0.password_hash,
        au1_0.reminder_hours,
        au1_0.role,
        au1_0.user_id 
    from
        app_users au1_0 
    where
        au1_0.user_id=?
Hibernate: 
    select
        au1_0.id,
        au1_0.active,
        au1_0.created_at,
        au1_0.email,
        au1_0.full_name,
        au1_0.is_advisor,
        au1_0.password_hash,
        au1_0.reminder_hours,
        au1_0.role,
        au1_0.user_id 
    from
        app_users au1_0 
    where
        au1_0.user_id=?
2026-09-04T19:59:15.394+06:00 DEBUG 18860 --- [campusconnect-backend] [nio-8080-exec-9] org.hibernate.SQL                        : 
    select
        sp1_0.student_id,
        sp1_0.advising_confirmed,
        sp1_0.advising_confirmed_at,
        sp1_0.cgpa,
        sp1_0.completed_courses,
        sp1_0.completed_credits,
        sp1_0.department,
        sp1_0.email,
        sp1_0.on_probation,
        sp1_0.student_name,
        sp1_0.year,
        ac1_0.student_id,
        ac1_0.id,
        ac1_0.assigned_at,
        ac1_0.assigned_by,
        ac1_0.course_code,
        ac1_0.course_title,
        ac1_0.credits,
        ac1_0.faculty,
        ac1_0.room,
        ac1_0.section,
        ac1_0.section_id,
        ac1_0.term,
        ac1_0.time 
    from
        student_profiles sp1_0 
    left join
        advised_courses ac1_0 
            on sp1_0.student_id=ac1_0.student_id 
    where
        sp1_0.student_id=?
Hibernate: 
    select
        sp1_0.student_id,
        sp1_0.advising_confirmed,
        sp1_0.advising_confirmed_at,
        sp1_0.cgpa,
        sp1_0.completed_courses,
        sp1_0.completed_credits,
        sp1_0.department,
        sp1_0.email,
        sp1_0.on_probation,
        sp1_0.student_name,
        sp1_0.year,
        ac1_0.student_id,
        ac1_0.id,
        ac1_0.assigned_at,
        ac1_0.assigned_by,
        ac1_0.course_code,
        ac1_0.course_title,
        ac1_0.credits,
        ac1_0.faculty,
        ac1_0.room,
        ac1_0.section,
        ac1_0.section_id,
        ac1_0.term,
        ac1_0.time 
    from
        student_profiles sp1_0 
    left join
        advised_courses ac1_0 
            on sp1_0.student_id=ac1_0.student_id 
    where
        sp1_0.student_id=?
2026-09-04T20:01:36.038+06:00 DEBUG 18860 --- [campusconnect-backend] [MessageBroker-8] org.hibernate.SQL                        : 
    select
        a1_0.id,
        a1_0.attachment_data,
        a1_0.attachment_name,
        a1_0.attachment_type,
        a1_0.course_code,
        a1_0.course_name,
        a1_0.created_at,
        a1_0.created_by,
        a1_0.deadline,
        a1_0.description,
        a1_0.title,
        a1_0.total_points 
    from
        assignments a1_0
Hibernate: 
    select
        a1_0.id,
        a1_0.attachment_data,
        a1_0.attachment_name,
        a1_0.attachment_type,
        a1_0.course_code,
        a1_0.course_name,
        a1_0.created_at,
        a1_0.created_by,
        a1_0.deadline,
        a1_0.description,
        a1_0.title,
        a1_0.total_points 
    from
        assignments a1_0
2026-09-04T20:04:00.558+06:00 DEBUG 18860 --- [campusconnect-backend] [nio-8080-exec-2] o.s.security.web.FilterChainProxy        : Securing GET /api/courses/catalog
2026-09-04T20:04:00.564+06:00 DEBUG 18860 --- [campusconnect-backend] [nio-8080-exec-2] o.s.security.web.FilterChainProxy        : Secured GET /api/courses/catalog
2026-09-04T20:04:00.568+06:00 DEBUG 18860 --- [campusconnect-backend] [nio-8080-exec-2] org.hibernate.SQL                        : 
    select
        cc1_0.id,
        cc1_0.academic_degree,
        cc1_0.capacity,
        cc1_0.code,
        cc1_0.credits,
        cc1_0.department,
        cc1_0.description,
        cc1_0.enrolled,
        cc1_0.faculty_id,
        cc1_0.final_exam_schedule,
        cc1_0.instructor,
        cc1_0.is_gen_ed,
        cc1_0.mid_exam_schedule,
        cc1_0.name,
        cc1_0.prerequisites,
        cc1_0.rating,
        cc1_0.school,
        cc1_0.semester,
        cc1_0.tags,
        cc1_0.total_booked,
        cc1_0.total_seats,
        cc1_0.total_sections,
        cc1_0.academic_year 
    from
        course_catalog cc1_0
Hibernate: 
    select
        cc1_0.id,
        cc1_0.academic_degree,
        cc1_0.capacity,
        cc1_0.code,
        cc1_0.credits,
        cc1_0.department,
        cc1_0.description,
        cc1_0.enrolled,
        cc1_0.faculty_id,
        cc1_0.final_exam_schedule,
        cc1_0.instructor,
        cc1_0.is_gen_ed,
        cc1_0.mid_exam_schedule,
        cc1_0.name,
        cc1_0.prerequisites,
        cc1_0.rating,
        cc1_0.school,
        cc1_0.semester,
        cc1_0.tags,
        cc1_0.total_booked,
        cc1_0.total_seats,
        cc1_0.total_sections,
        cc1_0.academic_year 
    from
        course_catalog cc1_0
2026-09-04T20:04:00.590+06:00 DEBUG 18860 --- [campusconnect-backend] [io-8080-exec-10] o.s.security.web.FilterChainProxy        : Securing GET /api/courses/catalog
2026-09-04T20:04:00.609+06:00 DEBUG 18860 --- [campusconnect-backend] [io-8080-exec-10] o.s.security.web.FilterChainProxy        : Secured GET /api/courses/catalog
2026-09-04T20:04:00.618+06:00 DEBUG 18860 --- [campusconnect-backend] [io-8080-exec-10] org.hibernate.SQL                        : 
    select
        cc1_0.id,
        cc1_0.academic_degree,
        cc1_0.capacity,
        cc1_0.code,
        cc1_0.credits,
        cc1_0.department,
        cc1_0.description,
        cc1_0.enrolled,
        cc1_0.faculty_id,
        cc1_0.final_exam_schedule,
        cc1_0.instructor,
        cc1_0.is_gen_ed,
        cc1_0.mid_exam_schedule,
        cc1_0.name,
        cc1_0.prerequisites,
        cc1_0.rating,
        cc1_0.school,
        cc1_0.semester,
        cc1_0.tags,
        cc1_0.total_booked,
        cc1_0.total_seats,
        cc1_0.total_sections,
        cc1_0.academic_year 
    from
        course_catalog cc1_0
Hibernate: 
    select
        cc1_0.id,
        cc1_0.academic_degree,
        cc1_0.capacity,
        cc1_0.code,
        cc1_0.credits,
        cc1_0.department,
        cc1_0.description,
        cc1_0.enrolled,
        cc1_0.faculty_id,
        cc1_0.final_exam_schedule,
        cc1_0.instructor,
        cc1_0.is_gen_ed,
        cc1_0.mid_exam_schedule,
        cc1_0.name,
        cc1_0.prerequisites,
        cc1_0.rating,
        cc1_0.school,
        cc1_0.semester,
        cc1_0.tags,
        cc1_0.total_booked,
        cc1_0.total_seats,
        cc1_0.total_sections,
        cc1_0.academic_year 
    from
        course_catalog cc1_0
2026-09-04T20:05:11.480+06:00 DEBUG 18860 --- [campusconnect-backend] [nio-8080-exec-4] o.s.security.web.FilterChainProxy        : Securing GET /api/account/profile
2026-09-04T20:05:11.480+06:00 DEBUG 18860 --- [campusconnect-backend] [nio-8080-exec-8] o.s.security.web.FilterChainProxy        : Securing GET /api/account/preferences/in-app-notifications
2026-09-04T20:05:11.480+06:00 DEBUG 18860 --- [campusconnect-backend] [nio-8080-exec-3] o.s.security.web.FilterChainProxy        : Securing GET /api/account/profile-picture
2026-09-04T20:05:11.484+06:00 DEBUG 18860 --- [campusconnect-backend] [nio-8080-exec-4] o.s.security.web.FilterChainProxy        : Secured GET /api/account/profile
2026-09-04T20:05:11.484+06:00 DEBUG 18860 --- [campusconnect-backend] [nio-8080-exec-3] o.s.security.web.FilterChainProxy        : Secured GET /api/account/profile-picture
2026-09-04T20:05:11.484+06:00 DEBUG 18860 --- [campusconnect-backend] [nio-8080-exec-8] o.s.security.web.FilterChainProxy        : Secured GET /api/account/preferences/in-app-notifications
2026-09-04T20:05:11.486+06:00 DEBUG 18860 --- [campusconnect-backend] [nio-8080-exec-8] org.hibernate.SQL                        : 
    select
        ianp1_0.user_id,
        ianp1_0.advising,
        ianp1_0.announcements,
        ianp1_0.assignments,
        ianp1_0.exams,
        ianp1_0.grades 
    from
        in_app_notification_preferences ianp1_0 
    where
        ianp1_0.user_id=?
Hibernate: 
    select
        ianp1_0.user_id,
        ianp1_0.advising,
        ianp1_0.announcements,
        ianp1_0.assignments,
        ianp1_0.exams,
        ianp1_0.grades 
    from
        in_app_notification_preferences ianp1_0 
    where
        ianp1_0.user_id=?
2026-09-04T20:05:11.486+06:00 DEBUG 18860 --- [campusconnect-backend] [nio-8080-exec-3] org.hibernate.SQL                        : 
    select
        upp1_0.user_id,
        upp1_0.content_type,
        upp1_0.image_data 
    from
        user_profile_pictures upp1_0 
    where
        upp1_0.user_id=?
Hibernate: 
    select
        upp1_0.user_id,
        upp1_0.content_type,
        upp1_0.image_data 
    from
        user_profile_pictures upp1_0 
    where
        upp1_0.user_id=?
2026-09-04T20:05:11.487+06:00 DEBUG 18860 --- [campusconnect-backend] [nio-8080-exec-4] org.hibernate.SQL                        : 
    select
        au1_0.id,
        au1_0.active,
        au1_0.created_at,
        au1_0.email,
        au1_0.full_name,
        au1_0.is_advisor,
        au1_0.password_hash,
        au1_0.reminder_hours,
        au1_0.role,
        au1_0.user_id 
    from
        app_users au1_0 
    where
        au1_0.user_id=?
Hibernate: 
    select
        au1_0.id,
        au1_0.active,
        au1_0.created_at,
        au1_0.email,
        au1_0.full_name,
        au1_0.is_advisor,
        au1_0.password_hash,
        au1_0.reminder_hours,
        au1_0.role,
        au1_0.user_id 
    from
        app_users au1_0 
    where
        au1_0.user_id=?
2026-09-04T20:05:11.492+06:00  WARN 18860 --- [campusconnect-backend] [nio-8080-exec-3] .m.m.a.ExceptionHandlerExceptionResolver : Resolved [org.springframework.web.server.ResponseStatusException: 404 NOT_FOUND "Profile picture not found"]
2026-09-04T20:05:11.492+06:00 DEBUG 18860 --- [campusconnect-backend] [nio-8080-exec-4] org.hibernate.SQL                        : 
    select
        sp1_0.student_id,
        sp1_0.advising_confirmed,
        sp1_0.advising_confirmed_at,
        sp1_0.cgpa,
        sp1_0.completed_courses,
        sp1_0.completed_credits,
        sp1_0.department,
        sp1_0.email,
        sp1_0.on_probation,
        sp1_0.student_name,
        sp1_0.year,
        ac1_0.student_id,
        ac1_0.id,
        ac1_0.assigned_at,
        ac1_0.assigned_by,
        ac1_0.course_code,
        ac1_0.course_title,
        ac1_0.credits,
        ac1_0.faculty,
        ac1_0.room,
        ac1_0.section,
        ac1_0.section_id,
        ac1_0.term,
        ac1_0.time 
    from
        student_profiles sp1_0 
    left join
        advised_courses ac1_0 
            on sp1_0.student_id=ac1_0.student_id 
    where
        sp1_0.student_id=?
Hibernate: 
    select
        sp1_0.student_id,
        sp1_0.advising_confirmed,
        sp1_0.advising_confirmed_at,
        sp1_0.cgpa,
        sp1_0.completed_courses,
        sp1_0.completed_credits,
        sp1_0.department,
        sp1_0.email,
        sp1_0.on_probation,
        sp1_0.student_name,
        sp1_0.year,
        ac1_0.student_id,
        ac1_0.id,
        ac1_0.assigned_at,
        ac1_0.assigned_by,
        ac1_0.course_code,
        ac1_0.course_title,
        ac1_0.credits,
        ac1_0.faculty,
        ac1_0.room,
        ac1_0.section,
        ac1_0.section_id,
        ac1_0.term,
        ac1_0.time 
    from
        student_profiles sp1_0 
    left join
        advised_courses ac1_0 
            on sp1_0.student_id=ac1_0.student_id 
    where
        sp1_0.student_id=?
2026-09-04T20:05:11.731+06:00 DEBUG 18860 --- [campusconnect-backend] [nio-8080-exec-6] o.s.security.web.FilterChainProxy        : Securing GET /api/account/preferences/in-app-notifications
2026-09-04T20:05:11.734+06:00 DEBUG 18860 --- [campusconnect-backend] [nio-8080-exec-6] o.s.security.web.FilterChainProxy        : Secured GET /api/account/preferences/in-app-notifications
2026-09-04T20:05:11.736+06:00 DEBUG 18860 --- [campusconnect-backend] [nio-8080-exec-6] org.hibernate.SQL                        : 
    select
        ianp1_0.user_id,
        ianp1_0.advising,
        ianp1_0.announcements,
        ianp1_0.assignments,
        ianp1_0.exams,
        ianp1_0.grades 
    from
        in_app_notification_preferences ianp1_0 
    where
        ianp1_0.user_id=?
Hibernate: 
    select
        ianp1_0.user_id,
        ianp1_0.advising,
        ianp1_0.announcements,
        ianp1_0.assignments,
        ianp1_0.exams,
        ianp1_0.grades 
    from
        in_app_notification_preferences ianp1_0 
    where
        ianp1_0.user_id=?
2026-09-04T20:05:11.810+06:00 DEBUG 18860 --- [campusconnect-backend] [nio-8080-exec-5] o.s.security.web.FilterChainProxy        : Securing GET /api/account/profile
2026-09-04T20:05:11.810+06:00 DEBUG 18860 --- [campusconnect-backend] [nio-8080-exec-7] o.s.security.web.FilterChainProxy        : Securing GET /api/account/profile-picture
2026-09-04T20:05:11.814+06:00 DEBUG 18860 --- [campusconnect-backend] [nio-8080-exec-5] o.s.security.web.FilterChainProxy        : Secured GET /api/account/profile
2026-09-04T20:05:11.814+06:00 DEBUG 18860 --- [campusconnect-backend] [nio-8080-exec-7] o.s.security.web.FilterChainProxy        : Secured GET /api/account/profile-picture
2026-09-04T20:05:11.816+06:00 DEBUG 18860 --- [campusconnect-backend] [nio-8080-exec-7] org.hibernate.SQL                        : 
    select
        upp1_0.user_id,
        upp1_0.content_type,
        upp1_0.image_data 
    from
        user_profile_pictures upp1_0 
    where
        upp1_0.user_id=?
Hibernate: 
    select
        upp1_0.user_id,
        upp1_0.content_type,
        upp1_0.image_data 
    from
        user_profile_pictures upp1_0 
    where
        upp1_0.user_id=?
2026-09-04T20:05:11.816+06:00 DEBUG 18860 --- [campusconnect-backend] [nio-8080-exec-5] org.hibernate.SQL                        : 
    select
        au1_0.id,
        au1_0.active,
        au1_0.created_at,
        au1_0.email,
        au1_0.full_name,
        au1_0.is_advisor,
        au1_0.password_hash,
        au1_0.reminder_hours,
        au1_0.role,
        au1_0.user_id 
    from
        app_users au1_0 
    where
        au1_0.user_id=?
Hibernate: 
    select
        au1_0.id,
        au1_0.active,
        au1_0.created_at,
        au1_0.email,
        au1_0.full_name,
        au1_0.is_advisor,
        au1_0.password_hash,
        au1_0.reminder_hours,
        au1_0.role,
        au1_0.user_id 
    from
        app_users au1_0 
    where
        au1_0.user_id=?
2026-09-04T20:05:11.821+06:00  WARN 18860 --- [campusconnect-backend] [nio-8080-exec-7] .m.m.a.ExceptionHandlerExceptionResolver : Resolved [org.springframework.web.server.ResponseStatusException: 404 NOT_FOUND "Profile picture not found"]
2026-09-04T20:05:11.821+06:00 DEBUG 18860 --- [campusconnect-backend] [nio-8080-exec-5] org.hibernate.SQL                        : 
    select
        sp1_0.student_id,
        sp1_0.advising_confirmed,
        sp1_0.advising_confirmed_at,
        sp1_0.cgpa,
        sp1_0.completed_courses,
        sp1_0.completed_credits,
        sp1_0.department,
        sp1_0.email,
        sp1_0.on_probation,
        sp1_0.student_name,
        sp1_0.year,
        ac1_0.student_id,
        ac1_0.id,
        ac1_0.assigned_at,
        ac1_0.assigned_by,
        ac1_0.course_code,
        ac1_0.course_title,
        ac1_0.credits,
        ac1_0.faculty,
        ac1_0.room,
        ac1_0.section,
        ac1_0.section_id,
        ac1_0.term,
        ac1_0.time 
    from
        student_profiles sp1_0 
    left join
        advised_courses ac1_0 
            on sp1_0.student_id=ac1_0.student_id 
    where
        sp1_0.student_id=?
Hibernate: 
    select
        sp1_0.student_id,
        sp1_0.advising_confirmed,
        sp1_0.advising_confirmed_at,
        sp1_0.cgpa,
        sp1_0.completed_courses,
        sp1_0.completed_credits,
        sp1_0.department,
        sp1_0.email,
        sp1_0.on_probation,
        sp1_0.student_name,
        sp1_0.year,
        ac1_0.student_id,
        ac1_0.id,
        ac1_0.assigned_at,
        ac1_0.assigned_by,
        ac1_0.course_code,
        ac1_0.course_title,
        ac1_0.credits,
        ac1_0.faculty,
        ac1_0.room,
        ac1_0.section,
        ac1_0.section_id,
        ac1_0.term,
        ac1_0.time 
    from
        student_profiles sp1_0 
    left join
        advised_courses ac1_0 
            on sp1_0.student_id=ac1_0.student_id 
    where
        sp1_0.student_id=?
2026-09-04T20:05:18.652+06:00 DEBUG 18860 --- [campusconnect-backend] [nio-8080-exec-1] o.s.security.web.FilterChainProxy        : Securing GET /api/courses/catalog
2026-09-04T20:05:18.656+06:00 DEBUG 18860 --- [campusconnect-backend] [nio-8080-exec-1] o.s.security.web.FilterChainProxy        : Secured GET /api/courses/catalog
2026-09-04T20:05:18.658+06:00 DEBUG 18860 --- [campusconnect-backend] [nio-8080-exec-1] org.hibernate.SQL                        : 
    select
        cc1_0.id,
        cc1_0.academic_degree,
        cc1_0.capacity,
        cc1_0.code,
        cc1_0.credits,
        cc1_0.department,
        cc1_0.description,
        cc1_0.enrolled,
        cc1_0.faculty_id,
        cc1_0.final_exam_schedule,
        cc1_0.instructor,
        cc1_0.is_gen_ed,
        cc1_0.mid_exam_schedule,
        cc1_0.name,
        cc1_0.prerequisites,
        cc1_0.rating,
        cc1_0.school,
        cc1_0.semester,
        cc1_0.tags,
        cc1_0.total_booked,
        cc1_0.total_seats,
        cc1_0.total_sections,
        cc1_0.academic_year 
    from
        course_catalog cc1_0
Hibernate: 
    select
        cc1_0.id,
        cc1_0.academic_degree,
        cc1_0.capacity,
        cc1_0.code,
        cc1_0.credits,
        cc1_0.department,
        cc1_0.description,
        cc1_0.enrolled,
        cc1_0.faculty_id,
        cc1_0.final_exam_schedule,
        cc1_0.instructor,
        cc1_0.is_gen_ed,
        cc1_0.mid_exam_schedule,
        cc1_0.name,
        cc1_0.prerequisites,
        cc1_0.rating,
        cc1_0.school,
        cc1_0.semester,
        cc1_0.tags,
        cc1_0.total_booked,
        cc1_0.total_seats,
        cc1_0.total_sections,
        cc1_0.academic_year 
    from
        course_catalog cc1_0
2026-09-04T20:05:18.969+06:00 DEBUG 18860 --- [campusconnect-backend] [nio-8080-exec-9] o.s.security.web.FilterChainProxy        : Securing GET /api/courses/catalog
2026-09-04T20:05:18.972+06:00 DEBUG 18860 --- [campusconnect-backend] [nio-8080-exec-9] o.s.security.web.FilterChainProxy        : Secured GET /api/courses/catalog
2026-09-04T20:05:18.974+06:00 DEBUG 18860 --- [campusconnect-backend] [nio-8080-exec-9] org.hibernate.SQL                        : 
    select
        cc1_0.id,
        cc1_0.academic_degree,
        cc1_0.capacity,
        cc1_0.code,
        cc1_0.credits,
        cc1_0.department,
        cc1_0.description,
        cc1_0.enrolled,
        cc1_0.faculty_id,
        cc1_0.final_exam_schedule,
        cc1_0.instructor,
        cc1_0.is_gen_ed,
        cc1_0.mid_exam_schedule,
        cc1_0.name,
        cc1_0.prerequisites,
        cc1_0.rating,
        cc1_0.school,
        cc1_0.semester,
        cc1_0.tags,
        cc1_0.total_booked,
        cc1_0.total_seats,
        cc1_0.total_sections,
        cc1_0.academic_year 
    from
        course_catalog cc1_0
Hibernate: 
    select
        cc1_0.id,
        cc1_0.academic_degree,
        cc1_0.capacity,
        cc1_0.code,
        cc1_0.credits,
        cc1_0.department,
        cc1_0.description,
        cc1_0.enrolled,
        cc1_0.faculty_id,
        cc1_0.final_exam_schedule,
        cc1_0.instructor,
        cc1_0.is_gen_ed,
        cc1_0.mid_exam_schedule,
        cc1_0.name,
        cc1_0.prerequisites,
        cc1_0.rating,
        cc1_0.school,
        cc1_0.semester,
        cc1_0.tags,
        cc1_0.total_booked,
        cc1_0.total_seats,
        cc1_0.total_sections,
        cc1_0.academic_year 
    from
        course_catalog cc1_0
2026-09-04T20:05:21.156+06:00 DEBUG 18860 --- [campusconnect-backend] [io-8080-exec-10] o.s.security.web.FilterChainProxy        : Securing GET /api/account/preferences/in-app-notifications
2026-09-04T20:05:21.156+06:00 DEBUG 18860 --- [campusconnect-backend] [nio-8080-exec-8] o.s.security.web.FilterChainProxy        : Securing GET /api/account/profile-picture
2026-09-04T20:05:21.156+06:00 DEBUG 18860 --- [campusconnect-backend] [nio-8080-exec-2] o.s.security.web.FilterChainProxy        : Securing GET /api/account/profile
2026-09-04T20:05:21.160+06:00 DEBUG 18860 --- [campusconnect-backend] [nio-8080-exec-2] o.s.security.web.FilterChainProxy        : Secured GET /api/account/profile
2026-09-04T20:05:21.160+06:00 DEBUG 18860 --- [campusconnect-backend] [io-8080-exec-10] o.s.security.web.FilterChainProxy        : Secured GET /api/account/preferences/in-app-notifications
2026-09-04T20:05:21.160+06:00 DEBUG 18860 --- [campusconnect-backend] [nio-8080-exec-8] o.s.security.web.FilterChainProxy        : Secured GET /api/account/profile-picture
2026-09-04T20:05:21.162+06:00 DEBUG 18860 --- [campusconnect-backend] [nio-8080-exec-8] org.hibernate.SQL                        : 
    select
        upp1_0.user_id,
        upp1_0.content_type,
        upp1_0.image_data 
    from
        user_profile_pictures upp1_0 
    where
        upp1_0.user_id=?
Hibernate: 
    select
        upp1_0.user_id,
        upp1_0.content_type,
        upp1_0.image_data 
    from
        user_profile_pictures upp1_0 
    where
        upp1_0.user_id=?
2026-09-04T20:05:21.162+06:00 DEBUG 18860 --- [campusconnect-backend] [nio-8080-exec-2] org.hibernate.SQL                        : 
    select
        au1_0.id,
        au1_0.active,
        au1_0.created_at,
        au1_0.email,
        au1_0.full_name,
        au1_0.is_advisor,
        au1_0.password_hash,
        au1_0.reminder_hours,
        au1_0.role,
        au1_0.user_id 
    from
        app_users au1_0 
    where
        au1_0.user_id=?
Hibernate: 
    select
        au1_0.id,
        au1_0.active,
        au1_0.created_at,
        au1_0.email,
        au1_0.full_name,
        au1_0.is_advisor,
        au1_0.password_hash,
        au1_0.reminder_hours,
        au1_0.role,
        au1_0.user_id 
    from
        app_users au1_0 
    where
        au1_0.user_id=?
2026-09-04T20:05:21.162+06:00 DEBUG 18860 --- [campusconnect-backend] [io-8080-exec-10] org.hibernate.SQL                        : 
    select
        ianp1_0.user_id,
        ianp1_0.advising,
        ianp1_0.announcements,
        ianp1_0.assignments,
        ianp1_0.exams,
        ianp1_0.grades 
    from
        in_app_notification_preferences ianp1_0 
    where
        ianp1_0.user_id=?
Hibernate: 
    select
        ianp1_0.user_id,
        ianp1_0.advising,
        ianp1_0.announcements,
        ianp1_0.assignments,
        ianp1_0.exams,
        ianp1_0.grades 
    from
        in_app_notification_preferences ianp1_0 
    where
        ianp1_0.user_id=?
2026-09-04T20:05:21.163+06:00 DEBUG 18860 --- [campusconnect-backend] [nio-8080-exec-2] org.hibernate.SQL                        : 
    select
        sp1_0.student_id,
        sp1_0.advising_confirmed,
        sp1_0.advising_confirmed_at,
        sp1_0.cgpa,
        sp1_0.completed_courses,
        sp1_0.completed_credits,
        sp1_0.department,
        sp1_0.email,
        sp1_0.on_probation,
        sp1_0.student_name,
        sp1_0.year,
        ac1_0.student_id,
        ac1_0.id,
        ac1_0.assigned_at,
        ac1_0.assigned_by,
        ac1_0.course_code,
        ac1_0.course_title,
        ac1_0.credits,
        ac1_0.faculty,
        ac1_0.room,
        ac1_0.section,
        ac1_0.section_id,
        ac1_0.term,
        ac1_0.time 
    from
        student_profiles sp1_0 
    left join
        advised_courses ac1_0 
            on sp1_0.student_id=ac1_0.student_id 
    where
        sp1_0.student_id=?
Hibernate: 
    select
        sp1_0.student_id,
        sp1_0.advising_confirmed,
        sp1_0.advising_confirmed_at,
        sp1_0.cgpa,
        sp1_0.completed_courses,
        sp1_0.completed_credits,
        sp1_0.department,
        sp1_0.email,
        sp1_0.on_probation,
        sp1_0.student_name,
        sp1_0.year,
        ac1_0.student_id,
        ac1_0.id,
        ac1_0.assigned_at,
        ac1_0.assigned_by,
        ac1_0.course_code,
        ac1_0.course_title,
        ac1_0.credits,
        ac1_0.faculty,
        ac1_0.room,
        ac1_0.section,
        ac1_0.section_id,
        ac1_0.term,
        ac1_0.time 
    from
        student_profiles sp1_0 
    left join
        advised_courses ac1_0 
            on sp1_0.student_id=ac1_0.student_id 
    where
        sp1_0.student_id=?
2026-09-04T20:05:21.164+06:00  WARN 18860 --- [campusconnect-backend] [nio-8080-exec-8] .m.m.a.ExceptionHandlerExceptionResolver : Resolved [org.springframework.web.server.ResponseStatusException: 404 NOT_FOUND "Profile picture not found"]
2026-09-04T20:05:21.422+06:00 DEBUG 18860 --- [campusconnect-backend] [nio-8080-exec-3] o.s.security.web.FilterChainProxy        : Securing GET /api/account/profile-picture
2026-09-04T20:05:21.425+06:00 DEBUG 18860 --- [campusconnect-backend] [nio-8080-exec-3] o.s.security.web.FilterChainProxy        : Secured GET /api/account/profile-picture
2026-09-04T20:05:21.426+06:00 DEBUG 18860 --- [campusconnect-backend] [nio-8080-exec-3] org.hibernate.SQL                        : 
    select
        upp1_0.user_id,
        upp1_0.content_type,
        upp1_0.image_data 
    from
        user_profile_pictures upp1_0 
    where
        upp1_0.user_id=?
Hibernate: 
    select
        upp1_0.user_id,
        upp1_0.content_type,
        upp1_0.image_data 
    from
        user_profile_pictures upp1_0 
    where
        upp1_0.user_id=?
2026-09-04T20:05:21.427+06:00  WARN 18860 --- [campusconnect-backend] [nio-8080-exec-3] .m.m.a.ExceptionHandlerExceptionResolver : Resolved [org.springframework.web.server.ResponseStatusException: 404 NOT_FOUND "Profile picture not found"]
2026-09-04T20:05:21.468+06:00 DEBUG 18860 --- [campusconnect-backend] [nio-8080-exec-4] o.s.security.web.FilterChainProxy        : Securing GET /api/account/preferences/in-app-notifications
2026-09-04T20:05:21.468+06:00 DEBUG 18860 --- [campusconnect-backend] [nio-8080-exec-6] o.s.security.web.FilterChainProxy        : Securing GET /api/account/profile
2026-09-04T20:05:21.471+06:00 DEBUG 18860 --- [campusconnect-backend] [nio-8080-exec-4] o.s.security.web.FilterChainProxy        : Secured GET /api/account/preferences/in-app-notifications
2026-09-04T20:05:21.471+06:00 DEBUG 18860 --- [campusconnect-backend] [nio-8080-exec-6] o.s.security.web.FilterChainProxy        : Secured GET /api/account/profile
2026-09-04T20:05:21.472+06:00 DEBUG 18860 --- [campusconnect-backend] [nio-8080-exec-4] org.hibernate.SQL                        : 
    select
        ianp1_0.user_id,
        ianp1_0.advising,
        ianp1_0.announcements,
        ianp1_0.assignments,
        ianp1_0.exams,
        ianp1_0.grades 
    from
        in_app_notification_preferences ianp1_0 
    where
        ianp1_0.user_id=?
Hibernate: 
    select
        ianp1_0.user_id,
        ianp1_0.advising,
        ianp1_0.announcements,
        ianp1_0.assignments,
        ianp1_0.exams,
        ianp1_0.grades 
    from
        in_app_notification_preferences ianp1_0 
    where
        ianp1_0.user_id=?
2026-09-04T20:05:21.473+06:00 DEBUG 18860 --- [campusconnect-backend] [nio-8080-exec-6] org.hibernate.SQL                        : 
    select
        au1_0.id,
        au1_0.active,
        au1_0.created_at,
        au1_0.email,
        au1_0.full_name,
        au1_0.is_advisor,
        au1_0.password_hash,
        au1_0.reminder_hours,
        au1_0.role,
        au1_0.user_id 
    from
        app_users au1_0 
    where
        au1_0.user_id=?
Hibernate: 
    select
        au1_0.id,
        au1_0.active,
        au1_0.created_at,
        au1_0.email,
        au1_0.full_name,
        au1_0.is_advisor,
        au1_0.password_hash,
        au1_0.reminder_hours,
        au1_0.role,
        au1_0.user_id 
    from
        app_users au1_0 
    where
        au1_0.user_id=?
2026-09-04T20:05:21.474+06:00 DEBUG 18860 --- [campusconnect-backend] [nio-8080-exec-6] org.hibernate.SQL                        : 
    select
        sp1_0.student_id,
        sp1_0.advising_confirmed,
        sp1_0.advising_confirmed_at,
        sp1_0.cgpa,
        sp1_0.completed_courses,
        sp1_0.completed_credits,
        sp1_0.department,
        sp1_0.email,
        sp1_0.on_probation,
        sp1_0.student_name,
        sp1_0.year,
        ac1_0.student_id,
        ac1_0.id,
        ac1_0.assigned_at,
        ac1_0.assigned_by,
        ac1_0.course_code,
        ac1_0.course_title,
        ac1_0.credits,
        ac1_0.faculty,
        ac1_0.room,
        ac1_0.section,
        ac1_0.section_id,
        ac1_0.term,
        ac1_0.time 
    from
        student_profiles sp1_0 
    left join
        advised_courses ac1_0 
            on sp1_0.student_id=ac1_0.student_id 
    where
        sp1_0.student_id=?
Hibernate: 
    select
        sp1_0.student_id,
        sp1_0.advising_confirmed,
        sp1_0.advising_confirmed_at,
        sp1_0.cgpa,
        sp1_0.completed_courses,
        sp1_0.completed_credits,
        sp1_0.department,
        sp1_0.email,
        sp1_0.on_probation,
        sp1_0.student_name,
        sp1_0.year,
        ac1_0.student_id,
        ac1_0.id,
        ac1_0.assigned_at,
        ac1_0.assigned_by,
        ac1_0.course_code,
        ac1_0.course_title,
        ac1_0.credits,
        ac1_0.faculty,
        ac1_0.room,
        ac1_0.section,
        ac1_0.section_id,
        ac1_0.term,
        ac1_0.time 
    from
        student_profiles sp1_0 
    left join
        advised_courses ac1_0 
            on sp1_0.student_id=ac1_0.student_id 
    where
        sp1_0.student_id=?
2026-09-04T20:06:36.042+06:00 DEBUG 18860 --- [campusconnect-backend] [essageBroker-11] org.hibernate.SQL                        : 
    select
        a1_0.id,
        a1_0.attachment_data,
        a1_0.attachment_name,
        a1_0.attachment_type,
        a1_0.course_code,
        a1_0.course_name,
        a1_0.created_at,
        a1_0.created_by,
        a1_0.deadline,
        a1_0.description,
        a1_0.title,
        a1_0.total_points 
    from
        assignments a1_0
Hibernate: 
    select
        a1_0.id,
        a1_0.attachment_data,
        a1_0.attachment_name,
        a1_0.attachment_type,
        a1_0.course_code,
        a1_0.course_name,
        a1_0.created_at,
        a1_0.created_by,
        a1_0.deadline,
        a1_0.description,
        a1_0.title,
        a1_0.total_points 
    from
        assignments a1_0
2026-09-04T20:11:36.046+06:00 DEBUG 18860 --- [campusconnect-backend] [MessageBroker-3] org.hibernate.SQL                        : 
    select
        a1_0.id,
        a1_0.attachment_data,
        a1_0.attachment_name,
        a1_0.attachment_type,
        a1_0.course_code,
        a1_0.course_name,
        a1_0.created_at,
        a1_0.created_by,
        a1_0.deadline,
        a1_0.description,
        a1_0.title,
        a1_0.total_points 
    from
        assignments a1_0
Hibernate: 
    select
        a1_0.id,
        a1_0.attachment_data,
        a1_0.attachment_name,
        a1_0.attachment_type,
        a1_0.course_code,
        a1_0.course_name,
        a1_0.created_at,
        a1_0.created_by,
        a1_0.deadline,
        a1_0.description,
        a1_0.title,
        a1_0.total_points 
    from
        assignments a1_0
2026-09-04T20:11:47.735+06:00 DEBUG 18860 --- [campusconnect-backend] [nio-8080-exec-1] o.s.security.web.FilterChainProxy        : Securing GET /api/account/profile-picture
2026-09-04T20:11:47.735+06:00 DEBUG 18860 --- [campusconnect-backend] [nio-8080-exec-7] o.s.security.web.FilterChainProxy        : Securing GET /api/account/profile
2026-09-04T20:11:47.735+06:00 DEBUG 18860 --- [campusconnect-backend] [nio-8080-exec-5] o.s.security.web.FilterChainProxy        : Securing GET /api/account/preferences/in-app-notifications
2026-09-04T20:11:47.742+06:00 DEBUG 18860 --- [campusconnect-backend] [nio-8080-exec-7] o.s.security.web.FilterChainProxy        : Secured GET /api/account/profile
2026-09-04T20:11:47.742+06:00 DEBUG 18860 --- [campusconnect-backend] [nio-8080-exec-5] o.s.security.web.FilterChainProxy        : Secured GET /api/account/preferences/in-app-notifications
2026-09-04T20:11:47.743+06:00 DEBUG 18860 --- [campusconnect-backend] [nio-8080-exec-1] o.s.security.web.FilterChainProxy        : Secured GET /api/account/profile-picture
2026-09-04T20:11:47.746+06:00 DEBUG 18860 --- [campusconnect-backend] [nio-8080-exec-1] org.hibernate.SQL                        : 
    select
        upp1_0.user_id,
        upp1_0.content_type,
        upp1_0.image_data 
    from
        user_profile_pictures upp1_0 
    where
        upp1_0.user_id=?
Hibernate: 
    select
        upp1_0.user_id,
        upp1_0.content_type,
        upp1_0.image_data 
    from
        user_profile_pictures upp1_0 
    where
        upp1_0.user_id=?
2026-09-04T20:11:47.746+06:00 DEBUG 18860 --- [campusconnect-backend] [nio-8080-exec-5] org.hibernate.SQL                        : 
    select
        ianp1_0.user_id,
        ianp1_0.advising,
        ianp1_0.announcements,
        ianp1_0.assignments,
        ianp1_0.exams,
        ianp1_0.grades 
    from
        in_app_notification_preferences ianp1_0 
    where
        ianp1_0.user_id=?
2026-09-04T20:11:47.747+06:00 DEBUG 18860 --- [campusconnect-backend] [nio-8080-exec-7] org.hibernate.SQL                        : 
    select
        au1_0.id,
        au1_0.active,
        au1_0.created_at,
        au1_0.email,
        au1_0.full_name,
        au1_0.is_advisor,
        au1_0.password_hash,
        au1_0.reminder_hours,
        au1_0.role,
        au1_0.user_id 
    from
        app_users au1_0 
    where
        au1_0.user_id=?
Hibernate: 
    select
        au1_0.id,
        au1_0.active,
        au1_0.created_at,
        au1_0.email,
        au1_0.full_name,
        au1_0.is_advisor,
        au1_0.password_hash,
        au1_0.reminder_hours,
        au1_0.role,
        au1_0.user_id 
    from
        app_users au1_0 
    where
        au1_0.user_id=?
Hibernate: 
    select
        ianp1_0.user_id,
        ianp1_0.advising,
        ianp1_0.announcements,
        ianp1_0.assignments,
        ianp1_0.exams,
        ianp1_0.grades 
    from
        in_app_notification_preferences ianp1_0 
    where
        ianp1_0.user_id=?
2026-09-04T20:11:47.756+06:00 DEBUG 18860 --- [campusconnect-backend] [nio-8080-exec-7] org.hibernate.SQL                        : 
    select
        sp1_0.student_id,
        sp1_0.advising_confirmed,
        sp1_0.advising_confirmed_at,
        sp1_0.cgpa,
        sp1_0.completed_courses,
        sp1_0.completed_credits,
        sp1_0.department,
        sp1_0.email,
        sp1_0.on_probation,
        sp1_0.student_name,
        sp1_0.year,
        ac1_0.student_id,
        ac1_0.id,
        ac1_0.assigned_at,
        ac1_0.assigned_by,
        ac1_0.course_code,
        ac1_0.course_title,
        ac1_0.credits,
        ac1_0.faculty,
        ac1_0.room,
        ac1_0.section,
        ac1_0.section_id,
        ac1_0.term,
        ac1_0.time 
    from
        student_profiles sp1_0 
    left join
        advised_courses ac1_0 
            on sp1_0.student_id=ac1_0.student_id 
    where
        sp1_0.student_id=?
2026-09-04T20:11:47.756+06:00  WARN 18860 --- [campusconnect-backend] [nio-8080-exec-1] .m.m.a.ExceptionHandlerExceptionResolver : Resolved [org.springframework.web.server.ResponseStatusException: 404 NOT_FOUND "Profile picture not found"]
Hibernate: 
    select
        sp1_0.student_id,
        sp1_0.advising_confirmed,
        sp1_0.advising_confirmed_at,
        sp1_0.cgpa,
        sp1_0.completed_courses,
        sp1_0.completed_credits,
        sp1_0.department,
        sp1_0.email,
        sp1_0.on_probation,
        sp1_0.student_name,
        sp1_0.year,
        ac1_0.student_id,
        ac1_0.id,
        ac1_0.assigned_at,
        ac1_0.assigned_by,
        ac1_0.course_code,
        ac1_0.course_title,
        ac1_0.credits,
        ac1_0.faculty,
        ac1_0.room,
        ac1_0.section,
        ac1_0.section_id,
        ac1_0.term,
        ac1_0.time 
    from
        student_profiles sp1_0 
    left join
        advised_courses ac1_0 
            on sp1_0.student_id=ac1_0.student_id 
    where
        sp1_0.student_id=?
2026-09-04T20:11:47.778+06:00 DEBUG 18860 --- [campusconnect-backend] [nio-8080-exec-9] o.s.security.web.FilterChainProxy        : Securing GET /api/account/profile-picture
2026-09-04T20:11:47.779+06:00 DEBUG 18860 --- [campusconnect-backend] [io-8080-exec-10] o.s.security.web.FilterChainProxy        : Securing GET /api/account/preferences/in-app-notifications
2026-09-04T20:11:47.786+06:00 DEBUG 18860 --- [campusconnect-backend] [nio-8080-exec-9] o.s.security.web.FilterChainProxy        : Secured GET /api/account/profile-picture
2026-09-04T20:11:47.786+06:00 DEBUG 18860 --- [campusconnect-backend] [io-8080-exec-10] o.s.security.web.FilterChainProxy        : Secured GET /api/account/preferences/in-app-notifications
2026-09-04T20:11:47.789+06:00 DEBUG 18860 --- [campusconnect-backend] [nio-8080-exec-9] org.hibernate.SQL                        : 
    select
        upp1_0.user_id,
        upp1_0.content_type,
        upp1_0.image_data 
    from
        user_profile_pictures upp1_0 
    where
        upp1_0.user_id=?
Hibernate: 
    select
        upp1_0.user_id,
        upp1_0.content_type,
        upp1_0.image_data 
    from
        user_profile_pictures upp1_0 
    where
        upp1_0.user_id=?
2026-09-04T20:11:47.791+06:00 DEBUG 18860 --- [campusconnect-backend] [io-8080-exec-10] org.hibernate.SQL                        : 
    select
        ianp1_0.user_id,
        ianp1_0.advising,
        ianp1_0.announcements,
        ianp1_0.assignments,
        ianp1_0.exams,
        ianp1_0.grades 
    from
        in_app_notification_preferences ianp1_0 
    where
        ianp1_0.user_id=?
Hibernate: 
    select
        ianp1_0.user_id,
        ianp1_0.advising,
        ianp1_0.announcements,
        ianp1_0.assignments,
        ianp1_0.exams,
        ianp1_0.grades 
    from
        in_app_notification_preferences ianp1_0 
    where
        ianp1_0.user_id=?
2026-09-04T20:11:47.796+06:00  WARN 18860 --- [campusconnect-backend] [nio-8080-exec-9] .m.m.a.ExceptionHandlerExceptionResolver : Resolved [org.springframework.web.server.ResponseStatusException: 404 NOT_FOUND "Profile picture not found"]
2026-09-04T20:11:48.087+06:00 DEBUG 18860 --- [campusconnect-backend] [nio-8080-exec-8] o.s.security.web.FilterChainProxy        : Securing GET /api/account/profile
2026-09-04T20:11:48.095+06:00 DEBUG 18860 --- [campusconnect-backend] [nio-8080-exec-8] o.s.security.web.FilterChainProxy        : Secured GET /api/account/profile
2026-09-04T20:11:48.098+06:00 DEBUG 18860 --- [campusconnect-backend] [nio-8080-exec-8] org.hibernate.SQL                        : 
    select
        au1_0.id,
        au1_0.active,
        au1_0.created_at,
        au1_0.email,
        au1_0.full_name,
        au1_0.is_advisor,
        au1_0.password_hash,
        au1_0.reminder_hours,
        au1_0.role,
        au1_0.user_id 
    from
        app_users au1_0 
    where
        au1_0.user_id=?
Hibernate: 
    select
        au1_0.id,
        au1_0.active,
        au1_0.created_at,
        au1_0.email,
        au1_0.full_name,
        au1_0.is_advisor,
        au1_0.password_hash,
        au1_0.reminder_hours,
        au1_0.role,
        au1_0.user_id 
    from
        app_users au1_0 
    where
        au1_0.user_id=?
2026-09-04T20:11:48.103+06:00 DEBUG 18860 --- [campusconnect-backend] [nio-8080-exec-8] org.hibernate.SQL                        : 
    select
        sp1_0.student_id,
        sp1_0.advising_confirmed,
        sp1_0.advising_confirmed_at,
        sp1_0.cgpa,
        sp1_0.completed_courses,
        sp1_0.completed_credits,
        sp1_0.department,
        sp1_0.email,
        sp1_0.on_probation,
        sp1_0.student_name,
        sp1_0.year,
        ac1_0.student_id,
        ac1_0.id,
        ac1_0.assigned_at,
        ac1_0.assigned_by,
        ac1_0.course_code,
        ac1_0.course_title,
        ac1_0.credits,
        ac1_0.faculty,
        ac1_0.room,
        ac1_0.section,
        ac1_0.section_id,
        ac1_0.term,
        ac1_0.time 
    from
        student_profiles sp1_0 
    left join
        advised_courses ac1_0 
            on sp1_0.student_id=ac1_0.student_id 
    where
        sp1_0.student_id=?
Hibernate: 
    select
        sp1_0.student_id,
        sp1_0.advising_confirmed,
        sp1_0.advising_confirmed_at,
        sp1_0.cgpa,
        sp1_0.completed_courses,
        sp1_0.completed_credits,
        sp1_0.department,
        sp1_0.email,
        sp1_0.on_probation,
        sp1_0.student_name,
        sp1_0.year,
        ac1_0.student_id,
        ac1_0.id,
        ac1_0.assigned_at,
        ac1_0.assigned_by,
        ac1_0.course_code,
        ac1_0.course_title,
        ac1_0.credits,
        ac1_0.faculty,
        ac1_0.room,
        ac1_0.section,
        ac1_0.section_id,
        ac1_0.term,
        ac1_0.time 
    from
        student_profiles sp1_0 
    left join
        advised_courses ac1_0 
            on sp1_0.student_id=ac1_0.student_id 
    where
        sp1_0.student_id=?
2026-09-04T20:14:43.941+06:00  INFO 18860 --- [campusconnect-backend] [   File Watcher] rtingClassPathChangeChangedEventListener : Restarting due to 183 class path changes (0 additions, 183 deletions, 0 modifications)
2026-09-04T20:14:44.132+06:00  INFO 18860 --- [campusconnect-backend] [       Thread-5] o.s.m.s.b.SimpleBrokerMessageHandler     : Stopping...
2026-09-04T20:14:44.136+06:00  INFO 18860 --- [campusconnect-backend] [       Thread-5] o.s.m.s.b.SimpleBrokerMessageHandler     : BrokerAvailabilityEvent[available=false, SimpleBrokerMessageHandler [org.springframework.messaging.simp.broker.DefaultSubscriptionRegistry@79c0a122]]
2026-09-04T20:14:44.138+06:00  INFO 18860 --- [campusconnect-backend] [       Thread-5] o.s.m.s.b.SimpleBrokerMessageHandler     : Stopped.
2026-09-04T20:14:44.538+06:00  INFO 18860 --- [campusconnect-backend] [       Thread-5] j.LocalContainerEntityManagerFactoryBean : Closing JPA EntityManagerFactory for persistence unit 'default'
2026-09-04T20:14:44.565+06:00 DEBUG 18860 --- [campusconnect-backend] [       Thread-5] org.hibernate.SQL                        : 
    drop table if exists advised_courses cascade 
Hibernate: 
    drop table if exists advised_courses cascade 
2026-09-04T20:14:44.582+06:00 DEBUG 18860 --- [campusconnect-backend] [       Thread-5] org.hibernate.SQL                        : 
    drop table if exists advising_portal_status cascade 
Hibernate: 
    drop table if exists advising_portal_status cascade 
2026-09-04T20:14:44.583+06:00 DEBUG 18860 --- [campusconnect-backend] [       Thread-5] org.hibernate.SQL                        : 
    drop table if exists advisor_available_days cascade 
Hibernate: 
    drop table if exists advisor_available_days cascade 
2026-09-04T20:14:44.583+06:00 DEBUG 18860 --- [campusconnect-backend] [       Thread-5] org.hibernate.SQL                        : 
    drop table if exists advisor_specialties cascade 
Hibernate: 
    drop table if exists advisor_specialties cascade 
2026-09-04T20:14:44.585+06:00 DEBUG 18860 --- [campusconnect-backend] [       Thread-5] org.hibernate.SQL                        : 
    drop table if exists advisors cascade 
Hibernate: 
    drop table if exists advisors cascade 
2026-09-04T20:14:44.586+06:00 DEBUG 18860 --- [campusconnect-backend] [       Thread-5] org.hibernate.SQL                        : 
    drop table if exists app_users cascade 
Hibernate: 
    drop table if exists app_users cascade 
2026-09-04T20:14:44.588+06:00 DEBUG 18860 --- [campusconnect-backend] [       Thread-5] org.hibernate.SQL                        : 
    drop table if exists assignments cascade 
Hibernate: 
    drop table if exists assignments cascade 
2026-09-04T20:14:44.590+06:00 DEBUG 18860 --- [campusconnect-backend] [       Thread-5] org.hibernate.SQL                        : 
    drop table if exists attendance_records cascade 
Hibernate: 
    drop table if exists attendance_records cascade 
2026-09-04T20:14:44.592+06:00 DEBUG 18860 --- [campusconnect-backend] [       Thread-5] org.hibernate.SQL                        : 
    drop table if exists chat_messages cascade 
Hibernate: 
    drop table if exists chat_messages cascade 
2026-09-04T20:14:44.593+06:00 DEBUG 18860 --- [campusconnect-backend] [       Thread-5] org.hibernate.SQL                        : 
    drop table if exists club_applications cascade 
Hibernate: 
    drop table if exists club_applications cascade 
2026-09-04T20:14:44.596+06:00 DEBUG 18860 --- [campusconnect-backend] [       Thread-5] org.hibernate.SQL                        : 
    drop table if exists club_notices cascade 
Hibernate: 
    drop table if exists club_notices cascade 
2026-09-04T20:14:44.598+06:00 DEBUG 18860 --- [campusconnect-backend] [       Thread-5] org.hibernate.SQL                        : 
    drop table if exists course_catalog cascade 
Hibernate: 
    drop table if exists course_catalog cascade 
2026-09-04T20:14:44.599+06:00 DEBUG 18860 --- [campusconnect-backend] [       Thread-5] org.hibernate.SQL                        : 
    drop table if exists course_channel_members cascade 
Hibernate: 
    drop table if exists course_channel_members cascade 
2026-09-04T20:14:44.601+06:00 DEBUG 18860 --- [campusconnect-backend] [       Thread-5] org.hibernate.SQL                        : 
    drop table if exists course_section cascade 
Hibernate: 
    drop table if exists course_section cascade 
2026-09-04T20:14:44.603+06:00 DEBUG 18860 --- [campusconnect-backend] [       Thread-5] org.hibernate.SQL                        : 
    drop table if exists exam_schedules cascade 
Hibernate: 
    drop table if exists exam_schedules cascade 
2026-09-04T20:14:44.604+06:00 DEBUG 18860 --- [campusconnect-backend] [       Thread-5] org.hibernate.SQL                        : 
    drop table if exists faculty_directory_entries cascade 
Hibernate: 
    drop table if exists faculty_directory_entries cascade 
2026-09-04T20:14:44.605+06:00 DEBUG 18860 --- [campusconnect-backend] [       Thread-5] org.hibernate.SQL                        : 
    drop table if exists in_app_notification_preferences cascade 
Hibernate: 
    drop table if exists in_app_notification_preferences cascade 
2026-09-04T20:14:44.606+06:00 DEBUG 18860 --- [campusconnect-backend] [       Thread-5] org.hibernate.SQL                        : 
    drop table if exists notifications cascade 
Hibernate: 
    drop table if exists notifications cascade 
2026-09-04T20:14:44.606+06:00 DEBUG 18860 --- [campusconnect-backend] [       Thread-5] org.hibernate.SQL                        : 
    drop table if exists payment_records cascade 
Hibernate: 
    drop table if exists payment_records cascade 
2026-09-04T20:14:44.607+06:00 DEBUG 18860 --- [campusconnect-backend] [       Thread-5] org.hibernate.SQL                        : 
    drop table if exists recruitments cascade 
Hibernate: 
    drop table if exists recruitments cascade 
2026-09-04T20:14:44.607+06:00 DEBUG 18860 --- [campusconnect-backend] [       Thread-5] org.hibernate.SQL                        : 
    drop table if exists section_registrations cascade 
Hibernate: 
    drop table if exists section_registrations cascade 
2026-09-04T20:14:44.608+06:00 DEBUG 18860 --- [campusconnect-backend] [       Thread-5] org.hibernate.SQL                        : 
    drop table if exists student_completed_courses cascade 
Hibernate: 
    drop table if exists student_completed_courses cascade 
2026-09-04T20:14:44.608+06:00 DEBUG 18860 --- [campusconnect-backend] [       Thread-5] org.hibernate.SQL                        : 
    drop table if exists student_profiles cascade 
Hibernate: 
    drop table if exists student_profiles cascade 
2026-09-04T20:14:44.610+06:00 DEBUG 18860 --- [campusconnect-backend] [       Thread-5] org.hibernate.SQL                        : 
    drop table if exists submissions cascade 
Hibernate: 
    drop table if exists submissions cascade 
2026-09-04T20:14:44.611+06:00 DEBUG 18860 --- [campusconnect-backend] [       Thread-5] org.hibernate.SQL                        : 
    drop table if exists test_courses cascade 
Hibernate: 
    drop table if exists test_courses cascade 
2026-09-04T20:14:44.612+06:00 DEBUG 18860 --- [campusconnect-backend] [       Thread-5] org.hibernate.SQL                        : 
    drop table if exists test_faculties cascade 
Hibernate: 
    drop table if exists test_faculties cascade 
2026-09-04T20:14:44.612+06:00 DEBUG 18860 --- [campusconnect-backend] [       Thread-5] org.hibernate.SQL                        : 
    drop table if exists test_sections cascade 
Hibernate: 
    drop table if exists test_sections cascade 
2026-09-04T20:14:44.613+06:00 DEBUG 18860 --- [campusconnect-backend] [       Thread-5] org.hibernate.SQL                        : 
    drop table if exists user_profile_pictures cascade 
Hibernate: 
    drop table if exists user_profile_pictures cascade 
2026-09-04T20:14:44.712+06:00  WARN 18860 --- [campusconnect-backend] [       Thread-5] o.s.b.f.support.DisposableBeanAdapter    : Invocation of destroy method failed on bean with name 'inMemoryDatabaseShutdownExecutor': org.h2.jdbc.JdbcSQLNonTransientConnectionException: Database is already closed (to disable automatic closing at VM shutdown, add ";DB_CLOSE_ON_EXIT=FALSE" to the db URL) [90121-224]
2026-09-04T20:14:44.713+06:00  INFO 18860 --- [campusconnect-backend] [       Thread-5] com.zaxxer.hikari.HikariDataSource       : HikariPool-1 - Shutdown initiated...
2026-09-04T20:14:44.744+06:00  INFO 18860 --- [campusconnect-backend] [       Thread-5] com.zaxxer.hikari.HikariDataSource       : HikariPool-1 - Shutdown completed.

  .   ____          _            __ _ _
 /\\ / ___'_ __ _ _(_)_ __  __ _ \ \ \ \
( ( )\___ | '_ | '_| | '_ \/ _` | \ \ \ \
 \\/  ___)| |_)| | | | | || (_| |  ) ) ) )
  '  |____| .__|_| |_|_| |_\__, | / / / /
 =========|_|==============|___/=/_/_/_/

 :: Spring Boot ::                (v3.3.2)

2026-09-04T20:14:45.283+06:00  INFO 18860 --- [campusconnect-backend] [  restartedMain] c.c.backend.BackendApplication           : Starting BackendApplication using Java 17.0.20.1 with PID 18860 (E:\CampusConnect\backend\target\classes started by jawad in E:\CampusConnect\backend)
2026-09-04T20:14:45.284+06:00 DEBUG 18860 --- [campusconnect-backend] [  restartedMain] c.c.backend.BackendApplication           : Running with Spring Boot v3.3.2, Spring v6.1.11
2026-09-04T20:14:45.284+06:00  INFO 18860 --- [campusconnect-backend] [  restartedMain] c.c.backend.BackendApplication           : The following 1 profile is active: "dev"
2026-09-04T20:14:45.542+06:00  INFO 18860 --- [campusconnect-backend] [  restartedMain] .s.d.r.c.RepositoryConfigurationDelegate : Bootstrapping Spring Data JPA repositories in DEFAULT mode.
2026-09-04T20:14:45.545+06:00  INFO 18860 --- [campusconnect-backend] [  restartedMain] .s.d.r.c.RepositoryConfigurationDelegate : Finished Spring Data repository scanning in 0 ms. Found 0 JPA repository interfaces.
2026-09-04T20:14:45.752+06:00  INFO 18860 --- [campusconnect-backend] [  restartedMain] o.s.b.w.embedded.tomcat.TomcatWebServer  : Tomcat initialized with port 8080 (http)
2026-09-04T20:14:45.756+06:00  INFO 18860 --- [campusconnect-backend] [  restartedMain] o.apache.catalina.core.StandardService   : Starting service [Tomcat]
2026-09-04T20:14:45.758+06:00  INFO 18860 --- [campusconnect-backend] [  restartedMain] o.apache.catalina.core.StandardEngine    : Starting Servlet engine: [Apache Tomcat/10.1.26]
2026-09-04T20:14:45.786+06:00  INFO 18860 --- [campusconnect-backend] [  restartedMain] o.a.c.c.C.[Tomcat].[localhost].[/]       : Initializing Spring embedded WebApplicationContext
2026-09-04T20:14:45.787+06:00  INFO 18860 --- [campusconnect-backend] [  restartedMain] w.s.c.ServletWebServerApplicationContext : Root WebApplicationContext: initialization completed in 498 ms
2026-09-04T20:14:45.828+06:00  INFO 18860 --- [campusconnect-backend] [  restartedMain] com.zaxxer.hikari.HikariDataSource       : HikariPool-2 - Starting...
2026-09-04T20:14:45.833+06:00  INFO 18860 --- [campusconnect-backend] [  restartedMain] com.zaxxer.hikari.pool.HikariPool        : HikariPool-2 - Added connection conn10: url=jdbc:h2:mem:campusconnectdb user=SA
2026-09-04T20:14:45.835+06:00  INFO 18860 --- [campusconnect-backend] [  restartedMain] com.zaxxer.hikari.HikariDataSource       : HikariPool-2 - Start completed.
2026-09-04T20:14:45.836+06:00  INFO 18860 --- [campusconnect-backend] [  restartedMain] o.s.b.a.h2.H2ConsoleAutoConfiguration    : H2 console available at '/h2-console'. Database available at 'jdbc:h2:mem:campusconnectdb'
2026-09-04T20:14:45.899+06:00  INFO 18860 --- [campusconnect-backend] [  restartedMain] o.hibernate.jpa.internal.util.LogHelper  : HHH000204: Processing PersistenceUnitInfo [name: default]
2026-09-04T20:14:45.905+06:00  INFO 18860 --- [campusconnect-backend] [  restartedMain] o.h.c.internal.RegionFactoryInitiator    : HHH000026: Second-level cache disabled
2026-09-04T20:14:45.936+06:00  INFO 18860 --- [campusconnect-backend] [  restartedMain] o.s.o.j.p.SpringPersistenceUnitInfo      : No LoadTimeWeaver setup: ignoring JPA class transformer
2026-09-04T20:14:45.942+06:00  WARN 18860 --- [campusconnect-backend] [  restartedMain] org.hibernate.orm.deprecation            : HHH90000025: H2Dialect does not need to be specified explicitly using 'hibernate.dialect' (remove the property setting and it will be selected by default)
2026-09-04T20:14:46.000+06:00  INFO 18860 --- [campusconnect-backend] [  restartedMain] o.h.e.t.j.p.i.JtaPlatformInitiator       : HHH000489: No JTA platform available (set 'hibernate.transaction.jta.platform' to enable JTA platform integration)
2026-09-04T20:14:46.002+06:00  INFO 18860 --- [campusconnect-backend] [  restartedMain] j.LocalContainerEntityManagerFactoryBean : Initialized JPA EntityManagerFactory for persistence unit 'default'
2026-09-04T20:14:46.127+06:00  WARN 18860 --- [campusconnect-backend] [  restartedMain] JpaBaseConfiguration$JpaWebConfiguration : spring.jpa.open-in-view is enabled by default. Therefore, database queries may be performed during view rendering. Explicitly configure spring.jpa.open-in-view to disable this warning
2026-09-04T20:14:46.747+06:00  WARN 18860 --- [campusconnect-backend] [  restartedMain] .s.s.UserDetailsServiceAutoConfiguration : 

Using generated security password: e216f073-dba8-4bc2-b282-fffa966815c5

This generated password is for development use only. Your security configuration must be updated before running your application in production.

2026-09-04T20:14:46.784+06:00  INFO 18860 --- [campusconnect-backend] [  restartedMain] r$InitializeUserDetailsManagerConfigurer : Global AuthenticationManager configured with UserDetailsService bean with name inMemoryUserDetailsManager
2026-09-04T20:14:46.887+06:00 DEBUG 18860 --- [campusconnect-backend] [  restartedMain] o.s.s.web.DefaultSecurityFilterChain     : Will secure any request with filters: DisableEncodeUrlFilter, WebAsyncManagerIntegrationFilter, SecurityContextHolderFilter, HeaderWriterFilter, CorsFilter, CsrfFilter, LogoutFilter, UsernamePasswordAuthenticationFilter, DefaultLoginPageGeneratingFilter, DefaultLogoutPageGeneratingFilter, BasicAuthenticationFilter, RequestCacheAwareFilter, SecurityContextHolderAwareRequestFilter, AnonymousAuthenticationFilter, ExceptionTranslationFilter, AuthorizationFilter
2026-09-04T20:14:46.956+06:00  INFO 18860 --- [campusconnect-backend] [  restartedMain] o.s.b.d.a.OptionalLiveReloadServer       : LiveReload server is running on port 35729
2026-09-04T20:14:46.990+06:00  INFO 18860 --- [campusconnect-backend] [  restartedMain] o.s.b.w.embedded.tomcat.TomcatWebServer  : Tomcat started on port 8080 (http) with context path '/'
2026-09-04T20:14:47.010+06:00  INFO 18860 --- [campusconnect-backend] [  restartedMain] c.c.backend.BackendApplication           : Started BackendApplication in 1.811 seconds (process running for 1425.238)
2026-09-04T20:14:47.025+06:00  INFO 18860 --- [campusconnect-backend] [  restartedMain] .ConditionEvaluationDeltaLoggingListener : Condition evaluation delta:


==========================
CONDITION EVALUATION DELTA
==========================


Positive matches:
-----------------

   SpringBootWebSecurityConfiguration.SecurityFilterChainConfiguration matched:
      - AllNestedConditions 2 matched 0 did not; NestedCondition on DefaultWebSecurityCondition.Beans @ConditionalOnMissingBean (types: org.springframework.security.web.SecurityFilterChain; SearchStrategy: all) did not find any beans; NestedCondition on DefaultWebSecurityCondition.Classes @ConditionalOnClass found required classes 'org.springframework.security.web.SecurityFilterChain', 'org.springframework.security.config.annotation.web.builders.HttpSecurity' (DefaultWebSecurityCondition)

   SpringBootWebSecurityConfiguration.WebSecurityEnablerConfiguration matched:
      - @ConditionalOnClass found required class 'org.springframework.security.config.annotation.web.configuration.EnableWebSecurity' (OnClassCondition)
      - @ConditionalOnMissingBean (names: springSecurityFilterChain; SearchStrategy: all) did not find any beans (OnBeanCondition)

   TaskExecutorConfigurations.TaskExecutorConfiguration matched:
      - @ConditionalOnMissingBean (types: java.util.concurrent.Executor; SearchStrategy: all) did not find any beans (OnBeanCondition)

   TaskExecutorConfigurations.TaskExecutorConfiguration#applicationTaskExecutor matched:
      - @ConditionalOnThreading found PLATFORM (OnThreadingCondition)

   TaskSchedulingConfigurations.TaskSchedulerConfiguration matched:
      - @ConditionalOnBean (names: org.springframework.context.annotation.internalScheduledAnnotationProcessor; SearchStrategy: all) found bean 'org.springframework.context.annotation.internalScheduledAnnotationProcessor'; @ConditionalOnMissingBean (types: org.springframework.scheduling.TaskScheduler,java.util.concurrent.ScheduledExecutorService; SearchStrategy: all) did not find any beans (OnBeanCondition)

   TaskSchedulingConfigurations.TaskSchedulerConfiguration#taskScheduler matched:
      - @ConditionalOnThreading found PLATFORM (OnThreadingCondition)


Negative matches:
-----------------

   TaskExecutorConfigurations.TaskExecutorConfiguration#applicationTaskExecutorVirtualThreads:
      Did not match:
         - @ConditionalOnThreading did not find VIRTUAL (OnThreadingCondition)

   TaskSchedulingConfigurations.TaskSchedulerConfiguration#taskSchedulerVirtualThreads:
      Did not match:
         - @ConditionalOnThreading did not find VIRTUAL (OnThreadingCondition)

   WebSocketMessagingAutoConfiguration.WebSocketMessageConverterConfiguration:
      Did not match:
         - @ConditionalOnBean (types: org.springframework.web.socket.config.annotation.DelegatingWebSocketMessageBrokerConfiguration,com.fasterxml.jackson.databind.ObjectMapper; SearchStrategy: all) did not find any beans of type org.springframework.web.socket.config.annotation.DelegatingWebSocketMessageBrokerConfiguration (OnBeanCondition)
      Matched:
         - @ConditionalOnClass found required classes 'com.fasterxml.jackson.databind.ObjectMapper', 'org.springframework.messaging.simp.config.AbstractMessageBrokerConfiguration' (OnClassCondition)


Exclusions:
-----------

    None


Unconditional classes:
----------------------

    None



2026-09-04T20:14:53.499+06:00  INFO 18860 --- [campusconnect-backend] [   File Watcher] rtingClassPathChangeChangedEventListener : Restarting due to 186 class path changes (186 additions, 0 deletions, 0 modifications)
2026-09-04T20:14:54.228+06:00  INFO 18860 --- [campusconnect-backend] [       Thread-7] j.LocalContainerEntityManagerFactoryBean : Closing JPA EntityManagerFactory for persistence unit 'default'
2026-09-04T20:14:54.231+06:00  WARN 18860 --- [campusconnect-backend] [       Thread-7] o.s.b.f.support.DisposableBeanAdapter    : Invocation of destroy method failed on bean with name 'inMemoryDatabaseShutdownExecutor': org.h2.jdbc.JdbcSQLNonTransientConnectionException: Database is already closed (to disable automatic closing at VM shutdown, add ";DB_CLOSE_ON_EXIT=FALSE" to the db URL) [90121-224]
2026-09-04T20:14:54.233+06:00  INFO 18860 --- [campusconnect-backend] [       Thread-7] com.zaxxer.hikari.HikariDataSource       : HikariPool-2 - Shutdown initiated...
2026-09-04T20:14:54.237+06:00  INFO 18860 --- [campusconnect-backend] [       Thread-7] com.zaxxer.hikari.HikariDataSource       : HikariPool-2 - Shutdown completed.

  .   ____          _            __ _ _
 /\\ / ___'_ __ _ _(_)_ __  __ _ \ \ \ \
( ( )\___ | '_ | '_| | '_ \/ _` | \ \ \ \
 \\/  ___)| |_)| | | | | || (_| |  ) ) ) )
  '  |____| .__|_| |_|_| |_\__, | / / / /
 =========|_|==============|___/=/_/_/_/

 :: Spring Boot ::                (v3.3.2)

2026-09-04T20:14:54.394+06:00  INFO 18860 --- [campusconnect-backend] [  restartedMain] c.c.backend.BackendApplication           : Starting BackendApplication using Java 17.0.20.1 with PID 18860 (E:\CampusConnect\backend\target\classes started by jawad in E:\CampusConnect\backend)
2026-09-04T20:14:54.395+06:00 DEBUG 18860 --- [campusconnect-backend] [  restartedMain] c.c.backend.BackendApplication           : Running with Spring Boot v3.3.2, Spring v6.1.11
2026-09-04T20:14:54.395+06:00  INFO 18860 --- [campusconnect-backend] [  restartedMain] c.c.backend.BackendApplication           : The following 1 profile is active: "dev"
2026-09-04T20:14:56.301+06:00  INFO 18860 --- [campusconnect-backend] [  restartedMain] .s.d.r.c.RepositoryConfigurationDelegate : Bootstrapping Spring Data JPA repositories in DEFAULT mode.
2026-09-04T20:14:56.381+06:00  INFO 18860 --- [campusconnect-backend] [  restartedMain] .s.d.r.c.RepositoryConfigurationDelegate : Finished Spring Data repository scanning in 79 ms. Found 26 JPA repository interfaces.
2026-09-04T20:14:56.802+06:00  INFO 18860 --- [campusconnect-backend] [  restartedMain] o.s.b.w.embedded.tomcat.TomcatWebServer  : Tomcat initialized with port 8080 (http)
2026-09-04T20:14:56.805+06:00  INFO 18860 --- [campusconnect-backend] [  restartedMain] o.apache.catalina.core.StandardService   : Starting service [Tomcat]
2026-09-04T20:14:56.806+06:00  INFO 18860 --- [campusconnect-backend] [  restartedMain] o.apache.catalina.core.StandardEngine    : Starting Servlet engine: [Apache Tomcat/10.1.26]
2026-09-04T20:14:56.843+06:00  INFO 18860 --- [campusconnect-backend] [  restartedMain] o.a.c.c.C.[Tomcat].[localhost].[/]       : Initializing Spring embedded WebApplicationContext
2026-09-04T20:14:56.844+06:00  INFO 18860 --- [campusconnect-backend] [  restartedMain] w.s.c.ServletWebServerApplicationContext : Root WebApplicationContext: initialization completed in 2446 ms
2026-09-04T20:14:56.868+06:00  INFO 18860 --- [campusconnect-backend] [  restartedMain] com.zaxxer.hikari.HikariDataSource       : HikariPool-3 - Starting...
2026-09-04T20:14:56.873+06:00  INFO 18860 --- [campusconnect-backend] [  restartedMain] com.zaxxer.hikari.pool.HikariPool        : HikariPool-3 - Added connection conn20: url=jdbc:h2:mem:campusconnectdb user=SA
2026-09-04T20:14:56.875+06:00  INFO 18860 --- [campusconnect-backend] [  restartedMain] com.zaxxer.hikari.HikariDataSource       : HikariPool-3 - Start completed.
2026-09-04T20:14:56.876+06:00  INFO 18860 --- [campusconnect-backend] [  restartedMain] o.s.b.a.h2.H2ConsoleAutoConfiguration    : H2 console available at '/h2-console'. Database available at 'jdbc:h2:mem:campusconnectdb'
2026-09-04T20:14:56.905+06:00 DEBUG 18860 --- [campusconnect-backend] [  restartedMain] c.c.backend.security.JwtAuthFilter       : Filter 'jwtAuthFilter' configured for use
2026-09-04T20:14:56.933+06:00  INFO 18860 --- [campusconnect-backend] [  restartedMain] o.hibernate.jpa.internal.util.LogHelper  : HHH000204: Processing PersistenceUnitInfo [name: default]
2026-09-04T20:14:56.936+06:00  INFO 18860 --- [campusconnect-backend] [  restartedMain] o.h.c.internal.RegionFactoryInitiator    : HHH000026: Second-level cache disabled
2026-09-04T20:14:56.946+06:00  INFO 18860 --- [campusconnect-backend] [  restartedMain] o.s.o.j.p.SpringPersistenceUnitInfo      : No LoadTimeWeaver setup: ignoring JPA class transformer
2026-09-04T20:14:56.949+06:00  WARN 18860 --- [campusconnect-backend] [  restartedMain] org.hibernate.orm.deprecation            : HHH90000025: H2Dialect does not need to be specified explicitly using 'hibernate.dialect' (remove the property setting and it will be selected by default)
2026-09-04T20:14:57.364+06:00  INFO 18860 --- [campusconnect-backend] [  restartedMain] o.h.e.t.j.p.i.JtaPlatformInitiator       : HHH000489: No JTA platform available (set 'hibernate.transaction.jta.platform' to enable JTA platform integration)
2026-09-04T20:14:57.366+06:00 DEBUG 18860 --- [campusconnect-backend] [  restartedMain] org.hibernate.SQL                        : 
    drop table if exists advised_courses cascade 
Hibernate: 
    drop table if exists advised_courses cascade 
2026-09-04T20:14:57.366+06:00 DEBUG 18860 --- [campusconnect-backend] [  restartedMain] org.hibernate.SQL                        : 
    drop table if exists advising_portal_status cascade 
Hibernate: 
    drop table if exists advising_portal_status cascade 
2026-09-04T20:14:57.366+06:00 DEBUG 18860 --- [campusconnect-backend] [  restartedMain] org.hibernate.SQL                        : 
    drop table if exists advisor_available_days cascade 
Hibernate: 
    drop table if exists advisor_available_days cascade 
2026-09-04T20:14:57.366+06:00 DEBUG 18860 --- [campusconnect-backend] [  restartedMain] org.hibernate.SQL                        : 
    drop table if exists advisor_specialties cascade 
Hibernate: 
    drop table if exists advisor_specialties cascade 
2026-09-04T20:14:57.366+06:00 DEBUG 18860 --- [campusconnect-backend] [  restartedMain] org.hibernate.SQL                        : 
    drop table if exists advisors cascade 
Hibernate: 
    drop table if exists advisors cascade 
2026-09-04T20:14:57.367+06:00 DEBUG 18860 --- [campusconnect-backend] [  restartedMain] org.hibernate.SQL                        : 
    drop table if exists app_users cascade 
Hibernate: 
    drop table if exists app_users cascade 
2026-09-04T20:14:57.367+06:00 DEBUG 18860 --- [campusconnect-backend] [  restartedMain] org.hibernate.SQL                        : 
    drop table if exists assignments cascade 
Hibernate: 
    drop table if exists assignments cascade 
2026-09-04T20:14:57.367+06:00 DEBUG 18860 --- [campusconnect-backend] [  restartedMain] org.hibernate.SQL                        : 
    drop table if exists attendance_records cascade 
Hibernate: 
    drop table if exists attendance_records cascade 
2026-09-04T20:14:57.367+06:00 DEBUG 18860 --- [campusconnect-backend] [  restartedMain] org.hibernate.SQL                        : 
    drop table if exists chat_messages cascade 
Hibernate: 
    drop table if exists chat_messages cascade 
2026-09-04T20:14:57.367+06:00 DEBUG 18860 --- [campusconnect-backend] [  restartedMain] org.hibernate.SQL                        : 
    drop table if exists club_applications cascade 
Hibernate: 
    drop table if exists club_applications cascade 
2026-09-04T20:14:57.369+06:00 DEBUG 18860 --- [campusconnect-backend] [  restartedMain] org.hibernate.SQL                        : 
    drop table if exists club_notices cascade 
Hibernate: 
    drop table if exists club_notices cascade 
2026-09-04T20:14:57.369+06:00 DEBUG 18860 --- [campusconnect-backend] [  restartedMain] org.hibernate.SQL                        : 
    drop table if exists course_catalog cascade 
Hibernate: 
    drop table if exists course_catalog cascade 
2026-09-04T20:14:57.370+06:00 DEBUG 18860 --- [campusconnect-backend] [  restartedMain] org.hibernate.SQL                        : 
    drop table if exists course_channel_members cascade 
Hibernate: 
    drop table if exists course_channel_members cascade 
2026-09-04T20:14:57.370+06:00 DEBUG 18860 --- [campusconnect-backend] [  restartedMain] org.hibernate.SQL                        : 
    drop table if exists course_section cascade 
Hibernate: 
    drop table if exists course_section cascade 
2026-09-04T20:14:57.371+06:00 DEBUG 18860 --- [campusconnect-backend] [  restartedMain] org.hibernate.SQL                        : 
    drop table if exists exam_schedules cascade 
Hibernate: 
    drop table if exists exam_schedules cascade 
2026-09-04T20:14:57.371+06:00 DEBUG 18860 --- [campusconnect-backend] [  restartedMain] org.hibernate.SQL                        : 
    drop table if exists faculty_directory_entries cascade 
Hibernate: 
    drop table if exists faculty_directory_entries cascade 
2026-09-04T20:14:57.372+06:00 DEBUG 18860 --- [campusconnect-backend] [  restartedMain] org.hibernate.SQL                        : 
    drop table if exists in_app_notification_preferences cascade 
Hibernate: 
    drop table if exists in_app_notification_preferences cascade 
2026-09-04T20:14:57.372+06:00 DEBUG 18860 --- [campusconnect-backend] [  restartedMain] org.hibernate.SQL                        : 
    drop table if exists notifications cascade 
Hibernate: 
    drop table if exists notifications cascade 
2026-09-04T20:14:57.372+06:00 DEBUG 18860 --- [campusconnect-backend] [  restartedMain] org.hibernate.SQL                        : 
    drop table if exists payment_records cascade 
Hibernate: 
    drop table if exists payment_records cascade 
2026-09-04T20:14:57.372+06:00 DEBUG 18860 --- [campusconnect-backend] [  restartedMain] org.hibernate.SQL                        : 
    drop table if exists recruitments cascade 
Hibernate: 
    drop table if exists recruitments cascade 
2026-09-04T20:14:57.373+06:00 DEBUG 18860 --- [campusconnect-backend] [  restartedMain] org.hibernate.SQL                        : 
    drop table if exists section_registrations cascade 
Hibernate: 
    drop table if exists section_registrations cascade 
2026-09-04T20:14:57.373+06:00 DEBUG 18860 --- [campusconnect-backend] [  restartedMain] org.hibernate.SQL                        : 
    drop table if exists student_completed_courses cascade 
Hibernate: 
    drop table if exists student_completed_courses cascade 
2026-09-04T20:14:57.373+06:00 DEBUG 18860 --- [campusconnect-backend] [  restartedMain] org.hibernate.SQL                        : 
    drop table if exists student_profiles cascade 
Hibernate: 
    drop table if exists student_profiles cascade 
2026-09-04T20:14:57.373+06:00 DEBUG 18860 --- [campusconnect-backend] [  restartedMain] org.hibernate.SQL                        : 
    drop table if exists submissions cascade 
Hibernate: 
    drop table if exists submissions cascade 
2026-09-04T20:14:57.375+06:00 DEBUG 18860 --- [campusconnect-backend] [  restartedMain] org.hibernate.SQL                        : 
    drop table if exists test_courses cascade 
Hibernate: 
    drop table if exists test_courses cascade 
2026-09-04T20:14:57.375+06:00 DEBUG 18860 --- [campusconnect-backend] [  restartedMain] org.hibernate.SQL                        : 
    drop table if exists test_faculties cascade 
Hibernate: 
    drop table if exists test_faculties cascade 
2026-09-04T20:14:57.376+06:00 DEBUG 18860 --- [campusconnect-backend] [  restartedMain] org.hibernate.SQL                        : 
    drop table if exists test_sections cascade 
Hibernate: 
    drop table if exists test_sections cascade 
2026-09-04T20:14:57.376+06:00 DEBUG 18860 --- [campusconnect-backend] [  restartedMain] org.hibernate.SQL                        : 
    drop table if exists user_profile_pictures cascade 
Hibernate: 
    drop table if exists user_profile_pictures cascade 
2026-09-04T20:14:57.377+06:00 DEBUG 18860 --- [campusconnect-backend] [  restartedMain] org.hibernate.SQL                        : 
    create table advised_courses (
        credits integer not null,
        id bigint generated by default as identity,
        course_code varchar(20) not null,
        section varchar(30) not null,
        section_id varchar(30) not null,
        term varchar(30),
        student_id varchar(50) not null,
        room varchar(60) not null,
        assigned_at varchar(255) not null,
        assigned_by varchar(255) not null,
        course_title varchar(255) not null,
        faculty varchar(255) not null,
        time TEXT not null,
        primary key (id)
    )
Hibernate: 
    create table advised_courses (
        credits integer not null,
        id bigint generated by default as identity,
        course_code varchar(20) not null,
        section varchar(30) not null,
        section_id varchar(30) not null,
        term varchar(30),
        student_id varchar(50) not null,
        room varchar(60) not null,
        assigned_at varchar(255) not null,
        assigned_by varchar(255) not null,
        course_title varchar(255) not null,
        faculty varchar(255) not null,
        time TEXT not null,
        primary key (id)
    )
2026-09-04T20:14:57.378+06:00 DEBUG 18860 --- [campusconnect-backend] [  restartedMain] org.hibernate.SQL                        : 
    create table advising_portal_status (
        is_open boolean not null,
        id bigint not null,
        updated_at timestamp(6),
        message varchar(512),
        updated_by varchar(255),
        primary key (id)
    )
Hibernate: 
    create table advising_portal_status (
        is_open boolean not null,
        id bigint not null,
        updated_at timestamp(6),
        message varchar(512),
        updated_by varchar(255),
        primary key (id)
    )
2026-09-04T20:14:57.378+06:00 DEBUG 18860 --- [campusconnect-backend] [  restartedMain] org.hibernate.SQL                        : 
    create table advisor_available_days (
        advisor_id bigint not null,
        day_name varchar(255)
    )
Hibernate: 
    create table advisor_available_days (
        advisor_id bigint not null,
        day_name varchar(255)
    )
2026-09-04T20:14:57.379+06:00 DEBUG 18860 --- [campusconnect-backend] [  restartedMain] org.hibernate.SQL                        : 
    create table advisor_specialties (
        advisor_id bigint not null,
        specialty varchar(255)
    )
Hibernate: 
    create table advisor_specialties (
        advisor_id bigint not null,
        specialty varchar(255)
    )
2026-09-04T20:14:57.380+06:00 DEBUG 18860 --- [campusconnect-backend] [  restartedMain] org.hibernate.SQL                        : 
    create table advisors (
        id bigint generated by default as identity,
        department varchar(20) not null,
        available_hours varchar(255) not null,
        bio TEXT,
        department_label varchar(255) not null,
        email varchar(255) not null,
        name varchar(255) not null,
        title varchar(255) not null,
        primary key (id)
    )
Hibernate: 
    create table advisors (
        id bigint generated by default as identity,
        department varchar(20) not null,
        available_hours varchar(255) not null,
        bio TEXT,
        department_label varchar(255) not null,
        email varchar(255) not null,
        name varchar(255) not null,
        title varchar(255) not null,
        primary key (id)
    )
2026-09-04T20:14:57.381+06:00 DEBUG 18860 --- [campusconnect-backend] [  restartedMain] org.hibernate.SQL                        : 
    create table app_users (
        active boolean,
        is_advisor boolean,
        reminder_hours integer,
        id bigint generated by default as identity,
        role varchar(20) not null,
        created_at varchar(40),
        user_id varchar(50) not null unique,
        full_name varchar(120) not null,
        email varchar(150) not null unique,
        password_hash varchar(255) not null,
        primary key (id)
    )
Hibernate: 
    create table app_users (
        active boolean,
        is_advisor boolean,
        reminder_hours integer,
        id bigint generated by default as identity,
        role varchar(20) not null,
        created_at varchar(40),
        user_id varchar(50) not null unique,
        full_name varchar(120) not null,
        email varchar(150) not null unique,
        password_hash varchar(255) not null,
        primary key (id)
    )
2026-09-04T20:14:57.382+06:00 DEBUG 18860 --- [campusconnect-backend] [  restartedMain] org.hibernate.SQL                        : 
    create table assignments (
        total_points integer not null,
        created_at timestamp(6),
        deadline timestamp(6) not null,
        id bigint generated by default as identity,
        course_code varchar(20) not null,
        attachment_type varchar(100),
        created_by varchar(100),
        course_name varchar(200) not null,
        attachment_name varchar(300),
        title varchar(300) not null,
        attachment_data BYTEA,
        description TEXT,
        primary key (id)
    )
Hibernate: 
    create table assignments (
        total_points integer not null,
        created_at timestamp(6),
        deadline timestamp(6) not null,
        id bigint generated by default as identity,
        course_code varchar(20) not null,
        attachment_type varchar(100),
        created_by varchar(100),
        course_name varchar(200) not null,
        attachment_name varchar(300),
        title varchar(300) not null,
        attachment_data BYTEA,
        description TEXT,
        primary key (id)
    )
2026-09-04T20:14:57.383+06:00 DEBUG 18860 --- [campusconnect-backend] [  restartedMain] org.hibernate.SQL                        : 
    create table attendance_records (
        id bigint generated by default as identity,
        date varchar(10) not null,
        status varchar(10) not null,
        course_id varchar(20) not null,
        student_id varchar(20) not null,
        marked_at varchar(40),
        course_name varchar(120) not null,
        marked_by varchar(120),
        student_name varchar(120) not null,
        primary key (id)
    )
Hibernate: 
    create table attendance_records (
        id bigint generated by default as identity,
        date varchar(10) not null,
        status varchar(10) not null,
        course_id varchar(20) not null,
        student_id varchar(20) not null,
        marked_at varchar(40),
        course_name varchar(120) not null,
        marked_by varchar(120),
        student_name varchar(120) not null,
        primary key (id)
    )
2026-09-04T20:14:57.383+06:00 DEBUG 18860 --- [campusconnect-backend] [  restartedMain] org.hibernate.SQL                        : 
    create table chat_messages (
        created_at timestamp(6) with time zone not null,
        id bigint generated by default as identity,
        author_role varchar(32) not null,
        course_id varchar(64) not null,
        sub_channel_id varchar(64) not null,
        author_id varchar(128) not null,
        author_name varchar(128) not null,
        content varchar(2000),
        attachments_json varchar(4000),
        primary key (id)
    )
Hibernate: 
    create table chat_messages (
        created_at timestamp(6) with time zone not null,
        id bigint generated by default as identity,
        author_role varchar(32) not null,
        course_id varchar(64) not null,
        sub_channel_id varchar(64) not null,
        author_id varchar(128) not null,
        author_name varchar(128) not null,
        content varchar(2000),
        attachments_json varchar(4000),
        primary key (id)
    )
2026-09-04T20:14:57.385+06:00 DEBUG 18860 --- [campusconnect-backend] [  restartedMain] org.hibernate.SQL                        : 
    create table club_applications (
        id bigint generated by default as identity,
        recruitment_id varchar(20),
        status varchar(20),
        applied_at varchar(40),
        club_name varchar(100) not null,
        role varchar(100) not null,
        student_name varchar(120) not null,
        student_email varchar(200) not null,
        motivation TEXT,
        primary key (id)
    )
Hibernate: 
    create table club_applications (
        id bigint generated by default as identity,
        recruitment_id varchar(20),
        status varchar(20),
        applied_at varchar(40),
        club_name varchar(100) not null,
        role varchar(100) not null,
        student_name varchar(120) not null,
        student_email varchar(200) not null,
        motivation TEXT,
        primary key (id)
    )
2026-09-04T20:14:57.385+06:00 DEBUG 18860 --- [campusconnect-backend] [  restartedMain] org.hibernate.SQL                        : 
    create table club_notices (
        pinned boolean not null,
        id bigint generated by default as identity,
        posted_at varchar(40),
        club_name varchar(100) not null,
        posted_by varchar(100),
        title varchar(200) not null,
        body TEXT not null,
        primary key (id)
    )
Hibernate: 
    create table club_notices (
        pinned boolean not null,
        id bigint generated by default as identity,
        posted_at varchar(40),
        club_name varchar(100) not null,
        posted_by varchar(100),
        title varchar(200) not null,
        body TEXT not null,
        primary key (id)
    )
2026-09-04T20:14:57.386+06:00 DEBUG 18860 --- [campusconnect-backend] [  restartedMain] org.hibernate.SQL                        : 
    create table course_catalog (
        academic_year integer,
        capacity integer,
        credits float(53) not null,
        enrolled integer,
        is_gen_ed boolean,
        rating float(53),
        total_booked integer,
        total_seats integer,
        total_sections integer,
        id bigint generated by default as identity,
        code varchar(20) not null,
        faculty_id varchar(20),
        semester varchar(20),
        academic_degree varchar(50),
        department varchar(150),
        final_exam_schedule varchar(150),
        mid_exam_schedule varchar(150),
        school varchar(200),
        tags varchar(200),
        description TEXT,
        instructor varchar(255),
        name varchar(255) not null,
        prerequisites TEXT,
        primary key (id)
    )
Hibernate: 
    create table course_catalog (
        academic_year integer,
        capacity integer,
        credits float(53) not null,
        enrolled integer,
        is_gen_ed boolean,
        rating float(53),
        total_booked integer,
        total_seats integer,
        total_sections integer,
        id bigint generated by default as identity,
        code varchar(20) not null,
        faculty_id varchar(20),
        semester varchar(20),
        academic_degree varchar(50),
        department varchar(150),
        final_exam_schedule varchar(150),
        mid_exam_schedule varchar(150),
        school varchar(200),
        tags varchar(200),
        description TEXT,
        instructor varchar(255),
        name varchar(255) not null,
        prerequisites TEXT,
        primary key (id)
    )
2026-09-04T20:14:57.387+06:00 DEBUG 18860 --- [campusconnect-backend] [  restartedMain] org.hibernate.SQL                        : 
    create table course_channel_members (
        id bigint generated by default as identity,
        updated_at timestamp(6) with time zone not null,
        course_code varchar(32),
        status varchar(32) not null,
        user_role varchar(32) not null,
        added_by varchar(64),
        channel_id varchar(64) not null,
        user_id varchar(64) not null,
        user_email varchar(128),
        user_name varchar(128),
        primary key (id),
        constraint uk_channel_member unique (channel_id, user_id)
    )
Hibernate: 
    create table course_channel_members (
        id bigint generated by default as identity,
        updated_at timestamp(6) with time zone not null,
        course_code varchar(32),
        status varchar(32) not null,
        user_role varchar(32) not null,
        added_by varchar(64),
        channel_id varchar(64) not null,
        user_id varchar(64) not null,
        user_email varchar(128),
        user_name varchar(128),
        primary key (id),
        constraint uk_channel_member unique (channel_id, user_id)
    )
2026-09-04T20:14:57.388+06:00 DEBUG 18860 --- [campusconnect-backend] [  restartedMain] org.hibernate.SQL                        : 
    create table course_section (
        booked integer not null,
        credits float(53),
        total_seats integer not null,
        code varchar(30) not null,
        section varchar(30) not null,
        id varchar(60) not null,
        room varchar(60) not null,
        midterm_exam varchar(100),
        exam_day varchar(255),
        faculty varchar(255) not null,
        prerequisite_codes TEXT,
        time TEXT not null,
        title varchar(255) not null,
        primary key (id)
    )
Hibernate: 
    create table course_section (
        booked integer not null,
        credits float(53),
        total_seats integer not null,
        code varchar(30) not null,
        section varchar(30) not null,
        id varchar(60) not null,
        room varchar(60) not null,
        midterm_exam varchar(100),
        exam_day varchar(255),
        faculty varchar(255) not null,
        prerequisite_codes TEXT,
        time TEXT not null,
        title varchar(255) not null,
        primary key (id)
    )
2026-09-04T20:14:57.389+06:00 DEBUG 18860 --- [campusconnect-backend] [  restartedMain] org.hibernate.SQL                        : 
    create table exam_schedules (
        final_date timestamp(6) not null,
        id bigint generated by default as identity,
        midterm_date timestamp(6) not null,
        course_code varchar(30) not null unique,
        course_name varchar(255) not null,
        primary key (id)
    )
Hibernate: 
    create table exam_schedules (
        final_date timestamp(6) not null,
        id bigint generated by default as identity,
        midterm_date timestamp(6) not null,
        course_code varchar(30) not null unique,
        course_name varchar(255) not null,
        primary key (id)
    )
2026-09-04T20:14:57.392+06:00 DEBUG 18860 --- [campusconnect-backend] [  restartedMain] org.hibernate.SQL                        : 
    create table faculty_directory_entries (
        id bigint generated by default as identity,
        thesis_level varchar(20),
        thesis_status varchar(30) not null,
        category varchar(100) not null,
        name varchar(180) not null,
        position varchar(180) not null,
        email varchar(220) not null unique,
        profile_url varchar(500),
        primary key (id)
    )
Hibernate: 
    create table faculty_directory_entries (
        id bigint generated by default as identity,
        thesis_level varchar(20),
        thesis_status varchar(30) not null,
        category varchar(100) not null,
        name varchar(180) not null,
        position varchar(180) not null,
        email varchar(220) not null unique,
        profile_url varchar(500),
        primary key (id)
    )
2026-09-04T20:14:57.395+06:00 DEBUG 18860 --- [campusconnect-backend] [  restartedMain] org.hibernate.SQL                        : 
    create table in_app_notification_preferences (
        advising boolean not null,
        announcements boolean not null,
        assignments boolean not null,
        exams boolean not null,
        grades boolean not null,
        user_id varchar(50) not null,
        primary key (user_id)
    )
Hibernate: 
    create table in_app_notification_preferences (
        advising boolean not null,
        announcements boolean not null,
        assignments boolean not null,
        exams boolean not null,
        grades boolean not null,
        user_id varchar(50) not null,
        primary key (user_id)
    )
2026-09-04T20:14:57.397+06:00 DEBUG 18860 --- [campusconnect-backend] [  restartedMain] org.hibernate.SQL                        : 
    create table notifications (
        is_read boolean not null,
        created_at timestamp(6) with time zone not null,
        id bigint generated by default as identity,
        type varchar(64) not null,
        user_id varchar(64) not null,
        link varchar(255),
        payload TEXT,
        title varchar(255) not null,
        primary key (id)
    )
Hibernate: 
    create table notifications (
        is_read boolean not null,
        created_at timestamp(6) with time zone not null,
        id bigint generated by default as identity,
        type varchar(64) not null,
        user_id varchar(64) not null,
        link varchar(255),
        payload TEXT,
        title varchar(255) not null,
        primary key (id)
    )
2026-09-04T20:14:57.398+06:00 DEBUG 18860 --- [campusconnect-backend] [  restartedMain] org.hibernate.SQL                        : 
    create table payment_records (
        gross_payable float(53) not null,
        net_payable float(53) not null,
        semester_fee float(53) not null,
        total_course_fee float(53) not null,
        created_at timestamp(6) not null,
        id bigint generated by default as identity,
        paid_at timestamp(6) not null,
        term varchar(30) not null,
        payment_status varchar(40) not null,
        payment_method varchar(50) not null,
        student_id varchar(50) not null,
        receipt_number varchar(60) not null unique,
        bank_name varchar(100),
        department varchar(100),
        transaction_id varchar(100) not null,
        student_name varchar(150) not null,
        amount_in_words varchar(255),
        items_json TEXT,
        primary key (id)
    )
Hibernate: 
    create table payment_records (
        gross_payable float(53) not null,
        net_payable float(53) not null,
        semester_fee float(53) not null,
        total_course_fee float(53) not null,
        created_at timestamp(6) not null,
        id bigint generated by default as identity,
        paid_at timestamp(6) not null,
        term varchar(30) not null,
        payment_status varchar(40) not null,
        payment_method varchar(50) not null,
        student_id varchar(50) not null,
        receipt_number varchar(60) not null unique,
        bank_name varchar(100),
        department varchar(100),
        transaction_id varchar(100) not null,
        student_name varchar(150) not null,
        amount_in_words varchar(255),
        items_json TEXT,
        primary key (id)
    )
2026-09-04T20:14:57.398+06:00 DEBUG 18860 --- [campusconnect-backend] [  restartedMain] org.hibernate.SQL                        : 
    create table recruitments (
        active boolean not null,
        slots integer not null,
        id bigint generated by default as identity,
        deadline varchar(20),
        posted_at varchar(40),
        club_name varchar(100) not null,
        role varchar(100) not null,
        description TEXT not null,
        primary key (id)
    )
Hibernate: 
    create table recruitments (
        active boolean not null,
        slots integer not null,
        id bigint generated by default as identity,
        deadline varchar(20),
        posted_at varchar(40),
        club_name varchar(100) not null,
        role varchar(100) not null,
        description TEXT not null,
        primary key (id)
    )
2026-09-04T20:14:57.399+06:00 DEBUG 18860 --- [campusconnect-backend] [  restartedMain] org.hibernate.SQL                        : 
    create table section_registrations (
        id bigint generated by default as identity,
        registered_at timestamp(6) not null,
        term varchar(20) not null,
        student_id varchar(50) not null,
        section_id varchar(60) not null,
        primary key (id),
        constraint uq_student_section_term unique (student_id, section_id, term)
    )
Hibernate: 
    create table section_registrations (
        id bigint generated by default as identity,
        registered_at timestamp(6) not null,
        term varchar(20) not null,
        student_id varchar(50) not null,
        section_id varchar(60) not null,
        primary key (id),
        constraint uq_student_section_term unique (student_id, section_id, term)
    )
2026-09-04T20:14:57.400+06:00 DEBUG 18860 --- [campusconnect-backend] [  restartedMain] org.hibernate.SQL                        : 
    create table student_completed_courses (
        credits integer not null,
        grade_point float(53),
        is_bypassed boolean not null,
        id bigint generated by default as identity,
        grade varchar(20),
        course_code varchar(30) not null,
        bypassed_at varchar(50),
        semester varchar(50),
        student_id varchar(50) not null,
        bypassed_by varchar(100),
        course_title varchar(200) not null,
        reason varchar(255),
        primary key (id)
    )
Hibernate: 
    create table student_completed_courses (
        credits integer not null,
        grade_point float(53),
        is_bypassed boolean not null,
        id bigint generated by default as identity,
        grade varchar(20),
        course_code varchar(30) not null,
        bypassed_at varchar(50),
        semester varchar(50),
        student_id varchar(50) not null,
        bypassed_by varchar(100),
        course_title varchar(200) not null,
        reason varchar(255),
        primary key (id)
    )
2026-09-04T20:14:57.401+06:00 DEBUG 18860 --- [campusconnect-backend] [  restartedMain] org.hibernate.SQL                        : 
    create table student_profiles (
        advising_confirmed boolean,
        cgpa float(53) not null,
        completed_credits integer not null,
        on_probation boolean not null,
        year integer not null,
        student_id varchar(50) not null,
        advising_confirmed_at varchar(255),
        completed_courses TEXT,
        department varchar(255) not null,
        email varchar(255) not null,
        student_name varchar(255) not null,
        primary key (student_id)
    )
Hibernate: 
    create table student_profiles (
        advising_confirmed boolean,
        cgpa float(53) not null,
        completed_credits integer not null,
        on_probation boolean not null,
        year integer not null,
        student_id varchar(50) not null,
        advising_confirmed_at varchar(255),
        completed_courses TEXT,
        department varchar(255) not null,
        email varchar(255) not null,
        student_name varchar(255) not null,
        primary key (student_id)
    )
2026-09-04T20:14:57.401+06:00 DEBUG 18860 --- [campusconnect-backend] [  restartedMain] org.hibernate.SQL                        : 
    create table submissions (
        assignment_id bigint not null,
        id bigint generated by default as identity,
        submitted_at timestamp(6),
        status varchar(20) not null,
        student_id varchar(20) not null,
        file_type varchar(100),
        student_name varchar(100),
        file_name varchar(300),
        file_data BYTEA,
        primary key (id),
        constraint uk_submission_assignment_student unique (assignment_id, student_id)
    )
Hibernate: 
    create table submissions (
        assignment_id bigint not null,
        id bigint generated by default as identity,
        submitted_at timestamp(6),
        status varchar(20) not null,
        student_id varchar(20) not null,
        file_type varchar(100),
        student_name varchar(100),
        file_name varchar(300),
        file_data BYTEA,
        primary key (id),
        constraint uk_submission_assignment_student unique (assignment_id, student_id)
    )
2026-09-04T20:14:57.403+06:00 DEBUG 18860 --- [campusconnect-backend] [  restartedMain] org.hibernate.SQL                        : 
    create table test_courses (
        credits float(53) not null,
        id bigint generated by default as identity,
        code varchar(30) not null unique,
        academic_degree varchar(50),
        department varchar(150) not null,
        name varchar(150) not null,
        school varchar(150),
        description TEXT,
        prerequisites TEXT,
        primary key (id)
    )
Hibernate: 
    create table test_courses (
        credits float(53) not null,
        id bigint generated by default as identity,
        code varchar(30) not null unique,
        academic_degree varchar(50),
        department varchar(150) not null,
        name varchar(150) not null,
        school varchar(150),
        description TEXT,
        prerequisites TEXT,
        primary key (id)
    )
2026-09-04T20:14:57.404+06:00 DEBUG 18860 --- [campusconnect-backend] [  restartedMain] org.hibernate.SQL                        : 
    create table test_faculties (
        is_advisor boolean,
        id bigint generated by default as identity,
        created_at varchar(40),
        faculty_id varchar(50) not null unique,
        user_id varchar(50) not null,
        office_room varchar(60),
        designation varchar(80) not null,
        name varchar(120) not null,
        department varchar(150) not null,
        email varchar(150) not null unique,
        primary key (id)
    )
Hibernate: 
    create table test_faculties (
        is_advisor boolean,
        id bigint generated by default as identity,
        created_at varchar(40),
        faculty_id varchar(50) not null unique,
        user_id varchar(50) not null,
        office_room varchar(60),
        designation varchar(80) not null,
        name varchar(120) not null,
        department varchar(150) not null,
        email varchar(150) not null unique,
        primary key (id)
    )
2026-09-04T20:14:57.405+06:00 DEBUG 18860 --- [campusconnect-backend] [  restartedMain] org.hibernate.SQL                        : 
    create table test_sections (
        booked_seats integer not null,
        total_seats integer not null,
        course_id bigint not null,
        faculty_id bigint not null,
        id bigint generated by default as identity,
        section_number varchar(20) not null,
        term varchar(30) not null,
        room varchar(60) not null,
        section_id varchar(60) not null unique,
        schedule_time varchar(150) not null,
        primary key (id)
    )
Hibernate: 
    create table test_sections (
        booked_seats integer not null,
        total_seats integer not null,
        course_id bigint not null,
        faculty_id bigint not null,
        id bigint generated by default as identity,
        section_number varchar(20) not null,
        term varchar(30) not null,
        room varchar(60) not null,
        section_id varchar(60) not null unique,
        schedule_time varchar(150) not null,
        primary key (id)
    )
2026-09-04T20:14:57.406+06:00 DEBUG 18860 --- [campusconnect-backend] [  restartedMain] org.hibernate.SQL                        : 
    create table user_profile_pictures (
        user_id varchar(50) not null,
        content_type varchar(100) not null,
        image_data blob not null,
        primary key (user_id)
    )
Hibernate: 
    create table user_profile_pictures (
        user_id varchar(50) not null,
        content_type varchar(100) not null,
        image_data blob not null,
        primary key (user_id)
    )
2026-09-04T20:14:57.406+06:00 DEBUG 18860 --- [campusconnect-backend] [  restartedMain] org.hibernate.SQL                        : 
    create index idx_chat_course_sub 
       on chat_messages (course_id, sub_channel_id)
Hibernate: 
    create index idx_chat_course_sub 
       on chat_messages (course_id, sub_channel_id)
2026-09-04T20:14:57.407+06:00 DEBUG 18860 --- [campusconnect-backend] [  restartedMain] org.hibernate.SQL                        : 
    create index idx_chat_created 
       on chat_messages (created_at)
Hibernate: 
    create index idx_chat_created 
       on chat_messages (created_at)
2026-09-04T20:14:57.407+06:00 DEBUG 18860 --- [campusconnect-backend] [  restartedMain] org.hibernate.SQL                        : 
    create index idx_ch_member_channel 
       on course_channel_members (channel_id)
Hibernate: 
    create index idx_ch_member_channel 
       on course_channel_members (channel_id)
2026-09-04T20:14:57.408+06:00 DEBUG 18860 --- [campusconnect-backend] [  restartedMain] org.hibernate.SQL                        : 
    create index idx_ch_member_user 
       on course_channel_members (user_id)
Hibernate: 
    create index idx_ch_member_user 
       on course_channel_members (user_id)
2026-09-04T20:14:57.409+06:00 DEBUG 18860 --- [campusconnect-backend] [  restartedMain] org.hibernate.SQL                        : 
    create index idx_notif_user 
       on notifications (user_id)
Hibernate: 
    create index idx_notif_user 
       on notifications (user_id)
2026-09-04T20:14:57.410+06:00 DEBUG 18860 --- [campusconnect-backend] [  restartedMain] org.hibernate.SQL                        : 
    create index idx_notif_created 
       on notifications (created_at)
Hibernate: 
    create index idx_notif_created 
       on notifications (created_at)
2026-09-04T20:14:57.410+06:00 DEBUG 18860 --- [campusconnect-backend] [  restartedMain] org.hibernate.SQL                        : 
    create index idx_notif_user_read 
       on notifications (user_id, is_read)
Hibernate: 
    create index idx_notif_user_read 
       on notifications (user_id, is_read)
2026-09-04T20:14:57.410+06:00 DEBUG 18860 --- [campusconnect-backend] [  restartedMain] org.hibernate.SQL                        : 
    create index idx_payment_student_id 
       on payment_records (student_id)
Hibernate: 
    create index idx_payment_student_id 
       on payment_records (student_id)
2026-09-04T20:14:57.411+06:00 DEBUG 18860 --- [campusconnect-backend] [  restartedMain] org.hibernate.SQL                        : 
    alter table if exists advised_courses 
       add constraint FKb7c5uyvk5ivybbsg40kn0n4rm 
       foreign key (student_id) 
       references student_profiles
Hibernate: 
    alter table if exists advised_courses 
       add constraint FKb7c5uyvk5ivybbsg40kn0n4rm 
       foreign key (student_id) 
       references student_profiles
2026-09-04T20:14:57.412+06:00 DEBUG 18860 --- [campusconnect-backend] [  restartedMain] org.hibernate.SQL                        : 
    alter table if exists advisor_available_days 
       add constraint FKbxcljuim7phnibp8bwl51leb5 
       foreign key (advisor_id) 
       references advisors
Hibernate: 
    alter table if exists advisor_available_days 
       add constraint FKbxcljuim7phnibp8bwl51leb5 
       foreign key (advisor_id) 
       references advisors
2026-09-04T20:14:57.413+06:00 DEBUG 18860 --- [campusconnect-backend] [  restartedMain] org.hibernate.SQL                        : 
    alter table if exists advisor_specialties 
       add constraint FKgcuxbiegmkiwf0dmma1tj50ax 
       foreign key (advisor_id) 
       references advisors
Hibernate: 
    alter table if exists advisor_specialties 
       add constraint FKgcuxbiegmkiwf0dmma1tj50ax 
       foreign key (advisor_id) 
       references advisors
2026-09-04T20:14:57.413+06:00 DEBUG 18860 --- [campusconnect-backend] [  restartedMain] org.hibernate.SQL                        : 
    alter table if exists section_registrations 
       add constraint FK5b8r1lkvm1177qm2gyonfcixv 
       foreign key (section_id) 
       references course_section
Hibernate: 
    alter table if exists section_registrations 
       add constraint FK5b8r1lkvm1177qm2gyonfcixv 
       foreign key (section_id) 
       references course_section
2026-09-04T20:14:57.415+06:00 DEBUG 18860 --- [campusconnect-backend] [  restartedMain] org.hibernate.SQL                        : 
    alter table if exists test_sections 
       add constraint FKbo86k692733hc44e92kqrmeff 
       foreign key (course_id) 
       references test_courses
Hibernate: 
    alter table if exists test_sections 
       add constraint FKbo86k692733hc44e92kqrmeff 
       foreign key (course_id) 
       references test_courses
2026-09-04T20:14:57.416+06:00 DEBUG 18860 --- [campusconnect-backend] [  restartedMain] org.hibernate.SQL                        : 
    alter table if exists test_sections 
       add constraint FKcojbt364l6gl2jg1wqd9brwbq 
       foreign key (faculty_id) 
       references test_faculties
Hibernate: 
    alter table if exists test_sections 
       add constraint FKcojbt364l6gl2jg1wqd9brwbq 
       foreign key (faculty_id) 
       references test_faculties
2026-09-04T20:14:57.418+06:00  INFO 18860 --- [campusconnect-backend] [  restartedMain] j.LocalContainerEntityManagerFactoryBean : Initialized JPA EntityManagerFactory for persistence unit 'default'
2026-09-04T20:14:57.795+06:00 DEBUG 18860 --- [campusconnect-backend] [  restartedMain] org.hibernate.SQL                        : 
    update
        course_section cs1_0 
    set
        booked=cs1_0.total_seats 
    where
        cs1_0.booked>cs1_0.total_seats
Hibernate: 
    update
        course_section cs1_0 
    set
        booked=cs1_0.total_seats 
    where
        cs1_0.booked>cs1_0.total_seats
2026-09-04T20:14:57.801+06:00 DEBUG 18860 --- [campusconnect-backend] [  restartedMain] org.hibernate.SQL                        : 
    select
        aps1_0.id,
        aps1_0.message,
        aps1_0.is_open,
        aps1_0.updated_at,
        aps1_0.updated_by 
    from
        advising_portal_status aps1_0 
    where
        aps1_0.id=?
Hibernate: 
    select
        aps1_0.id,
        aps1_0.message,
        aps1_0.is_open,
        aps1_0.updated_at,
        aps1_0.updated_by 
    from
        advising_portal_status aps1_0 
    where
        aps1_0.id=?
2026-09-04T20:14:57.806+06:00 DEBUG 18860 --- [campusconnect-backend] [  restartedMain] org.hibernate.SQL                        : 
    select
        aps1_0.id,
        aps1_0.message,
        aps1_0.is_open,
        aps1_0.updated_at,
        aps1_0.updated_by 
    from
        advising_portal_status aps1_0 
    where
        aps1_0.id=?
Hibernate: 
    select
        aps1_0.id,
        aps1_0.message,
        aps1_0.is_open,
        aps1_0.updated_at,
        aps1_0.updated_by 
    from
        advising_portal_status aps1_0 
    where
        aps1_0.id=?
2026-09-04T20:14:57.807+06:00 DEBUG 18860 --- [campusconnect-backend] [  restartedMain] org.hibernate.SQL                        : 
    insert 
    into
        advising_portal_status
        (message, is_open, updated_at, updated_by, id) 
    values
        (?, ?, ?, ?, ?)
Hibernate: 
    insert 
    into
        advising_portal_status
        (message, is_open, updated_at, updated_by, id) 
    values
        (?, ?, ?, ?, ?)
2026-09-04T20:14:58.009+06:00 DEBUG 18860 --- [campusconnect-backend] [  restartedMain] org.hibernate.SQL                        : 
    select
        count(*) 
    from
        assignments a1_0
Hibernate: 
    select
        count(*) 
    from
        assignments a1_0
2026-09-04T20:14:58.012+06:00 DEBUG 18860 --- [campusconnect-backend] [  restartedMain] org.hibernate.SQL                        : 
    insert 
    into
        assignments
        (attachment_data, attachment_name, attachment_type, course_code, course_name, created_at, created_by, deadline, description, title, total_points, id) 
    values
        (?, ?, ?, ?, ?, ?, ?, ?, ?, ?, ?, default)
Hibernate: 
    insert 
    into
        assignments
        (attachment_data, attachment_name, attachment_type, course_code, course_name, created_at, created_by, deadline, description, title, total_points, id) 
    values
        (?, ?, ?, ?, ?, ?, ?, ?, ?, ?, ?, default)
2026-09-04T20:14:58.015+06:00 DEBUG 18860 --- [campusconnect-backend] [  restartedMain] org.hibernate.SQL                        : 
    insert 
    into
        assignments
        (attachment_data, attachment_name, attachment_type, course_code, course_name, created_at, created_by, deadline, description, title, total_points, id) 
    values
        (?, ?, ?, ?, ?, ?, ?, ?, ?, ?, ?, default)
Hibernate: 
    insert 
    into
        assignments
        (attachment_data, attachment_name, attachment_type, course_code, course_name, created_at, created_by, deadline, description, title, total_points, id) 
    values
        (?, ?, ?, ?, ?, ?, ?, ?, ?, ?, ?, default)
2026-09-04T20:14:58.017+06:00 DEBUG 18860 --- [campusconnect-backend] [  restartedMain] org.hibernate.SQL                        : 
    insert 
    into
        assignments
        (attachment_data, attachment_name, attachment_type, course_code, course_name, created_at, created_by, deadline, description, title, total_points, id) 
    values
        (?, ?, ?, ?, ?, ?, ?, ?, ?, ?, ?, default)
Hibernate: 
    insert 
    into
        assignments
        (attachment_data, attachment_name, attachment_type, course_code, course_name, created_at, created_by, deadline, description, title, total_points, id) 
    values
        (?, ?, ?, ?, ?, ?, ?, ?, ?, ?, ?, default)
2026-09-04T20:14:58.018+06:00 DEBUG 18860 --- [campusconnect-backend] [  restartedMain] org.hibernate.SQL                        : 
    insert 
    into
        assignments
        (attachment_data, attachment_name, attachment_type, course_code, course_name, created_at, created_by, deadline, description, title, total_points, id) 
    values
        (?, ?, ?, ?, ?, ?, ?, ?, ?, ?, ?, default)
Hibernate: 
    insert 
    into
        assignments
        (attachment_data, attachment_name, attachment_type, course_code, course_name, created_at, created_by, deadline, description, title, total_points, id) 
    values
        (?, ?, ?, ?, ?, ?, ?, ?, ?, ?, ?, default)
2026-09-04T20:14:58.031+06:00 DEBUG 18860 --- [campusconnect-backend] [  restartedMain] org.hibernate.SQL                        : 
    select
        count(*) 
    from
        attendance_records ar1_0
Hibernate: 
    select
        count(*) 
    from
        attendance_records ar1_0
2026-09-04T20:14:58.033+06:00 DEBUG 18860 --- [campusconnect-backend] [  restartedMain] org.hibernate.SQL                        : 
    insert 
    into
        attendance_records
        (course_id, course_name, date, marked_at, marked_by, status, student_id, student_name, id) 
    values
        (?, ?, ?, ?, ?, ?, ?, ?, default)
Hibernate: 
    insert 
    into
        attendance_records
        (course_id, course_name, date, marked_at, marked_by, status, student_id, student_name, id) 
    values
        (?, ?, ?, ?, ?, ?, ?, ?, default)
2026-09-04T20:14:58.036+06:00 DEBUG 18860 --- [campusconnect-backend] [  restartedMain] org.hibernate.SQL                        : 
    insert 
    into
        attendance_records
        (course_id, course_name, date, marked_at, marked_by, status, student_id, student_name, id) 
    values
        (?, ?, ?, ?, ?, ?, ?, ?, default)
Hibernate: 
    insert 
    into
        attendance_records
        (course_id, course_name, date, marked_at, marked_by, status, student_id, student_name, id) 
    values
        (?, ?, ?, ?, ?, ?, ?, ?, default)
2026-09-04T20:14:58.037+06:00 DEBUG 18860 --- [campusconnect-backend] [  restartedMain] org.hibernate.SQL                        : 
    insert 
    into
        attendance_records
        (course_id, course_name, date, marked_at, marked_by, status, student_id, student_name, id) 
    values
        (?, ?, ?, ?, ?, ?, ?, ?, default)
Hibernate: 
    insert 
    into
        attendance_records
        (course_id, course_name, date, marked_at, marked_by, status, student_id, student_name, id) 
    values
        (?, ?, ?, ?, ?, ?, ?, ?, default)
2026-09-04T20:14:58.039+06:00 DEBUG 18860 --- [campusconnect-backend] [  restartedMain] org.hibernate.SQL                        : 
    insert 
    into
        attendance_records
        (course_id, course_name, date, marked_at, marked_by, status, student_id, student_name, id) 
    values
        (?, ?, ?, ?, ?, ?, ?, ?, default)
Hibernate: 
    insert 
    into
        attendance_records
        (course_id, course_name, date, marked_at, marked_by, status, student_id, student_name, id) 
    values
        (?, ?, ?, ?, ?, ?, ?, ?, default)
2026-09-04T20:14:58.045+06:00 DEBUG 18860 --- [campusconnect-backend] [  restartedMain] org.hibernate.SQL                        : 
    insert 
    into
        attendance_records
        (course_id, course_name, date, marked_at, marked_by, status, student_id, student_name, id) 
    values
        (?, ?, ?, ?, ?, ?, ?, ?, default)
Hibernate: 
    insert 
    into
        attendance_records
        (course_id, course_name, date, marked_at, marked_by, status, student_id, student_name, id) 
    values
        (?, ?, ?, ?, ?, ?, ?, ?, default)
2026-09-04T20:14:58.047+06:00 DEBUG 18860 --- [campusconnect-backend] [  restartedMain] org.hibernate.SQL                        : 
    insert 
    into
        attendance_records
        (course_id, course_name, date, marked_at, marked_by, status, student_id, student_name, id) 
    values
        (?, ?, ?, ?, ?, ?, ?, ?, default)
Hibernate: 
    insert 
    into
        attendance_records
        (course_id, course_name, date, marked_at, marked_by, status, student_id, student_name, id) 
    values
        (?, ?, ?, ?, ?, ?, ?, ?, default)
2026-09-04T20:14:58.049+06:00 DEBUG 18860 --- [campusconnect-backend] [  restartedMain] org.hibernate.SQL                        : 
    insert 
    into
        attendance_records
        (course_id, course_name, date, marked_at, marked_by, status, student_id, student_name, id) 
    values
        (?, ?, ?, ?, ?, ?, ?, ?, default)
Hibernate: 
    insert 
    into
        attendance_records
        (course_id, course_name, date, marked_at, marked_by, status, student_id, student_name, id) 
    values
        (?, ?, ?, ?, ?, ?, ?, ?, default)
2026-09-04T20:14:58.051+06:00 DEBUG 18860 --- [campusconnect-backend] [  restartedMain] org.hibernate.SQL                        : 
    insert 
    into
        attendance_records
        (course_id, course_name, date, marked_at, marked_by, status, student_id, student_name, id) 
    values
        (?, ?, ?, ?, ?, ?, ?, ?, default)
Hibernate: 
    insert 
    into
        attendance_records
        (course_id, course_name, date, marked_at, marked_by, status, student_id, student_name, id) 
    values
        (?, ?, ?, ?, ?, ?, ?, ?, default)
2026-09-04T20:14:58.054+06:00 DEBUG 18860 --- [campusconnect-backend] [  restartedMain] org.hibernate.SQL                        : 
    insert 
    into
        attendance_records
        (course_id, course_name, date, marked_at, marked_by, status, student_id, student_name, id) 
    values
        (?, ?, ?, ?, ?, ?, ?, ?, default)
Hibernate: 
    insert 
    into
        attendance_records
        (course_id, course_name, date, marked_at, marked_by, status, student_id, student_name, id) 
    values
        (?, ?, ?, ?, ?, ?, ?, ?, default)
2026-09-04T20:14:58.056+06:00 DEBUG 18860 --- [campusconnect-backend] [  restartedMain] org.hibernate.SQL                        : 
    insert 
    into
        attendance_records
        (course_id, course_name, date, marked_at, marked_by, status, student_id, student_name, id) 
    values
        (?, ?, ?, ?, ?, ?, ?, ?, default)
Hibernate: 
    insert 
    into
        attendance_records
        (course_id, course_name, date, marked_at, marked_by, status, student_id, student_name, id) 
    values
        (?, ?, ?, ?, ?, ?, ?, ?, default)
2026-09-04T20:14:58.059+06:00 DEBUG 18860 --- [campusconnect-backend] [  restartedMain] org.hibernate.SQL                        : 
    insert 
    into
        attendance_records
        (course_id, course_name, date, marked_at, marked_by, status, student_id, student_name, id) 
    values
        (?, ?, ?, ?, ?, ?, ?, ?, default)
Hibernate: 
    insert 
    into
        attendance_records
        (course_id, course_name, date, marked_at, marked_by, status, student_id, student_name, id) 
    values
        (?, ?, ?, ?, ?, ?, ?, ?, default)
2026-09-04T20:14:58.061+06:00 DEBUG 18860 --- [campusconnect-backend] [  restartedMain] org.hibernate.SQL                        : 
    insert 
    into
        attendance_records
        (course_id, course_name, date, marked_at, marked_by, status, student_id, student_name, id) 
    values
        (?, ?, ?, ?, ?, ?, ?, ?, default)
Hibernate: 
    insert 
    into
        attendance_records
        (course_id, course_name, date, marked_at, marked_by, status, student_id, student_name, id) 
    values
        (?, ?, ?, ?, ?, ?, ?, ?, default)
2026-09-04T20:14:58.062+06:00 DEBUG 18860 --- [campusconnect-backend] [  restartedMain] org.hibernate.SQL                        : 
    insert 
    into
        attendance_records
        (course_id, course_name, date, marked_at, marked_by, status, student_id, student_name, id) 
    values
        (?, ?, ?, ?, ?, ?, ?, ?, default)
Hibernate: 
    insert 
    into
        attendance_records
        (course_id, course_name, date, marked_at, marked_by, status, student_id, student_name, id) 
    values
        (?, ?, ?, ?, ?, ?, ?, ?, default)
2026-09-04T20:14:58.063+06:00 DEBUG 18860 --- [campusconnect-backend] [  restartedMain] org.hibernate.SQL                        : 
    insert 
    into
        attendance_records
        (course_id, course_name, date, marked_at, marked_by, status, student_id, student_name, id) 
    values
        (?, ?, ?, ?, ?, ?, ?, ?, default)
Hibernate: 
    insert 
    into
        attendance_records
        (course_id, course_name, date, marked_at, marked_by, status, student_id, student_name, id) 
    values
        (?, ?, ?, ?, ?, ?, ?, ?, default)
2026-09-04T20:14:58.063+06:00 DEBUG 18860 --- [campusconnect-backend] [  restartedMain] org.hibernate.SQL                        : 
    insert 
    into
        attendance_records
        (course_id, course_name, date, marked_at, marked_by, status, student_id, student_name, id) 
    values
        (?, ?, ?, ?, ?, ?, ?, ?, default)
Hibernate: 
    insert 
    into
        attendance_records
        (course_id, course_name, date, marked_at, marked_by, status, student_id, student_name, id) 
    values
        (?, ?, ?, ?, ?, ?, ?, ?, default)
2026-09-04T20:14:58.063+06:00 DEBUG 18860 --- [campusconnect-backend] [  restartedMain] org.hibernate.SQL                        : 
    insert 
    into
        attendance_records
        (course_id, course_name, date, marked_at, marked_by, status, student_id, student_name, id) 
    values
        (?, ?, ?, ?, ?, ?, ?, ?, default)
Hibernate: 
    insert 
    into
        attendance_records
        (course_id, course_name, date, marked_at, marked_by, status, student_id, student_name, id) 
    values
        (?, ?, ?, ?, ?, ?, ?, ?, default)
2026-09-04T20:14:58.065+06:00 DEBUG 18860 --- [campusconnect-backend] [  restartedMain] org.hibernate.SQL                        : 
    insert 
    into
        attendance_records
        (course_id, course_name, date, marked_at, marked_by, status, student_id, student_name, id) 
    values
        (?, ?, ?, ?, ?, ?, ?, ?, default)
Hibernate: 
    insert 
    into
        attendance_records
        (course_id, course_name, date, marked_at, marked_by, status, student_id, student_name, id) 
    values
        (?, ?, ?, ?, ?, ?, ?, ?, default)
2026-09-04T20:14:58.066+06:00 DEBUG 18860 --- [campusconnect-backend] [  restartedMain] org.hibernate.SQL                        : 
    insert 
    into
        attendance_records
        (course_id, course_name, date, marked_at, marked_by, status, student_id, student_name, id) 
    values
        (?, ?, ?, ?, ?, ?, ?, ?, default)
Hibernate: 
    insert 
    into
        attendance_records
        (course_id, course_name, date, marked_at, marked_by, status, student_id, student_name, id) 
    values
        (?, ?, ?, ?, ?, ?, ?, ?, default)
2026-09-04T20:14:58.068+06:00 DEBUG 18860 --- [campusconnect-backend] [  restartedMain] org.hibernate.SQL                        : 
    insert 
    into
        attendance_records
        (course_id, course_name, date, marked_at, marked_by, status, student_id, student_name, id) 
    values
        (?, ?, ?, ?, ?, ?, ?, ?, default)
Hibernate: 
    insert 
    into
        attendance_records
        (course_id, course_name, date, marked_at, marked_by, status, student_id, student_name, id) 
    values
        (?, ?, ?, ?, ?, ?, ?, ?, default)
2026-09-04T20:14:58.068+06:00 DEBUG 18860 --- [campusconnect-backend] [  restartedMain] org.hibernate.SQL                        : 
    insert 
    into
        attendance_records
        (course_id, course_name, date, marked_at, marked_by, status, student_id, student_name, id) 
    values
        (?, ?, ?, ?, ?, ?, ?, ?, default)
Hibernate: 
    insert 
    into
        attendance_records
        (course_id, course_name, date, marked_at, marked_by, status, student_id, student_name, id) 
    values
        (?, ?, ?, ?, ?, ?, ?, ?, default)
2026-09-04T20:14:58.069+06:00 DEBUG 18860 --- [campusconnect-backend] [  restartedMain] org.hibernate.SQL                        : 
    insert 
    into
        attendance_records
        (course_id, course_name, date, marked_at, marked_by, status, student_id, student_name, id) 
    values
        (?, ?, ?, ?, ?, ?, ?, ?, default)
Hibernate: 
    insert 
    into
        attendance_records
        (course_id, course_name, date, marked_at, marked_by, status, student_id, student_name, id) 
    values
        (?, ?, ?, ?, ?, ?, ?, ?, default)
2026-09-04T20:14:58.070+06:00 DEBUG 18860 --- [campusconnect-backend] [  restartedMain] org.hibernate.SQL                        : 
    insert 
    into
        attendance_records
        (course_id, course_name, date, marked_at, marked_by, status, student_id, student_name, id) 
    values
        (?, ?, ?, ?, ?, ?, ?, ?, default)
Hibernate: 
    insert 
    into
        attendance_records
        (course_id, course_name, date, marked_at, marked_by, status, student_id, student_name, id) 
    values
        (?, ?, ?, ?, ?, ?, ?, ?, default)
2026-09-04T20:14:58.071+06:00 DEBUG 18860 --- [campusconnect-backend] [  restartedMain] org.hibernate.SQL                        : 
    insert 
    into
        attendance_records
        (course_id, course_name, date, marked_at, marked_by, status, student_id, student_name, id) 
    values
        (?, ?, ?, ?, ?, ?, ?, ?, default)
Hibernate: 
    insert 
    into
        attendance_records
        (course_id, course_name, date, marked_at, marked_by, status, student_id, student_name, id) 
    values
        (?, ?, ?, ?, ?, ?, ?, ?, default)
2026-09-04T20:14:58.072+06:00 DEBUG 18860 --- [campusconnect-backend] [  restartedMain] org.hibernate.SQL                        : 
    insert 
    into
        attendance_records
        (course_id, course_name, date, marked_at, marked_by, status, student_id, student_name, id) 
    values
        (?, ?, ?, ?, ?, ?, ?, ?, default)
Hibernate: 
    insert 
    into
        attendance_records
        (course_id, course_name, date, marked_at, marked_by, status, student_id, student_name, id) 
    values
        (?, ?, ?, ?, ?, ?, ?, ?, default)
2026-09-04T20:14:58.073+06:00 DEBUG 18860 --- [campusconnect-backend] [  restartedMain] org.hibernate.SQL                        : 
    insert 
    into
        attendance_records
        (course_id, course_name, date, marked_at, marked_by, status, student_id, student_name, id) 
    values
        (?, ?, ?, ?, ?, ?, ?, ?, default)
Hibernate: 
    insert 
    into
        attendance_records
        (course_id, course_name, date, marked_at, marked_by, status, student_id, student_name, id) 
    values
        (?, ?, ?, ?, ?, ?, ?, ?, default)
2026-09-04T20:14:58.075+06:00 DEBUG 18860 --- [campusconnect-backend] [  restartedMain] org.hibernate.SQL                        : 
    insert 
    into
        attendance_records
        (course_id, course_name, date, marked_at, marked_by, status, student_id, student_name, id) 
    values
        (?, ?, ?, ?, ?, ?, ?, ?, default)
Hibernate: 
    insert 
    into
        attendance_records
        (course_id, course_name, date, marked_at, marked_by, status, student_id, student_name, id) 
    values
        (?, ?, ?, ?, ?, ?, ?, ?, default)
2026-09-04T20:14:58.075+06:00 DEBUG 18860 --- [campusconnect-backend] [  restartedMain] org.hibernate.SQL                        : 
    insert 
    into
        attendance_records
        (course_id, course_name, date, marked_at, marked_by, status, student_id, student_name, id) 
    values
        (?, ?, ?, ?, ?, ?, ?, ?, default)
Hibernate: 
    insert 
    into
        attendance_records
        (course_id, course_name, date, marked_at, marked_by, status, student_id, student_name, id) 
    values
        (?, ?, ?, ?, ?, ?, ?, ?, default)
2026-09-04T20:14:58.076+06:00 DEBUG 18860 --- [campusconnect-backend] [  restartedMain] org.hibernate.SQL                        : 
    insert 
    into
        attendance_records
        (course_id, course_name, date, marked_at, marked_by, status, student_id, student_name, id) 
    values
        (?, ?, ?, ?, ?, ?, ?, ?, default)
Hibernate: 
    insert 
    into
        attendance_records
        (course_id, course_name, date, marked_at, marked_by, status, student_id, student_name, id) 
    values
        (?, ?, ?, ?, ?, ?, ?, ?, default)
2026-09-04T20:14:58.076+06:00 DEBUG 18860 --- [campusconnect-backend] [  restartedMain] org.hibernate.SQL                        : 
    insert 
    into
        attendance_records
        (course_id, course_name, date, marked_at, marked_by, status, student_id, student_name, id) 
    values
        (?, ?, ?, ?, ?, ?, ?, ?, default)
Hibernate: 
    insert 
    into
        attendance_records
        (course_id, course_name, date, marked_at, marked_by, status, student_id, student_name, id) 
    values
        (?, ?, ?, ?, ?, ?, ?, ?, default)
2026-09-04T20:14:58.085+06:00 DEBUG 18860 --- [campusconnect-backend] [  restartedMain] org.hibernate.SQL                        : 
    select
        count(*) 
    from
        app_users au1_0
Hibernate: 
    select
        count(*) 
    from
        app_users au1_0
2026-09-04T20:14:58.453+06:00 DEBUG 18860 --- [campusconnect-backend] [  restartedMain] org.hibernate.SQL                        : 
    insert 
    into
        app_users
        (active, created_at, email, full_name, is_advisor, password_hash, reminder_hours, role, user_id, id) 
    values
        (?, ?, ?, ?, ?, ?, ?, ?, ?, default)
Hibernate: 
    insert 
    into
        app_users
        (active, created_at, email, full_name, is_advisor, password_hash, reminder_hours, role, user_id, id) 
    values
        (?, ?, ?, ?, ?, ?, ?, ?, ?, default)
2026-09-04T20:14:58.816+06:00 DEBUG 18860 --- [campusconnect-backend] [  restartedMain] org.hibernate.SQL                        : 
    insert 
    into
        app_users
        (active, created_at, email, full_name, is_advisor, password_hash, reminder_hours, role, user_id, id) 
    values
        (?, ?, ?, ?, ?, ?, ?, ?, ?, default)
Hibernate: 
    insert 
    into
        app_users
        (active, created_at, email, full_name, is_advisor, password_hash, reminder_hours, role, user_id, id) 
    values
        (?, ?, ?, ?, ?, ?, ?, ?, ?, default)
2026-09-04T20:14:59.166+06:00 DEBUG 18860 --- [campusconnect-backend] [  restartedMain] org.hibernate.SQL                        : 
    insert 
    into
        app_users
        (active, created_at, email, full_name, is_advisor, password_hash, reminder_hours, role, user_id, id) 
    values
        (?, ?, ?, ?, ?, ?, ?, ?, ?, default)
Hibernate: 
    insert 
    into
        app_users
        (active, created_at, email, full_name, is_advisor, password_hash, reminder_hours, role, user_id, id) 
    values
        (?, ?, ?, ?, ?, ?, ?, ?, ?, default)
2026-09-04T20:14:59.253+06:00 DEBUG 18860 --- [campusconnect-backend] [  restartedMain] org.hibernate.SQL                        : 
    select
        count(*) 
    from
        club_notices cn1_0
Hibernate: 
    select
        count(*) 
    from
        club_notices cn1_0
2026-09-04T20:14:59.255+06:00 DEBUG 18860 --- [campusconnect-backend] [  restartedMain] org.hibernate.SQL                        : 
    insert 
    into
        club_notices
        (body, club_name, pinned, posted_at, posted_by, title, id) 
    values
        (?, ?, ?, ?, ?, ?, default)
Hibernate: 
    insert 
    into
        club_notices
        (body, club_name, pinned, posted_at, posted_by, title, id) 
    values
        (?, ?, ?, ?, ?, ?, default)
2026-09-04T20:14:59.257+06:00 DEBUG 18860 --- [campusconnect-backend] [  restartedMain] org.hibernate.SQL                        : 
    insert 
    into
        club_notices
        (body, club_name, pinned, posted_at, posted_by, title, id) 
    values
        (?, ?, ?, ?, ?, ?, default)
Hibernate: 
    insert 
    into
        club_notices
        (body, club_name, pinned, posted_at, posted_by, title, id) 
    values
        (?, ?, ?, ?, ?, ?, default)
2026-09-04T20:14:59.258+06:00 DEBUG 18860 --- [campusconnect-backend] [  restartedMain] org.hibernate.SQL                        : 
    insert 
    into
        club_notices
        (body, club_name, pinned, posted_at, posted_by, title, id) 
    values
        (?, ?, ?, ?, ?, ?, default)
Hibernate: 
    insert 
    into
        club_notices
        (body, club_name, pinned, posted_at, posted_by, title, id) 
    values
        (?, ?, ?, ?, ?, ?, default)
2026-09-04T20:14:59.259+06:00 DEBUG 18860 --- [campusconnect-backend] [  restartedMain] org.hibernate.SQL                        : 
    insert 
    into
        club_notices
        (body, club_name, pinned, posted_at, posted_by, title, id) 
    values
        (?, ?, ?, ?, ?, ?, default)
Hibernate: 
    insert 
    into
        club_notices
        (body, club_name, pinned, posted_at, posted_by, title, id) 
    values
        (?, ?, ?, ?, ?, ?, default)
2026-09-04T20:14:59.261+06:00 DEBUG 18860 --- [campusconnect-backend] [  restartedMain] org.hibernate.SQL                        : 
    insert 
    into
        club_notices
        (body, club_name, pinned, posted_at, posted_by, title, id) 
    values
        (?, ?, ?, ?, ?, ?, default)
Hibernate: 
    insert 
    into
        club_notices
        (body, club_name, pinned, posted_at, posted_by, title, id) 
    values
        (?, ?, ?, ?, ?, ?, default)
2026-09-04T20:14:59.263+06:00 DEBUG 18860 --- [campusconnect-backend] [  restartedMain] org.hibernate.SQL                        : 
    select
        count(*) 
    from
        recruitments r1_0
Hibernate: 
    select
        count(*) 
    from
        recruitments r1_0
2026-09-04T20:14:59.264+06:00 DEBUG 18860 --- [campusconnect-backend] [  restartedMain] org.hibernate.SQL                        : 
    insert 
    into
        recruitments
        (active, club_name, deadline, description, posted_at, role, slots, id) 
    values
        (?, ?, ?, ?, ?, ?, ?, default)
Hibernate: 
    insert 
    into
        recruitments
        (active, club_name, deadline, description, posted_at, role, slots, id) 
    values
        (?, ?, ?, ?, ?, ?, ?, default)
2026-09-04T20:14:59.265+06:00 DEBUG 18860 --- [campusconnect-backend] [  restartedMain] org.hibernate.SQL                        : 
    insert 
    into
        recruitments
        (active, club_name, deadline, description, posted_at, role, slots, id) 
    values
        (?, ?, ?, ?, ?, ?, ?, default)
Hibernate: 
    insert 
    into
        recruitments
        (active, club_name, deadline, description, posted_at, role, slots, id) 
    values
        (?, ?, ?, ?, ?, ?, ?, default)
2026-09-04T20:14:59.266+06:00 DEBUG 18860 --- [campusconnect-backend] [  restartedMain] org.hibernate.SQL                        : 
    insert 
    into
        recruitments
        (active, club_name, deadline, description, posted_at, role, slots, id) 
    values
        (?, ?, ?, ?, ?, ?, ?, default)
Hibernate: 
    insert 
    into
        recruitments
        (active, club_name, deadline, description, posted_at, role, slots, id) 
    values
        (?, ?, ?, ?, ?, ?, ?, default)
2026-09-04T20:14:59.266+06:00 DEBUG 18860 --- [campusconnect-backend] [  restartedMain] org.hibernate.SQL                        : 
    insert 
    into
        recruitments
        (active, club_name, deadline, description, posted_at, role, slots, id) 
    values
        (?, ?, ?, ?, ?, ?, ?, default)
Hibernate: 
    insert 
    into
        recruitments
        (active, club_name, deadline, description, posted_at, role, slots, id) 
    values
        (?, ?, ?, ?, ?, ?, ?, default)
2026-09-04T20:14:59.267+06:00 DEBUG 18860 --- [campusconnect-backend] [  restartedMain] org.hibernate.SQL                        : 
    insert 
    into
        recruitments
        (active, club_name, deadline, description, posted_at, role, slots, id) 
    values
        (?, ?, ?, ?, ?, ?, ?, default)
Hibernate: 
    insert 
    into
        recruitments
        (active, club_name, deadline, description, posted_at, role, slots, id) 
    values
        (?, ?, ?, ?, ?, ?, ?, default)
2026-09-04T20:14:59.283+06:00 DEBUG 18860 --- [campusconnect-backend] [  restartedMain] org.hibernate.SQL                        : 
    select
        count(*) 
    from
        exam_schedules es1_0
Hibernate: 
    select
        count(*) 
    from
        exam_schedules es1_0
2026-09-04T20:14:59.285+06:00 DEBUG 18860 --- [campusconnect-backend] [  restartedMain] org.hibernate.SQL                        : 
    select
        count(*) 
    from
        exam_schedules es1_0
Hibernate: 
    select
        count(*) 
    from
        exam_schedules es1_0
2026-09-04T20:14:59.290+06:00 DEBUG 18860 --- [campusconnect-backend] [  restartedMain] org.hibernate.SQL                        : 
    insert 
    into
        exam_schedules
        (course_code, course_name, final_date, midterm_date, id) 
    values
        (?, ?, ?, ?, default)
Hibernate: 
    insert 
    into
        exam_schedules
        (course_code, course_name, final_date, midterm_date, id) 
    values
        (?, ?, ?, ?, default)
2026-09-04T20:14:59.292+06:00 DEBUG 18860 --- [campusconnect-backend] [  restartedMain] org.hibernate.SQL                        : 
    insert 
    into
        exam_schedules
        (course_code, course_name, final_date, midterm_date, id) 
    values
        (?, ?, ?, ?, default)
Hibernate: 
    insert 
    into
        exam_schedules
        (course_code, course_name, final_date, midterm_date, id) 
    values
        (?, ?, ?, ?, default)
2026-09-04T20:14:59.292+06:00 DEBUG 18860 --- [campusconnect-backend] [  restartedMain] org.hibernate.SQL                        : 
    insert 
    into
        exam_schedules
        (course_code, course_name, final_date, midterm_date, id) 
    values
        (?, ?, ?, ?, default)
Hibernate: 
    insert 
    into
        exam_schedules
        (course_code, course_name, final_date, midterm_date, id) 
    values
        (?, ?, ?, ?, default)
2026-09-04T20:14:59.293+06:00 DEBUG 18860 --- [campusconnect-backend] [  restartedMain] org.hibernate.SQL                        : 
    insert 
    into
        exam_schedules
        (course_code, course_name, final_date, midterm_date, id) 
    values
        (?, ?, ?, ?, default)
Hibernate: 
    insert 
    into
        exam_schedules
        (course_code, course_name, final_date, midterm_date, id) 
    values
        (?, ?, ?, ?, default)
2026-09-04T20:14:59.293+06:00 DEBUG 18860 --- [campusconnect-backend] [  restartedMain] org.hibernate.SQL                        : 
    insert 
    into
        exam_schedules
        (course_code, course_name, final_date, midterm_date, id) 
    values
        (?, ?, ?, ?, default)
Hibernate: 
    insert 
    into
        exam_schedules
        (course_code, course_name, final_date, midterm_date, id) 
    values
        (?, ?, ?, ?, default)
2026-09-04T20:14:59.293+06:00 DEBUG 18860 --- [campusconnect-backend] [  restartedMain] org.hibernate.SQL                        : 
    insert 
    into
        exam_schedules
        (course_code, course_name, final_date, midterm_date, id) 
    values
        (?, ?, ?, ?, default)
Hibernate: 
    insert 
    into
        exam_schedules
        (course_code, course_name, final_date, midterm_date, id) 
    values
        (?, ?, ?, ?, default)
2026-09-04T20:14:59.293+06:00 DEBUG 18860 --- [campusconnect-backend] [  restartedMain] org.hibernate.SQL                        : 
    insert 
    into
        exam_schedules
        (course_code, course_name, final_date, midterm_date, id) 
    values
        (?, ?, ?, ?, default)
Hibernate: 
    insert 
    into
        exam_schedules
        (course_code, course_name, final_date, midterm_date, id) 
    values
        (?, ?, ?, ?, default)
2026-09-04T20:14:59.295+06:00 DEBUG 18860 --- [campusconnect-backend] [  restartedMain] org.hibernate.SQL                        : 
    insert 
    into
        exam_schedules
        (course_code, course_name, final_date, midterm_date, id) 
    values
        (?, ?, ?, ?, default)
Hibernate: 
    insert 
    into
        exam_schedules
        (course_code, course_name, final_date, midterm_date, id) 
    values
        (?, ?, ?, ?, default)
2026-09-04T20:14:59.295+06:00 DEBUG 18860 --- [campusconnect-backend] [  restartedMain] org.hibernate.SQL                        : 
    insert 
    into
        exam_schedules
        (course_code, course_name, final_date, midterm_date, id) 
    values
        (?, ?, ?, ?, default)
Hibernate: 
    insert 
    into
        exam_schedules
        (course_code, course_name, final_date, midterm_date, id) 
    values
        (?, ?, ?, ?, default)
2026-09-04T20:14:59.295+06:00 DEBUG 18860 --- [campusconnect-backend] [  restartedMain] org.hibernate.SQL                        : 
    insert 
    into
        exam_schedules
        (course_code, course_name, final_date, midterm_date, id) 
    values
        (?, ?, ?, ?, default)
Hibernate: 
    insert 
    into
        exam_schedules
        (course_code, course_name, final_date, midterm_date, id) 
    values
        (?, ?, ?, ?, default)
2026-09-04T20:14:59.296+06:00 DEBUG 18860 --- [campusconnect-backend] [  restartedMain] org.hibernate.SQL                        : 
    insert 
    into
        exam_schedules
        (course_code, course_name, final_date, midterm_date, id) 
    values
        (?, ?, ?, ?, default)
Hibernate: 
    insert 
    into
        exam_schedules
        (course_code, course_name, final_date, midterm_date, id) 
    values
        (?, ?, ?, ?, default)
2026-09-04T20:14:59.296+06:00 DEBUG 18860 --- [campusconnect-backend] [  restartedMain] org.hibernate.SQL                        : 
    insert 
    into
        exam_schedules
        (course_code, course_name, final_date, midterm_date, id) 
    values
        (?, ?, ?, ?, default)
Hibernate: 
    insert 
    into
        exam_schedules
        (course_code, course_name, final_date, midterm_date, id) 
    values
        (?, ?, ?, ?, default)
2026-09-04T20:14:59.296+06:00 DEBUG 18860 --- [campusconnect-backend] [  restartedMain] org.hibernate.SQL                        : 
    insert 
    into
        exam_schedules
        (course_code, course_name, final_date, midterm_date, id) 
    values
        (?, ?, ?, ?, default)
Hibernate: 
    insert 
    into
        exam_schedules
        (course_code, course_name, final_date, midterm_date, id) 
    values
        (?, ?, ?, ?, default)
2026-09-04T20:14:59.297+06:00 DEBUG 18860 --- [campusconnect-backend] [  restartedMain] org.hibernate.SQL                        : 
    insert 
    into
        exam_schedules
        (course_code, course_name, final_date, midterm_date, id) 
    values
        (?, ?, ?, ?, default)
Hibernate: 
    insert 
    into
        exam_schedules
        (course_code, course_name, final_date, midterm_date, id) 
    values
        (?, ?, ?, ?, default)
2026-09-04T20:14:59.297+06:00 DEBUG 18860 --- [campusconnect-backend] [  restartedMain] org.hibernate.SQL                        : 
    insert 
    into
        exam_schedules
        (course_code, course_name, final_date, midterm_date, id) 
    values
        (?, ?, ?, ?, default)
Hibernate: 
    insert 
    into
        exam_schedules
        (course_code, course_name, final_date, midterm_date, id) 
    values
        (?, ?, ?, ?, default)
2026-09-04T20:14:59.298+06:00 DEBUG 18860 --- [campusconnect-backend] [  restartedMain] org.hibernate.SQL                        : 
    insert 
    into
        exam_schedules
        (course_code, course_name, final_date, midterm_date, id) 
    values
        (?, ?, ?, ?, default)
Hibernate: 
    insert 
    into
        exam_schedules
        (course_code, course_name, final_date, midterm_date, id) 
    values
        (?, ?, ?, ?, default)
2026-09-04T20:14:59.298+06:00 DEBUG 18860 --- [campusconnect-backend] [  restartedMain] org.hibernate.SQL                        : 
    insert 
    into
        exam_schedules
        (course_code, course_name, final_date, midterm_date, id) 
    values
        (?, ?, ?, ?, default)
Hibernate: 
    insert 
    into
        exam_schedules
        (course_code, course_name, final_date, midterm_date, id) 
    values
        (?, ?, ?, ?, default)
2026-09-04T20:14:59.298+06:00 DEBUG 18860 --- [campusconnect-backend] [  restartedMain] org.hibernate.SQL                        : 
    insert 
    into
        exam_schedules
        (course_code, course_name, final_date, midterm_date, id) 
    values
        (?, ?, ?, ?, default)
Hibernate: 
    insert 
    into
        exam_schedules
        (course_code, course_name, final_date, midterm_date, id) 
    values
        (?, ?, ?, ?, default)
2026-09-04T20:14:59.298+06:00 DEBUG 18860 --- [campusconnect-backend] [  restartedMain] org.hibernate.SQL                        : 
    insert 
    into
        exam_schedules
        (course_code, course_name, final_date, midterm_date, id) 
    values
        (?, ?, ?, ?, default)
Hibernate: 
    insert 
    into
        exam_schedules
        (course_code, course_name, final_date, midterm_date, id) 
    values
        (?, ?, ?, ?, default)
2026-09-04T20:14:59.299+06:00 DEBUG 18860 --- [campusconnect-backend] [  restartedMain] org.hibernate.SQL                        : 
    insert 
    into
        exam_schedules
        (course_code, course_name, final_date, midterm_date, id) 
    values
        (?, ?, ?, ?, default)
Hibernate: 
    insert 
    into
        exam_schedules
        (course_code, course_name, final_date, midterm_date, id) 
    values
        (?, ?, ?, ?, default)
2026-09-04T20:14:59.299+06:00 DEBUG 18860 --- [campusconnect-backend] [  restartedMain] org.hibernate.SQL                        : 
    insert 
    into
        exam_schedules
        (course_code, course_name, final_date, midterm_date, id) 
    values
        (?, ?, ?, ?, default)
Hibernate: 
    insert 
    into
        exam_schedules
        (course_code, course_name, final_date, midterm_date, id) 
    values
        (?, ?, ?, ?, default)
2026-09-04T20:14:59.299+06:00 DEBUG 18860 --- [campusconnect-backend] [  restartedMain] org.hibernate.SQL                        : 
    insert 
    into
        exam_schedules
        (course_code, course_name, final_date, midterm_date, id) 
    values
        (?, ?, ?, ?, default)
Hibernate: 
    insert 
    into
        exam_schedules
        (course_code, course_name, final_date, midterm_date, id) 
    values
        (?, ?, ?, ?, default)
2026-09-04T20:14:59.300+06:00 DEBUG 18860 --- [campusconnect-backend] [  restartedMain] org.hibernate.SQL                        : 
    insert 
    into
        exam_schedules
        (course_code, course_name, final_date, midterm_date, id) 
    values
        (?, ?, ?, ?, default)
Hibernate: 
    insert 
    into
        exam_schedules
        (course_code, course_name, final_date, midterm_date, id) 
    values
        (?, ?, ?, ?, default)
2026-09-04T20:14:59.300+06:00 DEBUG 18860 --- [campusconnect-backend] [  restartedMain] org.hibernate.SQL                        : 
    insert 
    into
        exam_schedules
        (course_code, course_name, final_date, midterm_date, id) 
    values
        (?, ?, ?, ?, default)
Hibernate: 
    insert 
    into
        exam_schedules
        (course_code, course_name, final_date, midterm_date, id) 
    values
        (?, ?, ?, ?, default)
2026-09-04T20:14:59.301+06:00 DEBUG 18860 --- [campusconnect-backend] [  restartedMain] org.hibernate.SQL                        : 
    insert 
    into
        exam_schedules
        (course_code, course_name, final_date, midterm_date, id) 
    values
        (?, ?, ?, ?, default)
Hibernate: 
    insert 
    into
        exam_schedules
        (course_code, course_name, final_date, midterm_date, id) 
    values
        (?, ?, ?, ?, default)
2026-09-04T20:14:59.301+06:00 DEBUG 18860 --- [campusconnect-backend] [  restartedMain] org.hibernate.SQL                        : 
    insert 
    into
        exam_schedules
        (course_code, course_name, final_date, midterm_date, id) 
    values
        (?, ?, ?, ?, default)
Hibernate: 
    insert 
    into
        exam_schedules
        (course_code, course_name, final_date, midterm_date, id) 
    values
        (?, ?, ?, ?, default)
2026-09-04T20:14:59.301+06:00 DEBUG 18860 --- [campusconnect-backend] [  restartedMain] org.hibernate.SQL                        : 
    insert 
    into
        exam_schedules
        (course_code, course_name, final_date, midterm_date, id) 
    values
        (?, ?, ?, ?, default)
Hibernate: 
    insert 
    into
        exam_schedules
        (course_code, course_name, final_date, midterm_date, id) 
    values
        (?, ?, ?, ?, default)
2026-09-04T20:14:59.302+06:00 DEBUG 18860 --- [campusconnect-backend] [  restartedMain] org.hibernate.SQL                        : 
    insert 
    into
        exam_schedules
        (course_code, course_name, final_date, midterm_date, id) 
    values
        (?, ?, ?, ?, default)
Hibernate: 
    insert 
    into
        exam_schedules
        (course_code, course_name, final_date, midterm_date, id) 
    values
        (?, ?, ?, ?, default)
2026-09-04T20:14:59.302+06:00 DEBUG 18860 --- [campusconnect-backend] [  restartedMain] org.hibernate.SQL                        : 
    insert 
    into
        exam_schedules
        (course_code, course_name, final_date, midterm_date, id) 
    values
        (?, ?, ?, ?, default)
Hibernate: 
    insert 
    into
        exam_schedules
        (course_code, course_name, final_date, midterm_date, id) 
    values
        (?, ?, ?, ?, default)
2026-09-04T20:14:59.302+06:00 DEBUG 18860 --- [campusconnect-backend] [  restartedMain] org.hibernate.SQL                        : 
    insert 
    into
        exam_schedules
        (course_code, course_name, final_date, midterm_date, id) 
    values
        (?, ?, ?, ?, default)
Hibernate: 
    insert 
    into
        exam_schedules
        (course_code, course_name, final_date, midterm_date, id) 
    values
        (?, ?, ?, ?, default)
2026-09-04T20:14:59.303+06:00 DEBUG 18860 --- [campusconnect-backend] [  restartedMain] org.hibernate.SQL                        : 
    insert 
    into
        exam_schedules
        (course_code, course_name, final_date, midterm_date, id) 
    values
        (?, ?, ?, ?, default)
Hibernate: 
    insert 
    into
        exam_schedules
        (course_code, course_name, final_date, midterm_date, id) 
    values
        (?, ?, ?, ?, default)
2026-09-04T20:14:59.303+06:00 DEBUG 18860 --- [campusconnect-backend] [  restartedMain] org.hibernate.SQL                        : 
    insert 
    into
        exam_schedules
        (course_code, course_name, final_date, midterm_date, id) 
    values
        (?, ?, ?, ?, default)
Hibernate: 
    insert 
    into
        exam_schedules
        (course_code, course_name, final_date, midterm_date, id) 
    values
        (?, ?, ?, ?, default)
2026-09-04T20:14:59.305+06:00 DEBUG 18860 --- [campusconnect-backend] [  restartedMain] org.hibernate.SQL                        : 
    insert 
    into
        exam_schedules
        (course_code, course_name, final_date, midterm_date, id) 
    values
        (?, ?, ?, ?, default)
Hibernate: 
    insert 
    into
        exam_schedules
        (course_code, course_name, final_date, midterm_date, id) 
    values
        (?, ?, ?, ?, default)
2026-09-04T20:14:59.306+06:00 DEBUG 18860 --- [campusconnect-backend] [  restartedMain] org.hibernate.SQL                        : 
    insert 
    into
        exam_schedules
        (course_code, course_name, final_date, midterm_date, id) 
    values
        (?, ?, ?, ?, default)
Hibernate: 
    insert 
    into
        exam_schedules
        (course_code, course_name, final_date, midterm_date, id) 
    values
        (?, ?, ?, ?, default)
2026-09-04T20:14:59.306+06:00 DEBUG 18860 --- [campusconnect-backend] [  restartedMain] org.hibernate.SQL                        : 
    insert 
    into
        exam_schedules
        (course_code, course_name, final_date, midterm_date, id) 
    values
        (?, ?, ?, ?, default)
Hibernate: 
    insert 
    into
        exam_schedules
        (course_code, course_name, final_date, midterm_date, id) 
    values
        (?, ?, ?, ?, default)
2026-09-04T20:14:59.307+06:00 DEBUG 18860 --- [campusconnect-backend] [  restartedMain] org.hibernate.SQL                        : 
    insert 
    into
        exam_schedules
        (course_code, course_name, final_date, midterm_date, id) 
    values
        (?, ?, ?, ?, default)
Hibernate: 
    insert 
    into
        exam_schedules
        (course_code, course_name, final_date, midterm_date, id) 
    values
        (?, ?, ?, ?, default)
2026-09-04T20:14:59.307+06:00 DEBUG 18860 --- [campusconnect-backend] [  restartedMain] org.hibernate.SQL                        : 
    insert 
    into
        exam_schedules
        (course_code, course_name, final_date, midterm_date, id) 
    values
        (?, ?, ?, ?, default)
Hibernate: 
    insert 
    into
        exam_schedules
        (course_code, course_name, final_date, midterm_date, id) 
    values
        (?, ?, ?, ?, default)
2026-09-04T20:14:59.308+06:00 DEBUG 18860 --- [campusconnect-backend] [  restartedMain] org.hibernate.SQL                        : 
    insert 
    into
        exam_schedules
        (course_code, course_name, final_date, midterm_date, id) 
    values
        (?, ?, ?, ?, default)
Hibernate: 
    insert 
    into
        exam_schedules
        (course_code, course_name, final_date, midterm_date, id) 
    values
        (?, ?, ?, ?, default)
2026-09-04T20:14:59.308+06:00 DEBUG 18860 --- [campusconnect-backend] [  restartedMain] org.hibernate.SQL                        : 
    insert 
    into
        exam_schedules
        (course_code, course_name, final_date, midterm_date, id) 
    values
        (?, ?, ?, ?, default)
Hibernate: 
    insert 
    into
        exam_schedules
        (course_code, course_name, final_date, midterm_date, id) 
    values
        (?, ?, ?, ?, default)
2026-09-04T20:14:59.308+06:00 DEBUG 18860 --- [campusconnect-backend] [  restartedMain] org.hibernate.SQL                        : 
    insert 
    into
        exam_schedules
        (course_code, course_name, final_date, midterm_date, id) 
    values
        (?, ?, ?, ?, default)
Hibernate: 
    insert 
    into
        exam_schedules
        (course_code, course_name, final_date, midterm_date, id) 
    values
        (?, ?, ?, ?, default)
2026-09-04T20:14:59.309+06:00 DEBUG 18860 --- [campusconnect-backend] [  restartedMain] org.hibernate.SQL                        : 
    insert 
    into
        exam_schedules
        (course_code, course_name, final_date, midterm_date, id) 
    values
        (?, ?, ?, ?, default)
Hibernate: 
    insert 
    into
        exam_schedules
        (course_code, course_name, final_date, midterm_date, id) 
    values
        (?, ?, ?, ?, default)
2026-09-04T20:14:59.309+06:00 DEBUG 18860 --- [campusconnect-backend] [  restartedMain] org.hibernate.SQL                        : 
    insert 
    into
        exam_schedules
        (course_code, course_name, final_date, midterm_date, id) 
    values
        (?, ?, ?, ?, default)
Hibernate: 
    insert 
    into
        exam_schedules
        (course_code, course_name, final_date, midterm_date, id) 
    values
        (?, ?, ?, ?, default)
2026-09-04T20:14:59.310+06:00 DEBUG 18860 --- [campusconnect-backend] [  restartedMain] org.hibernate.SQL                        : 
    insert 
    into
        exam_schedules
        (course_code, course_name, final_date, midterm_date, id) 
    values
        (?, ?, ?, ?, default)
Hibernate: 
    insert 
    into
        exam_schedules
        (course_code, course_name, final_date, midterm_date, id) 
    values
        (?, ?, ?, ?, default)
2026-09-04T20:14:59.327+06:00 DEBUG 18860 --- [campusconnect-backend] [  restartedMain] org.hibernate.SQL                        : 
    select
        count(*) 
    from
        faculty_directory_entries fde1_0
Hibernate: 
    select
        count(*) 
    from
        faculty_directory_entries fde1_0
2026-09-04T20:14:59.332+06:00 DEBUG 18860 --- [campusconnect-backend] [  restartedMain] org.hibernate.SQL                        : 
    insert 
    into
        faculty_directory_entries
        (category, email, name, position, profile_url, thesis_level, thesis_status, id) 
    values
        (?, ?, ?, ?, ?, ?, ?, default)
Hibernate: 
    insert 
    into
        faculty_directory_entries
        (category, email, name, position, profile_url, thesis_level, thesis_status, id) 
    values
        (?, ?, ?, ?, ?, ?, ?, default)
2026-09-04T20:14:59.333+06:00 DEBUG 18860 --- [campusconnect-backend] [  restartedMain] org.hibernate.SQL                        : 
    insert 
    into
        faculty_directory_entries
        (category, email, name, position, profile_url, thesis_level, thesis_status, id) 
    values
        (?, ?, ?, ?, ?, ?, ?, default)
Hibernate: 
    insert 
    into
        faculty_directory_entries
        (category, email, name, position, profile_url, thesis_level, thesis_status, id) 
    values
        (?, ?, ?, ?, ?, ?, ?, default)
2026-09-04T20:14:59.333+06:00 DEBUG 18860 --- [campusconnect-backend] [  restartedMain] org.hibernate.SQL                        : 
    insert 
    into
        faculty_directory_entries
        (category, email, name, position, profile_url, thesis_level, thesis_status, id) 
    values
        (?, ?, ?, ?, ?, ?, ?, default)
Hibernate: 
    insert 
    into
        faculty_directory_entries
        (category, email, name, position, profile_url, thesis_level, thesis_status, id) 
    values
        (?, ?, ?, ?, ?, ?, ?, default)
2026-09-04T20:14:59.333+06:00 DEBUG 18860 --- [campusconnect-backend] [  restartedMain] org.hibernate.SQL                        : 
    insert 
    into
        faculty_directory_entries
        (category, email, name, position, profile_url, thesis_level, thesis_status, id) 
    values
        (?, ?, ?, ?, ?, ?, ?, default)
Hibernate: 
    insert 
    into
        faculty_directory_entries
        (category, email, name, position, profile_url, thesis_level, thesis_status, id) 
    values
        (?, ?, ?, ?, ?, ?, ?, default)
2026-09-04T20:14:59.335+06:00 DEBUG 18860 --- [campusconnect-backend] [  restartedMain] org.hibernate.SQL                        : 
    insert 
    into
        faculty_directory_entries
        (category, email, name, position, profile_url, thesis_level, thesis_status, id) 
    values
        (?, ?, ?, ?, ?, ?, ?, default)
Hibernate: 
    insert 
    into
        faculty_directory_entries
        (category, email, name, position, profile_url, thesis_level, thesis_status, id) 
    values
        (?, ?, ?, ?, ?, ?, ?, default)
2026-09-04T20:14:59.335+06:00 DEBUG 18860 --- [campusconnect-backend] [  restartedMain] org.hibernate.SQL                        : 
    insert 
    into
        faculty_directory_entries
        (category, email, name, position, profile_url, thesis_level, thesis_status, id) 
    values
        (?, ?, ?, ?, ?, ?, ?, default)
Hibernate: 
    insert 
    into
        faculty_directory_entries
        (category, email, name, position, profile_url, thesis_level, thesis_status, id) 
    values
        (?, ?, ?, ?, ?, ?, ?, default)
2026-09-04T20:14:59.335+06:00 DEBUG 18860 --- [campusconnect-backend] [  restartedMain] org.hibernate.SQL                        : 
    insert 
    into
        faculty_directory_entries
        (category, email, name, position, profile_url, thesis_level, thesis_status, id) 
    values
        (?, ?, ?, ?, ?, ?, ?, default)
Hibernate: 
    insert 
    into
        faculty_directory_entries
        (category, email, name, position, profile_url, thesis_level, thesis_status, id) 
    values
        (?, ?, ?, ?, ?, ?, ?, default)
2026-09-04T20:14:59.335+06:00 DEBUG 18860 --- [campusconnect-backend] [  restartedMain] org.hibernate.SQL                        : 
    insert 
    into
        faculty_directory_entries
        (category, email, name, position, profile_url, thesis_level, thesis_status, id) 
    values
        (?, ?, ?, ?, ?, ?, ?, default)
Hibernate: 
    insert 
    into
        faculty_directory_entries
        (category, email, name, position, profile_url, thesis_level, thesis_status, id) 
    values
        (?, ?, ?, ?, ?, ?, ?, default)
2026-09-04T20:14:59.336+06:00 DEBUG 18860 --- [campusconnect-backend] [  restartedMain] org.hibernate.SQL                        : 
    insert 
    into
        faculty_directory_entries
        (category, email, name, position, profile_url, thesis_level, thesis_status, id) 
    values
        (?, ?, ?, ?, ?, ?, ?, default)
Hibernate: 
    insert 
    into
        faculty_directory_entries
        (category, email, name, position, profile_url, thesis_level, thesis_status, id) 
    values
        (?, ?, ?, ?, ?, ?, ?, default)
2026-09-04T20:14:59.336+06:00 DEBUG 18860 --- [campusconnect-backend] [  restartedMain] org.hibernate.SQL                        : 
    insert 
    into
        faculty_directory_entries
        (category, email, name, position, profile_url, thesis_level, thesis_status, id) 
    values
        (?, ?, ?, ?, ?, ?, ?, default)
Hibernate: 
    insert 
    into
        faculty_directory_entries
        (category, email, name, position, profile_url, thesis_level, thesis_status, id) 
    values
        (?, ?, ?, ?, ?, ?, ?, default)
2026-09-04T20:14:59.337+06:00 DEBUG 18860 --- [campusconnect-backend] [  restartedMain] org.hibernate.SQL                        : 
    insert 
    into
        faculty_directory_entries
        (category, email, name, position, profile_url, thesis_level, thesis_status, id) 
    values
        (?, ?, ?, ?, ?, ?, ?, default)
Hibernate: 
    insert 
    into
        faculty_directory_entries
        (category, email, name, position, profile_url, thesis_level, thesis_status, id) 
    values
        (?, ?, ?, ?, ?, ?, ?, default)
2026-09-04T20:14:59.337+06:00 DEBUG 18860 --- [campusconnect-backend] [  restartedMain] org.hibernate.SQL                        : 
    insert 
    into
        faculty_directory_entries
        (category, email, name, position, profile_url, thesis_level, thesis_status, id) 
    values
        (?, ?, ?, ?, ?, ?, ?, default)
Hibernate: 
    insert 
    into
        faculty_directory_entries
        (category, email, name, position, profile_url, thesis_level, thesis_status, id) 
    values
        (?, ?, ?, ?, ?, ?, ?, default)
2026-09-04T20:14:59.337+06:00 DEBUG 18860 --- [campusconnect-backend] [  restartedMain] org.hibernate.SQL                        : 
    insert 
    into
        faculty_directory_entries
        (category, email, name, position, profile_url, thesis_level, thesis_status, id) 
    values
        (?, ?, ?, ?, ?, ?, ?, default)
Hibernate: 
    insert 
    into
        faculty_directory_entries
        (category, email, name, position, profile_url, thesis_level, thesis_status, id) 
    values
        (?, ?, ?, ?, ?, ?, ?, default)
2026-09-04T20:14:59.338+06:00 DEBUG 18860 --- [campusconnect-backend] [  restartedMain] org.hibernate.SQL                        : 
    insert 
    into
        faculty_directory_entries
        (category, email, name, position, profile_url, thesis_level, thesis_status, id) 
    values
        (?, ?, ?, ?, ?, ?, ?, default)
Hibernate: 
    insert 
    into
        faculty_directory_entries
        (category, email, name, position, profile_url, thesis_level, thesis_status, id) 
    values
        (?, ?, ?, ?, ?, ?, ?, default)
2026-09-04T20:14:59.339+06:00 DEBUG 18860 --- [campusconnect-backend] [  restartedMain] org.hibernate.SQL                        : 
    insert 
    into
        faculty_directory_entries
        (category, email, name, position, profile_url, thesis_level, thesis_status, id) 
    values
        (?, ?, ?, ?, ?, ?, ?, default)
Hibernate: 
    insert 
    into
        faculty_directory_entries
        (category, email, name, position, profile_url, thesis_level, thesis_status, id) 
    values
        (?, ?, ?, ?, ?, ?, ?, default)
2026-09-04T20:14:59.340+06:00 DEBUG 18860 --- [campusconnect-backend] [  restartedMain] org.hibernate.SQL                        : 
    insert 
    into
        faculty_directory_entries
        (category, email, name, position, profile_url, thesis_level, thesis_status, id) 
    values
        (?, ?, ?, ?, ?, ?, ?, default)
Hibernate: 
    insert 
    into
        faculty_directory_entries
        (category, email, name, position, profile_url, thesis_level, thesis_status, id) 
    values
        (?, ?, ?, ?, ?, ?, ?, default)
2026-09-04T20:14:59.340+06:00 DEBUG 18860 --- [campusconnect-backend] [  restartedMain] org.hibernate.SQL                        : 
    insert 
    into
        faculty_directory_entries
        (category, email, name, position, profile_url, thesis_level, thesis_status, id) 
    values
        (?, ?, ?, ?, ?, ?, ?, default)
Hibernate: 
    insert 
    into
        faculty_directory_entries
        (category, email, name, position, profile_url, thesis_level, thesis_status, id) 
    values
        (?, ?, ?, ?, ?, ?, ?, default)
2026-09-04T20:14:59.340+06:00 DEBUG 18860 --- [campusconnect-backend] [  restartedMain] org.hibernate.SQL                        : 
    insert 
    into
        faculty_directory_entries
        (category, email, name, position, profile_url, thesis_level, thesis_status, id) 
    values
        (?, ?, ?, ?, ?, ?, ?, default)
Hibernate: 
    insert 
    into
        faculty_directory_entries
        (category, email, name, position, profile_url, thesis_level, thesis_status, id) 
    values
        (?, ?, ?, ?, ?, ?, ?, default)
2026-09-04T20:14:59.341+06:00 DEBUG 18860 --- [campusconnect-backend] [  restartedMain] org.hibernate.SQL                        : 
    insert 
    into
        faculty_directory_entries
        (category, email, name, position, profile_url, thesis_level, thesis_status, id) 
    values
        (?, ?, ?, ?, ?, ?, ?, default)
Hibernate: 
    insert 
    into
        faculty_directory_entries
        (category, email, name, position, profile_url, thesis_level, thesis_status, id) 
    values
        (?, ?, ?, ?, ?, ?, ?, default)
2026-09-04T20:14:59.341+06:00 DEBUG 18860 --- [campusconnect-backend] [  restartedMain] org.hibernate.SQL                        : 
    insert 
    into
        faculty_directory_entries
        (category, email, name, position, profile_url, thesis_level, thesis_status, id) 
    values
        (?, ?, ?, ?, ?, ?, ?, default)
Hibernate: 
    insert 
    into
        faculty_directory_entries
        (category, email, name, position, profile_url, thesis_level, thesis_status, id) 
    values
        (?, ?, ?, ?, ?, ?, ?, default)
2026-09-04T20:14:59.342+06:00 DEBUG 18860 --- [campusconnect-backend] [  restartedMain] org.hibernate.SQL                        : 
    insert 
    into
        faculty_directory_entries
        (category, email, name, position, profile_url, thesis_level, thesis_status, id) 
    values
        (?, ?, ?, ?, ?, ?, ?, default)
Hibernate: 
    insert 
    into
        faculty_directory_entries
        (category, email, name, position, profile_url, thesis_level, thesis_status, id) 
    values
        (?, ?, ?, ?, ?, ?, ?, default)
2026-09-04T20:14:59.342+06:00 DEBUG 18860 --- [campusconnect-backend] [  restartedMain] org.hibernate.SQL                        : 
    insert 
    into
        faculty_directory_entries
        (category, email, name, position, profile_url, thesis_level, thesis_status, id) 
    values
        (?, ?, ?, ?, ?, ?, ?, default)
Hibernate: 
    insert 
    into
        faculty_directory_entries
        (category, email, name, position, profile_url, thesis_level, thesis_status, id) 
    values
        (?, ?, ?, ?, ?, ?, ?, default)
2026-09-04T20:14:59.343+06:00 DEBUG 18860 --- [campusconnect-backend] [  restartedMain] org.hibernate.SQL                        : 
    insert 
    into
        faculty_directory_entries
        (category, email, name, position, profile_url, thesis_level, thesis_status, id) 
    values
        (?, ?, ?, ?, ?, ?, ?, default)
Hibernate: 
    insert 
    into
        faculty_directory_entries
        (category, email, name, position, profile_url, thesis_level, thesis_status, id) 
    values
        (?, ?, ?, ?, ?, ?, ?, default)
2026-09-04T20:14:59.343+06:00 DEBUG 18860 --- [campusconnect-backend] [  restartedMain] org.hibernate.SQL                        : 
    insert 
    into
        faculty_directory_entries
        (category, email, name, position, profile_url, thesis_level, thesis_status, id) 
    values
        (?, ?, ?, ?, ?, ?, ?, default)
Hibernate: 
    insert 
    into
        faculty_directory_entries
        (category, email, name, position, profile_url, thesis_level, thesis_status, id) 
    values
        (?, ?, ?, ?, ?, ?, ?, default)
2026-09-04T20:14:59.343+06:00 DEBUG 18860 --- [campusconnect-backend] [  restartedMain] org.hibernate.SQL                        : 
    insert 
    into
        faculty_directory_entries
        (category, email, name, position, profile_url, thesis_level, thesis_status, id) 
    values
        (?, ?, ?, ?, ?, ?, ?, default)
Hibernate: 
    insert 
    into
        faculty_directory_entries
        (category, email, name, position, profile_url, thesis_level, thesis_status, id) 
    values
        (?, ?, ?, ?, ?, ?, ?, default)
2026-09-04T20:14:59.343+06:00 DEBUG 18860 --- [campusconnect-backend] [  restartedMain] org.hibernate.SQL                        : 
    insert 
    into
        faculty_directory_entries
        (category, email, name, position, profile_url, thesis_level, thesis_status, id) 
    values
        (?, ?, ?, ?, ?, ?, ?, default)
Hibernate: 
    insert 
    into
        faculty_directory_entries
        (category, email, name, position, profile_url, thesis_level, thesis_status, id) 
    values
        (?, ?, ?, ?, ?, ?, ?, default)
2026-09-04T20:14:59.345+06:00 DEBUG 18860 --- [campusconnect-backend] [  restartedMain] org.hibernate.SQL                        : 
    insert 
    into
        faculty_directory_entries
        (category, email, name, position, profile_url, thesis_level, thesis_status, id) 
    values
        (?, ?, ?, ?, ?, ?, ?, default)
Hibernate: 
    insert 
    into
        faculty_directory_entries
        (category, email, name, position, profile_url, thesis_level, thesis_status, id) 
    values
        (?, ?, ?, ?, ?, ?, ?, default)
2026-09-04T20:14:59.345+06:00 DEBUG 18860 --- [campusconnect-backend] [  restartedMain] org.hibernate.SQL                        : 
    insert 
    into
        faculty_directory_entries
        (category, email, name, position, profile_url, thesis_level, thesis_status, id) 
    values
        (?, ?, ?, ?, ?, ?, ?, default)
Hibernate: 
    insert 
    into
        faculty_directory_entries
        (category, email, name, position, profile_url, thesis_level, thesis_status, id) 
    values
        (?, ?, ?, ?, ?, ?, ?, default)
2026-09-04T20:14:59.345+06:00 DEBUG 18860 --- [campusconnect-backend] [  restartedMain] org.hibernate.SQL                        : 
    insert 
    into
        faculty_directory_entries
        (category, email, name, position, profile_url, thesis_level, thesis_status, id) 
    values
        (?, ?, ?, ?, ?, ?, ?, default)
Hibernate: 
    insert 
    into
        faculty_directory_entries
        (category, email, name, position, profile_url, thesis_level, thesis_status, id) 
    values
        (?, ?, ?, ?, ?, ?, ?, default)
2026-09-04T20:14:59.346+06:00 DEBUG 18860 --- [campusconnect-backend] [  restartedMain] org.hibernate.SQL                        : 
    insert 
    into
        faculty_directory_entries
        (category, email, name, position, profile_url, thesis_level, thesis_status, id) 
    values
        (?, ?, ?, ?, ?, ?, ?, default)
Hibernate: 
    insert 
    into
        faculty_directory_entries
        (category, email, name, position, profile_url, thesis_level, thesis_status, id) 
    values
        (?, ?, ?, ?, ?, ?, ?, default)
2026-09-04T20:14:59.346+06:00 DEBUG 18860 --- [campusconnect-backend] [  restartedMain] org.hibernate.SQL                        : 
    insert 
    into
        faculty_directory_entries
        (category, email, name, position, profile_url, thesis_level, thesis_status, id) 
    values
        (?, ?, ?, ?, ?, ?, ?, default)
Hibernate: 
    insert 
    into
        faculty_directory_entries
        (category, email, name, position, profile_url, thesis_level, thesis_status, id) 
    values
        (?, ?, ?, ?, ?, ?, ?, default)
2026-09-04T20:14:59.346+06:00 DEBUG 18860 --- [campusconnect-backend] [  restartedMain] org.hibernate.SQL                        : 
    insert 
    into
        faculty_directory_entries
        (category, email, name, position, profile_url, thesis_level, thesis_status, id) 
    values
        (?, ?, ?, ?, ?, ?, ?, default)
Hibernate: 
    insert 
    into
        faculty_directory_entries
        (category, email, name, position, profile_url, thesis_level, thesis_status, id) 
    values
        (?, ?, ?, ?, ?, ?, ?, default)
2026-09-04T20:14:59.347+06:00 DEBUG 18860 --- [campusconnect-backend] [  restartedMain] org.hibernate.SQL                        : 
    insert 
    into
        faculty_directory_entries
        (category, email, name, position, profile_url, thesis_level, thesis_status, id) 
    values
        (?, ?, ?, ?, ?, ?, ?, default)
Hibernate: 
    insert 
    into
        faculty_directory_entries
        (category, email, name, position, profile_url, thesis_level, thesis_status, id) 
    values
        (?, ?, ?, ?, ?, ?, ?, default)
2026-09-04T20:14:59.347+06:00 DEBUG 18860 --- [campusconnect-backend] [  restartedMain] org.hibernate.SQL                        : 
    insert 
    into
        faculty_directory_entries
        (category, email, name, position, profile_url, thesis_level, thesis_status, id) 
    values
        (?, ?, ?, ?, ?, ?, ?, default)
Hibernate: 
    insert 
    into
        faculty_directory_entries
        (category, email, name, position, profile_url, thesis_level, thesis_status, id) 
    values
        (?, ?, ?, ?, ?, ?, ?, default)
2026-09-04T20:14:59.347+06:00 DEBUG 18860 --- [campusconnect-backend] [  restartedMain] org.hibernate.SQL                        : 
    insert 
    into
        faculty_directory_entries
        (category, email, name, position, profile_url, thesis_level, thesis_status, id) 
    values
        (?, ?, ?, ?, ?, ?, ?, default)
Hibernate: 
    insert 
    into
        faculty_directory_entries
        (category, email, name, position, profile_url, thesis_level, thesis_status, id) 
    values
        (?, ?, ?, ?, ?, ?, ?, default)
2026-09-04T20:14:59.348+06:00 DEBUG 18860 --- [campusconnect-backend] [  restartedMain] org.hibernate.SQL                        : 
    insert 
    into
        faculty_directory_entries
        (category, email, name, position, profile_url, thesis_level, thesis_status, id) 
    values
        (?, ?, ?, ?, ?, ?, ?, default)
Hibernate: 
    insert 
    into
        faculty_directory_entries
        (category, email, name, position, profile_url, thesis_level, thesis_status, id) 
    values
        (?, ?, ?, ?, ?, ?, ?, default)
2026-09-04T20:14:59.348+06:00 DEBUG 18860 --- [campusconnect-backend] [  restartedMain] org.hibernate.SQL                        : 
    insert 
    into
        faculty_directory_entries
        (category, email, name, position, profile_url, thesis_level, thesis_status, id) 
    values
        (?, ?, ?, ?, ?, ?, ?, default)
Hibernate: 
    insert 
    into
        faculty_directory_entries
        (category, email, name, position, profile_url, thesis_level, thesis_status, id) 
    values
        (?, ?, ?, ?, ?, ?, ?, default)
2026-09-04T20:14:59.348+06:00 DEBUG 18860 --- [campusconnect-backend] [  restartedMain] org.hibernate.SQL                        : 
    insert 
    into
        faculty_directory_entries
        (category, email, name, position, profile_url, thesis_level, thesis_status, id) 
    values
        (?, ?, ?, ?, ?, ?, ?, default)
Hibernate: 
    insert 
    into
        faculty_directory_entries
        (category, email, name, position, profile_url, thesis_level, thesis_status, id) 
    values
        (?, ?, ?, ?, ?, ?, ?, default)
2026-09-04T20:14:59.348+06:00 DEBUG 18860 --- [campusconnect-backend] [  restartedMain] org.hibernate.SQL                        : 
    insert 
    into
        faculty_directory_entries
        (category, email, name, position, profile_url, thesis_level, thesis_status, id) 
    values
        (?, ?, ?, ?, ?, ?, ?, default)
Hibernate: 
    insert 
    into
        faculty_directory_entries
        (category, email, name, position, profile_url, thesis_level, thesis_status, id) 
    values
        (?, ?, ?, ?, ?, ?, ?, default)
2026-09-04T20:14:59.349+06:00 DEBUG 18860 --- [campusconnect-backend] [  restartedMain] org.hibernate.SQL                        : 
    insert 
    into
        faculty_directory_entries
        (category, email, name, position, profile_url, thesis_level, thesis_status, id) 
    values
        (?, ?, ?, ?, ?, ?, ?, default)
Hibernate: 
    insert 
    into
        faculty_directory_entries
        (category, email, name, position, profile_url, thesis_level, thesis_status, id) 
    values
        (?, ?, ?, ?, ?, ?, ?, default)
2026-09-04T20:14:59.349+06:00 DEBUG 18860 --- [campusconnect-backend] [  restartedMain] org.hibernate.SQL                        : 
    insert 
    into
        faculty_directory_entries
        (category, email, name, position, profile_url, thesis_level, thesis_status, id) 
    values
        (?, ?, ?, ?, ?, ?, ?, default)
Hibernate: 
    insert 
    into
        faculty_directory_entries
        (category, email, name, position, profile_url, thesis_level, thesis_status, id) 
    values
        (?, ?, ?, ?, ?, ?, ?, default)
2026-09-04T20:14:59.349+06:00 DEBUG 18860 --- [campusconnect-backend] [  restartedMain] org.hibernate.SQL                        : 
    insert 
    into
        faculty_directory_entries
        (category, email, name, position, profile_url, thesis_level, thesis_status, id) 
    values
        (?, ?, ?, ?, ?, ?, ?, default)
Hibernate: 
    insert 
    into
        faculty_directory_entries
        (category, email, name, position, profile_url, thesis_level, thesis_status, id) 
    values
        (?, ?, ?, ?, ?, ?, ?, default)
2026-09-04T20:14:59.350+06:00 DEBUG 18860 --- [campusconnect-backend] [  restartedMain] org.hibernate.SQL                        : 
    insert 
    into
        faculty_directory_entries
        (category, email, name, position, profile_url, thesis_level, thesis_status, id) 
    values
        (?, ?, ?, ?, ?, ?, ?, default)
Hibernate: 
    insert 
    into
        faculty_directory_entries
        (category, email, name, position, profile_url, thesis_level, thesis_status, id) 
    values
        (?, ?, ?, ?, ?, ?, ?, default)
2026-09-04T20:14:59.350+06:00 DEBUG 18860 --- [campusconnect-backend] [  restartedMain] org.hibernate.SQL                        : 
    insert 
    into
        faculty_directory_entries
        (category, email, name, position, profile_url, thesis_level, thesis_status, id) 
    values
        (?, ?, ?, ?, ?, ?, ?, default)
Hibernate: 
    insert 
    into
        faculty_directory_entries
        (category, email, name, position, profile_url, thesis_level, thesis_status, id) 
    values
        (?, ?, ?, ?, ?, ?, ?, default)
2026-09-04T20:14:59.351+06:00 DEBUG 18860 --- [campusconnect-backend] [  restartedMain] org.hibernate.SQL                        : 
    insert 
    into
        faculty_directory_entries
        (category, email, name, position, profile_url, thesis_level, thesis_status, id) 
    values
        (?, ?, ?, ?, ?, ?, ?, default)
Hibernate: 
    insert 
    into
        faculty_directory_entries
        (category, email, name, position, profile_url, thesis_level, thesis_status, id) 
    values
        (?, ?, ?, ?, ?, ?, ?, default)
2026-09-04T20:14:59.351+06:00 DEBUG 18860 --- [campusconnect-backend] [  restartedMain] org.hibernate.SQL                        : 
    insert 
    into
        faculty_directory_entries
        (category, email, name, position, profile_url, thesis_level, thesis_status, id) 
    values
        (?, ?, ?, ?, ?, ?, ?, default)
Hibernate: 
    insert 
    into
        faculty_directory_entries
        (category, email, name, position, profile_url, thesis_level, thesis_status, id) 
    values
        (?, ?, ?, ?, ?, ?, ?, default)
2026-09-04T20:14:59.351+06:00 DEBUG 18860 --- [campusconnect-backend] [  restartedMain] org.hibernate.SQL                        : 
    insert 
    into
        faculty_directory_entries
        (category, email, name, position, profile_url, thesis_level, thesis_status, id) 
    values
        (?, ?, ?, ?, ?, ?, ?, default)
Hibernate: 
    insert 
    into
        faculty_directory_entries
        (category, email, name, position, profile_url, thesis_level, thesis_status, id) 
    values
        (?, ?, ?, ?, ?, ?, ?, default)
2026-09-04T20:14:59.351+06:00 DEBUG 18860 --- [campusconnect-backend] [  restartedMain] org.hibernate.SQL                        : 
    insert 
    into
        faculty_directory_entries
        (category, email, name, position, profile_url, thesis_level, thesis_status, id) 
    values
        (?, ?, ?, ?, ?, ?, ?, default)
Hibernate: 
    insert 
    into
        faculty_directory_entries
        (category, email, name, position, profile_url, thesis_level, thesis_status, id) 
    values
        (?, ?, ?, ?, ?, ?, ?, default)
2026-09-04T20:14:59.351+06:00 DEBUG 18860 --- [campusconnect-backend] [  restartedMain] org.hibernate.SQL                        : 
    insert 
    into
        faculty_directory_entries
        (category, email, name, position, profile_url, thesis_level, thesis_status, id) 
    values
        (?, ?, ?, ?, ?, ?, ?, default)
Hibernate: 
    insert 
    into
        faculty_directory_entries
        (category, email, name, position, profile_url, thesis_level, thesis_status, id) 
    values
        (?, ?, ?, ?, ?, ?, ?, default)
2026-09-04T20:14:59.353+06:00 DEBUG 18860 --- [campusconnect-backend] [  restartedMain] org.hibernate.SQL                        : 
    insert 
    into
        faculty_directory_entries
        (category, email, name, position, profile_url, thesis_level, thesis_status, id) 
    values
        (?, ?, ?, ?, ?, ?, ?, default)
Hibernate: 
    insert 
    into
        faculty_directory_entries
        (category, email, name, position, profile_url, thesis_level, thesis_status, id) 
    values
        (?, ?, ?, ?, ?, ?, ?, default)
2026-09-04T20:14:59.354+06:00 DEBUG 18860 --- [campusconnect-backend] [  restartedMain] org.hibernate.SQL                        : 
    insert 
    into
        faculty_directory_entries
        (category, email, name, position, profile_url, thesis_level, thesis_status, id) 
    values
        (?, ?, ?, ?, ?, ?, ?, default)
Hibernate: 
    insert 
    into
        faculty_directory_entries
        (category, email, name, position, profile_url, thesis_level, thesis_status, id) 
    values
        (?, ?, ?, ?, ?, ?, ?, default)
2026-09-04T20:14:59.354+06:00 DEBUG 18860 --- [campusconnect-backend] [  restartedMain] org.hibernate.SQL                        : 
    insert 
    into
        faculty_directory_entries
        (category, email, name, position, profile_url, thesis_level, thesis_status, id) 
    values
        (?, ?, ?, ?, ?, ?, ?, default)
Hibernate: 
    insert 
    into
        faculty_directory_entries
        (category, email, name, position, profile_url, thesis_level, thesis_status, id) 
    values
        (?, ?, ?, ?, ?, ?, ?, default)
2026-09-04T20:14:59.355+06:00 DEBUG 18860 --- [campusconnect-backend] [  restartedMain] org.hibernate.SQL                        : 
    insert 
    into
        faculty_directory_entries
        (category, email, name, position, profile_url, thesis_level, thesis_status, id) 
    values
        (?, ?, ?, ?, ?, ?, ?, default)
Hibernate: 
    insert 
    into
        faculty_directory_entries
        (category, email, name, position, profile_url, thesis_level, thesis_status, id) 
    values
        (?, ?, ?, ?, ?, ?, ?, default)
2026-09-04T20:14:59.356+06:00 DEBUG 18860 --- [campusconnect-backend] [  restartedMain] org.hibernate.SQL                        : 
    insert 
    into
        faculty_directory_entries
        (category, email, name, position, profile_url, thesis_level, thesis_status, id) 
    values
        (?, ?, ?, ?, ?, ?, ?, default)
Hibernate: 
    insert 
    into
        faculty_directory_entries
        (category, email, name, position, profile_url, thesis_level, thesis_status, id) 
    values
        (?, ?, ?, ?, ?, ?, ?, default)
2026-09-04T20:14:59.357+06:00 DEBUG 18860 --- [campusconnect-backend] [  restartedMain] org.hibernate.SQL                        : 
    insert 
    into
        faculty_directory_entries
        (category, email, name, position, profile_url, thesis_level, thesis_status, id) 
    values
        (?, ?, ?, ?, ?, ?, ?, default)
Hibernate: 
    insert 
    into
        faculty_directory_entries
        (category, email, name, position, profile_url, thesis_level, thesis_status, id) 
    values
        (?, ?, ?, ?, ?, ?, ?, default)
2026-09-04T20:14:59.357+06:00 DEBUG 18860 --- [campusconnect-backend] [  restartedMain] org.hibernate.SQL                        : 
    insert 
    into
        faculty_directory_entries
        (category, email, name, position, profile_url, thesis_level, thesis_status, id) 
    values
        (?, ?, ?, ?, ?, ?, ?, default)
Hibernate: 
    insert 
    into
        faculty_directory_entries
        (category, email, name, position, profile_url, thesis_level, thesis_status, id) 
    values
        (?, ?, ?, ?, ?, ?, ?, default)
2026-09-04T20:14:59.358+06:00 DEBUG 18860 --- [campusconnect-backend] [  restartedMain] org.hibernate.SQL                        : 
    insert 
    into
        faculty_directory_entries
        (category, email, name, position, profile_url, thesis_level, thesis_status, id) 
    values
        (?, ?, ?, ?, ?, ?, ?, default)
Hibernate: 
    insert 
    into
        faculty_directory_entries
        (category, email, name, position, profile_url, thesis_level, thesis_status, id) 
    values
        (?, ?, ?, ?, ?, ?, ?, default)
2026-09-04T20:14:59.358+06:00 DEBUG 18860 --- [campusconnect-backend] [  restartedMain] org.hibernate.SQL                        : 
    insert 
    into
        faculty_directory_entries
        (category, email, name, position, profile_url, thesis_level, thesis_status, id) 
    values
        (?, ?, ?, ?, ?, ?, ?, default)
Hibernate: 
    insert 
    into
        faculty_directory_entries
        (category, email, name, position, profile_url, thesis_level, thesis_status, id) 
    values
        (?, ?, ?, ?, ?, ?, ?, default)
2026-09-04T20:14:59.358+06:00 DEBUG 18860 --- [campusconnect-backend] [  restartedMain] org.hibernate.SQL                        : 
    insert 
    into
        faculty_directory_entries
        (category, email, name, position, profile_url, thesis_level, thesis_status, id) 
    values
        (?, ?, ?, ?, ?, ?, ?, default)
Hibernate: 
    insert 
    into
        faculty_directory_entries
        (category, email, name, position, profile_url, thesis_level, thesis_status, id) 
    values
        (?, ?, ?, ?, ?, ?, ?, default)
2026-09-04T20:14:59.358+06:00 DEBUG 18860 --- [campusconnect-backend] [  restartedMain] org.hibernate.SQL                        : 
    insert 
    into
        faculty_directory_entries
        (category, email, name, position, profile_url, thesis_level, thesis_status, id) 
    values
        (?, ?, ?, ?, ?, ?, ?, default)
Hibernate: 
    insert 
    into
        faculty_directory_entries
        (category, email, name, position, profile_url, thesis_level, thesis_status, id) 
    values
        (?, ?, ?, ?, ?, ?, ?, default)
2026-09-04T20:14:59.359+06:00 DEBUG 18860 --- [campusconnect-backend] [  restartedMain] org.hibernate.SQL                        : 
    insert 
    into
        faculty_directory_entries
        (category, email, name, position, profile_url, thesis_level, thesis_status, id) 
    values
        (?, ?, ?, ?, ?, ?, ?, default)
Hibernate: 
    insert 
    into
        faculty_directory_entries
        (category, email, name, position, profile_url, thesis_level, thesis_status, id) 
    values
        (?, ?, ?, ?, ?, ?, ?, default)
2026-09-04T20:14:59.359+06:00 DEBUG 18860 --- [campusconnect-backend] [  restartedMain] org.hibernate.SQL                        : 
    insert 
    into
        faculty_directory_entries
        (category, email, name, position, profile_url, thesis_level, thesis_status, id) 
    values
        (?, ?, ?, ?, ?, ?, ?, default)
Hibernate: 
    insert 
    into
        faculty_directory_entries
        (category, email, name, position, profile_url, thesis_level, thesis_status, id) 
    values
        (?, ?, ?, ?, ?, ?, ?, default)
2026-09-04T20:14:59.359+06:00 DEBUG 18860 --- [campusconnect-backend] [  restartedMain] org.hibernate.SQL                        : 
    insert 
    into
        faculty_directory_entries
        (category, email, name, position, profile_url, thesis_level, thesis_status, id) 
    values
        (?, ?, ?, ?, ?, ?, ?, default)
Hibernate: 
    insert 
    into
        faculty_directory_entries
        (category, email, name, position, profile_url, thesis_level, thesis_status, id) 
    values
        (?, ?, ?, ?, ?, ?, ?, default)
2026-09-04T20:14:59.359+06:00 DEBUG 18860 --- [campusconnect-backend] [  restartedMain] org.hibernate.SQL                        : 
    insert 
    into
        faculty_directory_entries
        (category, email, name, position, profile_url, thesis_level, thesis_status, id) 
    values
        (?, ?, ?, ?, ?, ?, ?, default)
Hibernate: 
    insert 
    into
        faculty_directory_entries
        (category, email, name, position, profile_url, thesis_level, thesis_status, id) 
    values
        (?, ?, ?, ?, ?, ?, ?, default)
2026-09-04T20:14:59.361+06:00 DEBUG 18860 --- [campusconnect-backend] [  restartedMain] org.hibernate.SQL                        : 
    insert 
    into
        faculty_directory_entries
        (category, email, name, position, profile_url, thesis_level, thesis_status, id) 
    values
        (?, ?, ?, ?, ?, ?, ?, default)
Hibernate: 
    insert 
    into
        faculty_directory_entries
        (category, email, name, position, profile_url, thesis_level, thesis_status, id) 
    values
        (?, ?, ?, ?, ?, ?, ?, default)
2026-09-04T20:14:59.361+06:00 DEBUG 18860 --- [campusconnect-backend] [  restartedMain] org.hibernate.SQL                        : 
    insert 
    into
        faculty_directory_entries
        (category, email, name, position, profile_url, thesis_level, thesis_status, id) 
    values
        (?, ?, ?, ?, ?, ?, ?, default)
Hibernate: 
    insert 
    into
        faculty_directory_entries
        (category, email, name, position, profile_url, thesis_level, thesis_status, id) 
    values
        (?, ?, ?, ?, ?, ?, ?, default)
2026-09-04T20:14:59.361+06:00 DEBUG 18860 --- [campusconnect-backend] [  restartedMain] org.hibernate.SQL                        : 
    insert 
    into
        faculty_directory_entries
        (category, email, name, position, profile_url, thesis_level, thesis_status, id) 
    values
        (?, ?, ?, ?, ?, ?, ?, default)
Hibernate: 
    insert 
    into
        faculty_directory_entries
        (category, email, name, position, profile_url, thesis_level, thesis_status, id) 
    values
        (?, ?, ?, ?, ?, ?, ?, default)
2026-09-04T20:14:59.362+06:00 DEBUG 18860 --- [campusconnect-backend] [  restartedMain] org.hibernate.SQL                        : 
    insert 
    into
        faculty_directory_entries
        (category, email, name, position, profile_url, thesis_level, thesis_status, id) 
    values
        (?, ?, ?, ?, ?, ?, ?, default)
Hibernate: 
    insert 
    into
        faculty_directory_entries
        (category, email, name, position, profile_url, thesis_level, thesis_status, id) 
    values
        (?, ?, ?, ?, ?, ?, ?, default)
2026-09-04T20:14:59.362+06:00 DEBUG 18860 --- [campusconnect-backend] [  restartedMain] org.hibernate.SQL                        : 
    insert 
    into
        faculty_directory_entries
        (category, email, name, position, profile_url, thesis_level, thesis_status, id) 
    values
        (?, ?, ?, ?, ?, ?, ?, default)
Hibernate: 
    insert 
    into
        faculty_directory_entries
        (category, email, name, position, profile_url, thesis_level, thesis_status, id) 
    values
        (?, ?, ?, ?, ?, ?, ?, default)
2026-09-04T20:14:59.362+06:00 DEBUG 18860 --- [campusconnect-backend] [  restartedMain] org.hibernate.SQL                        : 
    insert 
    into
        faculty_directory_entries
        (category, email, name, position, profile_url, thesis_level, thesis_status, id) 
    values
        (?, ?, ?, ?, ?, ?, ?, default)
Hibernate: 
    insert 
    into
        faculty_directory_entries
        (category, email, name, position, profile_url, thesis_level, thesis_status, id) 
    values
        (?, ?, ?, ?, ?, ?, ?, default)
2026-09-04T20:14:59.363+06:00 DEBUG 18860 --- [campusconnect-backend] [  restartedMain] org.hibernate.SQL                        : 
    insert 
    into
        faculty_directory_entries
        (category, email, name, position, profile_url, thesis_level, thesis_status, id) 
    values
        (?, ?, ?, ?, ?, ?, ?, default)
Hibernate: 
    insert 
    into
        faculty_directory_entries
        (category, email, name, position, profile_url, thesis_level, thesis_status, id) 
    values
        (?, ?, ?, ?, ?, ?, ?, default)
2026-09-04T20:14:59.363+06:00 DEBUG 18860 --- [campusconnect-backend] [  restartedMain] org.hibernate.SQL                        : 
    insert 
    into
        faculty_directory_entries
        (category, email, name, position, profile_url, thesis_level, thesis_status, id) 
    values
        (?, ?, ?, ?, ?, ?, ?, default)
Hibernate: 
    insert 
    into
        faculty_directory_entries
        (category, email, name, position, profile_url, thesis_level, thesis_status, id) 
    values
        (?, ?, ?, ?, ?, ?, ?, default)
2026-09-04T20:14:59.363+06:00 DEBUG 18860 --- [campusconnect-backend] [  restartedMain] org.hibernate.SQL                        : 
    insert 
    into
        faculty_directory_entries
        (category, email, name, position, profile_url, thesis_level, thesis_status, id) 
    values
        (?, ?, ?, ?, ?, ?, ?, default)
Hibernate: 
    insert 
    into
        faculty_directory_entries
        (category, email, name, position, profile_url, thesis_level, thesis_status, id) 
    values
        (?, ?, ?, ?, ?, ?, ?, default)
2026-09-04T20:14:59.363+06:00 DEBUG 18860 --- [campusconnect-backend] [  restartedMain] org.hibernate.SQL                        : 
    insert 
    into
        faculty_directory_entries
        (category, email, name, position, profile_url, thesis_level, thesis_status, id) 
    values
        (?, ?, ?, ?, ?, ?, ?, default)
Hibernate: 
    insert 
    into
        faculty_directory_entries
        (category, email, name, position, profile_url, thesis_level, thesis_status, id) 
    values
        (?, ?, ?, ?, ?, ?, ?, default)
2026-09-04T20:14:59.365+06:00 DEBUG 18860 --- [campusconnect-backend] [  restartedMain] org.hibernate.SQL                        : 
    insert 
    into
        faculty_directory_entries
        (category, email, name, position, profile_url, thesis_level, thesis_status, id) 
    values
        (?, ?, ?, ?, ?, ?, ?, default)
Hibernate: 
    insert 
    into
        faculty_directory_entries
        (category, email, name, position, profile_url, thesis_level, thesis_status, id) 
    values
        (?, ?, ?, ?, ?, ?, ?, default)
2026-09-04T20:14:59.365+06:00 DEBUG 18860 --- [campusconnect-backend] [  restartedMain] org.hibernate.SQL                        : 
    insert 
    into
        faculty_directory_entries
        (category, email, name, position, profile_url, thesis_level, thesis_status, id) 
    values
        (?, ?, ?, ?, ?, ?, ?, default)
Hibernate: 
    insert 
    into
        faculty_directory_entries
        (category, email, name, position, profile_url, thesis_level, thesis_status, id) 
    values
        (?, ?, ?, ?, ?, ?, ?, default)
2026-09-04T20:14:59.366+06:00 DEBUG 18860 --- [campusconnect-backend] [  restartedMain] org.hibernate.SQL                        : 
    insert 
    into
        faculty_directory_entries
        (category, email, name, position, profile_url, thesis_level, thesis_status, id) 
    values
        (?, ?, ?, ?, ?, ?, ?, default)
Hibernate: 
    insert 
    into
        faculty_directory_entries
        (category, email, name, position, profile_url, thesis_level, thesis_status, id) 
    values
        (?, ?, ?, ?, ?, ?, ?, default)
2026-09-04T20:14:59.366+06:00 DEBUG 18860 --- [campusconnect-backend] [  restartedMain] org.hibernate.SQL                        : 
    insert 
    into
        faculty_directory_entries
        (category, email, name, position, profile_url, thesis_level, thesis_status, id) 
    values
        (?, ?, ?, ?, ?, ?, ?, default)
Hibernate: 
    insert 
    into
        faculty_directory_entries
        (category, email, name, position, profile_url, thesis_level, thesis_status, id) 
    values
        (?, ?, ?, ?, ?, ?, ?, default)
2026-09-04T20:14:59.366+06:00 DEBUG 18860 --- [campusconnect-backend] [  restartedMain] org.hibernate.SQL                        : 
    insert 
    into
        faculty_directory_entries
        (category, email, name, position, profile_url, thesis_level, thesis_status, id) 
    values
        (?, ?, ?, ?, ?, ?, ?, default)
Hibernate: 
    insert 
    into
        faculty_directory_entries
        (category, email, name, position, profile_url, thesis_level, thesis_status, id) 
    values
        (?, ?, ?, ?, ?, ?, ?, default)
2026-09-04T20:14:59.367+06:00 DEBUG 18860 --- [campusconnect-backend] [  restartedMain] org.hibernate.SQL                        : 
    insert 
    into
        faculty_directory_entries
        (category, email, name, position, profile_url, thesis_level, thesis_status, id) 
    values
        (?, ?, ?, ?, ?, ?, ?, default)
Hibernate: 
    insert 
    into
        faculty_directory_entries
        (category, email, name, position, profile_url, thesis_level, thesis_status, id) 
    values
        (?, ?, ?, ?, ?, ?, ?, default)
2026-09-04T20:14:59.367+06:00 DEBUG 18860 --- [campusconnect-backend] [  restartedMain] org.hibernate.SQL                        : 
    insert 
    into
        faculty_directory_entries
        (category, email, name, position, profile_url, thesis_level, thesis_status, id) 
    values
        (?, ?, ?, ?, ?, ?, ?, default)
Hibernate: 
    insert 
    into
        faculty_directory_entries
        (category, email, name, position, profile_url, thesis_level, thesis_status, id) 
    values
        (?, ?, ?, ?, ?, ?, ?, default)
2026-09-04T20:14:59.367+06:00 DEBUG 18860 --- [campusconnect-backend] [  restartedMain] org.hibernate.SQL                        : 
    insert 
    into
        faculty_directory_entries
        (category, email, name, position, profile_url, thesis_level, thesis_status, id) 
    values
        (?, ?, ?, ?, ?, ?, ?, default)
Hibernate: 
    insert 
    into
        faculty_directory_entries
        (category, email, name, position, profile_url, thesis_level, thesis_status, id) 
    values
        (?, ?, ?, ?, ?, ?, ?, default)
2026-09-04T20:14:59.368+06:00 DEBUG 18860 --- [campusconnect-backend] [  restartedMain] org.hibernate.SQL                        : 
    insert 
    into
        faculty_directory_entries
        (category, email, name, position, profile_url, thesis_level, thesis_status, id) 
    values
        (?, ?, ?, ?, ?, ?, ?, default)
Hibernate: 
    insert 
    into
        faculty_directory_entries
        (category, email, name, position, profile_url, thesis_level, thesis_status, id) 
    values
        (?, ?, ?, ?, ?, ?, ?, default)
2026-09-04T20:14:59.368+06:00 DEBUG 18860 --- [campusconnect-backend] [  restartedMain] org.hibernate.SQL                        : 
    insert 
    into
        faculty_directory_entries
        (category, email, name, position, profile_url, thesis_level, thesis_status, id) 
    values
        (?, ?, ?, ?, ?, ?, ?, default)
Hibernate: 
    insert 
    into
        faculty_directory_entries
        (category, email, name, position, profile_url, thesis_level, thesis_status, id) 
    values
        (?, ?, ?, ?, ?, ?, ?, default)
2026-09-04T20:14:59.368+06:00 DEBUG 18860 --- [campusconnect-backend] [  restartedMain] org.hibernate.SQL                        : 
    insert 
    into
        faculty_directory_entries
        (category, email, name, position, profile_url, thesis_level, thesis_status, id) 
    values
        (?, ?, ?, ?, ?, ?, ?, default)
Hibernate: 
    insert 
    into
        faculty_directory_entries
        (category, email, name, position, profile_url, thesis_level, thesis_status, id) 
    values
        (?, ?, ?, ?, ?, ?, ?, default)
2026-09-04T20:14:59.368+06:00 DEBUG 18860 --- [campusconnect-backend] [  restartedMain] org.hibernate.SQL                        : 
    insert 
    into
        faculty_directory_entries
        (category, email, name, position, profile_url, thesis_level, thesis_status, id) 
    values
        (?, ?, ?, ?, ?, ?, ?, default)
Hibernate: 
    insert 
    into
        faculty_directory_entries
        (category, email, name, position, profile_url, thesis_level, thesis_status, id) 
    values
        (?, ?, ?, ?, ?, ?, ?, default)
2026-09-04T20:14:59.369+06:00 DEBUG 18860 --- [campusconnect-backend] [  restartedMain] org.hibernate.SQL                        : 
    insert 
    into
        faculty_directory_entries
        (category, email, name, position, profile_url, thesis_level, thesis_status, id) 
    values
        (?, ?, ?, ?, ?, ?, ?, default)
Hibernate: 
    insert 
    into
        faculty_directory_entries
        (category, email, name, position, profile_url, thesis_level, thesis_status, id) 
    values
        (?, ?, ?, ?, ?, ?, ?, default)
2026-09-04T20:14:59.369+06:00 DEBUG 18860 --- [campusconnect-backend] [  restartedMain] org.hibernate.SQL                        : 
    insert 
    into
        faculty_directory_entries
        (category, email, name, position, profile_url, thesis_level, thesis_status, id) 
    values
        (?, ?, ?, ?, ?, ?, ?, default)
Hibernate: 
    insert 
    into
        faculty_directory_entries
        (category, email, name, position, profile_url, thesis_level, thesis_status, id) 
    values
        (?, ?, ?, ?, ?, ?, ?, default)
2026-09-04T20:14:59.370+06:00 DEBUG 18860 --- [campusconnect-backend] [  restartedMain] org.hibernate.SQL                        : 
    insert 
    into
        faculty_directory_entries
        (category, email, name, position, profile_url, thesis_level, thesis_status, id) 
    values
        (?, ?, ?, ?, ?, ?, ?, default)
Hibernate: 
    insert 
    into
        faculty_directory_entries
        (category, email, name, position, profile_url, thesis_level, thesis_status, id) 
    values
        (?, ?, ?, ?, ?, ?, ?, default)
2026-09-04T20:14:59.371+06:00 DEBUG 18860 --- [campusconnect-backend] [  restartedMain] org.hibernate.SQL                        : 
    insert 
    into
        faculty_directory_entries
        (category, email, name, position, profile_url, thesis_level, thesis_status, id) 
    values
        (?, ?, ?, ?, ?, ?, ?, default)
Hibernate: 
    insert 
    into
        faculty_directory_entries
        (category, email, name, position, profile_url, thesis_level, thesis_status, id) 
    values
        (?, ?, ?, ?, ?, ?, ?, default)
2026-09-04T20:14:59.372+06:00 DEBUG 18860 --- [campusconnect-backend] [  restartedMain] org.hibernate.SQL                        : 
    insert 
    into
        faculty_directory_entries
        (category, email, name, position, profile_url, thesis_level, thesis_status, id) 
    values
        (?, ?, ?, ?, ?, ?, ?, default)
Hibernate: 
    insert 
    into
        faculty_directory_entries
        (category, email, name, position, profile_url, thesis_level, thesis_status, id) 
    values
        (?, ?, ?, ?, ?, ?, ?, default)
2026-09-04T20:14:59.372+06:00 DEBUG 18860 --- [campusconnect-backend] [  restartedMain] org.hibernate.SQL                        : 
    insert 
    into
        faculty_directory_entries
        (category, email, name, position, profile_url, thesis_level, thesis_status, id) 
    values
        (?, ?, ?, ?, ?, ?, ?, default)
Hibernate: 
    insert 
    into
        faculty_directory_entries
        (category, email, name, position, profile_url, thesis_level, thesis_status, id) 
    values
        (?, ?, ?, ?, ?, ?, ?, default)
2026-09-04T20:14:59.373+06:00 DEBUG 18860 --- [campusconnect-backend] [  restartedMain] org.hibernate.SQL                        : 
    insert 
    into
        faculty_directory_entries
        (category, email, name, position, profile_url, thesis_level, thesis_status, id) 
    values
        (?, ?, ?, ?, ?, ?, ?, default)
Hibernate: 
    insert 
    into
        faculty_directory_entries
        (category, email, name, position, profile_url, thesis_level, thesis_status, id) 
    values
        (?, ?, ?, ?, ?, ?, ?, default)
2026-09-04T20:14:59.373+06:00 DEBUG 18860 --- [campusconnect-backend] [  restartedMain] org.hibernate.SQL                        : 
    insert 
    into
        faculty_directory_entries
        (category, email, name, position, profile_url, thesis_level, thesis_status, id) 
    values
        (?, ?, ?, ?, ?, ?, ?, default)
Hibernate: 
    insert 
    into
        faculty_directory_entries
        (category, email, name, position, profile_url, thesis_level, thesis_status, id) 
    values
        (?, ?, ?, ?, ?, ?, ?, default)
2026-09-04T20:14:59.373+06:00 DEBUG 18860 --- [campusconnect-backend] [  restartedMain] org.hibernate.SQL                        : 
    insert 
    into
        faculty_directory_entries
        (category, email, name, position, profile_url, thesis_level, thesis_status, id) 
    values
        (?, ?, ?, ?, ?, ?, ?, default)
Hibernate: 
    insert 
    into
        faculty_directory_entries
        (category, email, name, position, profile_url, thesis_level, thesis_status, id) 
    values
        (?, ?, ?, ?, ?, ?, ?, default)
2026-09-04T20:14:59.373+06:00 DEBUG 18860 --- [campusconnect-backend] [  restartedMain] org.hibernate.SQL                        : 
    insert 
    into
        faculty_directory_entries
        (category, email, name, position, profile_url, thesis_level, thesis_status, id) 
    values
        (?, ?, ?, ?, ?, ?, ?, default)
Hibernate: 
    insert 
    into
        faculty_directory_entries
        (category, email, name, position, profile_url, thesis_level, thesis_status, id) 
    values
        (?, ?, ?, ?, ?, ?, ?, default)
2026-09-04T20:14:59.375+06:00 DEBUG 18860 --- [campusconnect-backend] [  restartedMain] org.hibernate.SQL                        : 
    insert 
    into
        faculty_directory_entries
        (category, email, name, position, profile_url, thesis_level, thesis_status, id) 
    values
        (?, ?, ?, ?, ?, ?, ?, default)
Hibernate: 
    insert 
    into
        faculty_directory_entries
        (category, email, name, position, profile_url, thesis_level, thesis_status, id) 
    values
        (?, ?, ?, ?, ?, ?, ?, default)
2026-09-04T20:14:59.375+06:00 DEBUG 18860 --- [campusconnect-backend] [  restartedMain] org.hibernate.SQL                        : 
    insert 
    into
        faculty_directory_entries
        (category, email, name, position, profile_url, thesis_level, thesis_status, id) 
    values
        (?, ?, ?, ?, ?, ?, ?, default)
Hibernate: 
    insert 
    into
        faculty_directory_entries
        (category, email, name, position, profile_url, thesis_level, thesis_status, id) 
    values
        (?, ?, ?, ?, ?, ?, ?, default)
2026-09-04T20:14:59.376+06:00 DEBUG 18860 --- [campusconnect-backend] [  restartedMain] org.hibernate.SQL                        : 
    insert 
    into
        faculty_directory_entries
        (category, email, name, position, profile_url, thesis_level, thesis_status, id) 
    values
        (?, ?, ?, ?, ?, ?, ?, default)
Hibernate: 
    insert 
    into
        faculty_directory_entries
        (category, email, name, position, profile_url, thesis_level, thesis_status, id) 
    values
        (?, ?, ?, ?, ?, ?, ?, default)
2026-09-04T20:14:59.376+06:00 DEBUG 18860 --- [campusconnect-backend] [  restartedMain] org.hibernate.SQL                        : 
    insert 
    into
        faculty_directory_entries
        (category, email, name, position, profile_url, thesis_level, thesis_status, id) 
    values
        (?, ?, ?, ?, ?, ?, ?, default)
Hibernate: 
    insert 
    into
        faculty_directory_entries
        (category, email, name, position, profile_url, thesis_level, thesis_status, id) 
    values
        (?, ?, ?, ?, ?, ?, ?, default)
2026-09-04T20:14:59.376+06:00 DEBUG 18860 --- [campusconnect-backend] [  restartedMain] org.hibernate.SQL                        : 
    insert 
    into
        faculty_directory_entries
        (category, email, name, position, profile_url, thesis_level, thesis_status, id) 
    values
        (?, ?, ?, ?, ?, ?, ?, default)
Hibernate: 
    insert 
    into
        faculty_directory_entries
        (category, email, name, position, profile_url, thesis_level, thesis_status, id) 
    values
        (?, ?, ?, ?, ?, ?, ?, default)
2026-09-04T20:14:59.377+06:00 DEBUG 18860 --- [campusconnect-backend] [  restartedMain] org.hibernate.SQL                        : 
    insert 
    into
        faculty_directory_entries
        (category, email, name, position, profile_url, thesis_level, thesis_status, id) 
    values
        (?, ?, ?, ?, ?, ?, ?, default)
Hibernate: 
    insert 
    into
        faculty_directory_entries
        (category, email, name, position, profile_url, thesis_level, thesis_status, id) 
    values
        (?, ?, ?, ?, ?, ?, ?, default)
2026-09-04T20:14:59.377+06:00 DEBUG 18860 --- [campusconnect-backend] [  restartedMain] org.hibernate.SQL                        : 
    insert 
    into
        faculty_directory_entries
        (category, email, name, position, profile_url, thesis_level, thesis_status, id) 
    values
        (?, ?, ?, ?, ?, ?, ?, default)
Hibernate: 
    insert 
    into
        faculty_directory_entries
        (category, email, name, position, profile_url, thesis_level, thesis_status, id) 
    values
        (?, ?, ?, ?, ?, ?, ?, default)
2026-09-04T20:14:59.377+06:00 DEBUG 18860 --- [campusconnect-backend] [  restartedMain] org.hibernate.SQL                        : 
    insert 
    into
        faculty_directory_entries
        (category, email, name, position, profile_url, thesis_level, thesis_status, id) 
    values
        (?, ?, ?, ?, ?, ?, ?, default)
Hibernate: 
    insert 
    into
        faculty_directory_entries
        (category, email, name, position, profile_url, thesis_level, thesis_status, id) 
    values
        (?, ?, ?, ?, ?, ?, ?, default)
2026-09-04T20:14:59.378+06:00 DEBUG 18860 --- [campusconnect-backend] [  restartedMain] org.hibernate.SQL                        : 
    insert 
    into
        faculty_directory_entries
        (category, email, name, position, profile_url, thesis_level, thesis_status, id) 
    values
        (?, ?, ?, ?, ?, ?, ?, default)
Hibernate: 
    insert 
    into
        faculty_directory_entries
        (category, email, name, position, profile_url, thesis_level, thesis_status, id) 
    values
        (?, ?, ?, ?, ?, ?, ?, default)
2026-09-04T20:14:59.378+06:00 DEBUG 18860 --- [campusconnect-backend] [  restartedMain] org.hibernate.SQL                        : 
    insert 
    into
        faculty_directory_entries
        (category, email, name, position, profile_url, thesis_level, thesis_status, id) 
    values
        (?, ?, ?, ?, ?, ?, ?, default)
Hibernate: 
    insert 
    into
        faculty_directory_entries
        (category, email, name, position, profile_url, thesis_level, thesis_status, id) 
    values
        (?, ?, ?, ?, ?, ?, ?, default)
2026-09-04T20:14:59.378+06:00 DEBUG 18860 --- [campusconnect-backend] [  restartedMain] org.hibernate.SQL                        : 
    insert 
    into
        faculty_directory_entries
        (category, email, name, position, profile_url, thesis_level, thesis_status, id) 
    values
        (?, ?, ?, ?, ?, ?, ?, default)
Hibernate: 
    insert 
    into
        faculty_directory_entries
        (category, email, name, position, profile_url, thesis_level, thesis_status, id) 
    values
        (?, ?, ?, ?, ?, ?, ?, default)
2026-09-04T20:14:59.378+06:00 DEBUG 18860 --- [campusconnect-backend] [  restartedMain] org.hibernate.SQL                        : 
    insert 
    into
        faculty_directory_entries
        (category, email, name, position, profile_url, thesis_level, thesis_status, id) 
    values
        (?, ?, ?, ?, ?, ?, ?, default)
Hibernate: 
    insert 
    into
        faculty_directory_entries
        (category, email, name, position, profile_url, thesis_level, thesis_status, id) 
    values
        (?, ?, ?, ?, ?, ?, ?, default)
2026-09-04T20:14:59.378+06:00 DEBUG 18860 --- [campusconnect-backend] [  restartedMain] org.hibernate.SQL                        : 
    insert 
    into
        faculty_directory_entries
        (category, email, name, position, profile_url, thesis_level, thesis_status, id) 
    values
        (?, ?, ?, ?, ?, ?, ?, default)
Hibernate: 
    insert 
    into
        faculty_directory_entries
        (category, email, name, position, profile_url, thesis_level, thesis_status, id) 
    values
        (?, ?, ?, ?, ?, ?, ?, default)
2026-09-04T20:14:59.379+06:00 DEBUG 18860 --- [campusconnect-backend] [  restartedMain] org.hibernate.SQL                        : 
    insert 
    into
        faculty_directory_entries
        (category, email, name, position, profile_url, thesis_level, thesis_status, id) 
    values
        (?, ?, ?, ?, ?, ?, ?, default)
Hibernate: 
    insert 
    into
        faculty_directory_entries
        (category, email, name, position, profile_url, thesis_level, thesis_status, id) 
    values
        (?, ?, ?, ?, ?, ?, ?, default)
2026-09-04T20:14:59.379+06:00 DEBUG 18860 --- [campusconnect-backend] [  restartedMain] org.hibernate.SQL                        : 
    insert 
    into
        faculty_directory_entries
        (category, email, name, position, profile_url, thesis_level, thesis_status, id) 
    values
        (?, ?, ?, ?, ?, ?, ?, default)
Hibernate: 
    insert 
    into
        faculty_directory_entries
        (category, email, name, position, profile_url, thesis_level, thesis_status, id) 
    values
        (?, ?, ?, ?, ?, ?, ?, default)
2026-09-04T20:14:59.379+06:00 DEBUG 18860 --- [campusconnect-backend] [  restartedMain] org.hibernate.SQL                        : 
    insert 
    into
        faculty_directory_entries
        (category, email, name, position, profile_url, thesis_level, thesis_status, id) 
    values
        (?, ?, ?, ?, ?, ?, ?, default)
Hibernate: 
    insert 
    into
        faculty_directory_entries
        (category, email, name, position, profile_url, thesis_level, thesis_status, id) 
    values
        (?, ?, ?, ?, ?, ?, ?, default)
2026-09-04T20:14:59.380+06:00 DEBUG 18860 --- [campusconnect-backend] [  restartedMain] org.hibernate.SQL                        : 
    insert 
    into
        faculty_directory_entries
        (category, email, name, position, profile_url, thesis_level, thesis_status, id) 
    values
        (?, ?, ?, ?, ?, ?, ?, default)
Hibernate: 
    insert 
    into
        faculty_directory_entries
        (category, email, name, position, profile_url, thesis_level, thesis_status, id) 
    values
        (?, ?, ?, ?, ?, ?, ?, default)
2026-09-04T20:14:59.380+06:00 DEBUG 18860 --- [campusconnect-backend] [  restartedMain] org.hibernate.SQL                        : 
    insert 
    into
        faculty_directory_entries
        (category, email, name, position, profile_url, thesis_level, thesis_status, id) 
    values
        (?, ?, ?, ?, ?, ?, ?, default)
Hibernate: 
    insert 
    into
        faculty_directory_entries
        (category, email, name, position, profile_url, thesis_level, thesis_status, id) 
    values
        (?, ?, ?, ?, ?, ?, ?, default)
2026-09-04T20:14:59.381+06:00 DEBUG 18860 --- [campusconnect-backend] [  restartedMain] org.hibernate.SQL                        : 
    insert 
    into
        faculty_directory_entries
        (category, email, name, position, profile_url, thesis_level, thesis_status, id) 
    values
        (?, ?, ?, ?, ?, ?, ?, default)
Hibernate: 
    insert 
    into
        faculty_directory_entries
        (category, email, name, position, profile_url, thesis_level, thesis_status, id) 
    values
        (?, ?, ?, ?, ?, ?, ?, default)
2026-09-04T20:14:59.381+06:00 DEBUG 18860 --- [campusconnect-backend] [  restartedMain] org.hibernate.SQL                        : 
    insert 
    into
        faculty_directory_entries
        (category, email, name, position, profile_url, thesis_level, thesis_status, id) 
    values
        (?, ?, ?, ?, ?, ?, ?, default)
Hibernate: 
    insert 
    into
        faculty_directory_entries
        (category, email, name, position, profile_url, thesis_level, thesis_status, id) 
    values
        (?, ?, ?, ?, ?, ?, ?, default)
2026-09-04T20:14:59.381+06:00 DEBUG 18860 --- [campusconnect-backend] [  restartedMain] org.hibernate.SQL                        : 
    insert 
    into
        faculty_directory_entries
        (category, email, name, position, profile_url, thesis_level, thesis_status, id) 
    values
        (?, ?, ?, ?, ?, ?, ?, default)
Hibernate: 
    insert 
    into
        faculty_directory_entries
        (category, email, name, position, profile_url, thesis_level, thesis_status, id) 
    values
        (?, ?, ?, ?, ?, ?, ?, default)
2026-09-04T20:14:59.382+06:00 DEBUG 18860 --- [campusconnect-backend] [  restartedMain] org.hibernate.SQL                        : 
    insert 
    into
        faculty_directory_entries
        (category, email, name, position, profile_url, thesis_level, thesis_status, id) 
    values
        (?, ?, ?, ?, ?, ?, ?, default)
Hibernate: 
    insert 
    into
        faculty_directory_entries
        (category, email, name, position, profile_url, thesis_level, thesis_status, id) 
    values
        (?, ?, ?, ?, ?, ?, ?, default)
2026-09-04T20:14:59.382+06:00 DEBUG 18860 --- [campusconnect-backend] [  restartedMain] org.hibernate.SQL                        : 
    insert 
    into
        faculty_directory_entries
        (category, email, name, position, profile_url, thesis_level, thesis_status, id) 
    values
        (?, ?, ?, ?, ?, ?, ?, default)
Hibernate: 
    insert 
    into
        faculty_directory_entries
        (category, email, name, position, profile_url, thesis_level, thesis_status, id) 
    values
        (?, ?, ?, ?, ?, ?, ?, default)
2026-09-04T20:14:59.382+06:00 DEBUG 18860 --- [campusconnect-backend] [  restartedMain] org.hibernate.SQL                        : 
    insert 
    into
        faculty_directory_entries
        (category, email, name, position, profile_url, thesis_level, thesis_status, id) 
    values
        (?, ?, ?, ?, ?, ?, ?, default)
Hibernate: 
    insert 
    into
        faculty_directory_entries
        (category, email, name, position, profile_url, thesis_level, thesis_status, id) 
    values
        (?, ?, ?, ?, ?, ?, ?, default)
2026-09-04T20:14:59.383+06:00 DEBUG 18860 --- [campusconnect-backend] [  restartedMain] org.hibernate.SQL                        : 
    insert 
    into
        faculty_directory_entries
        (category, email, name, position, profile_url, thesis_level, thesis_status, id) 
    values
        (?, ?, ?, ?, ?, ?, ?, default)
Hibernate: 
    insert 
    into
        faculty_directory_entries
        (category, email, name, position, profile_url, thesis_level, thesis_status, id) 
    values
        (?, ?, ?, ?, ?, ?, ?, default)
2026-09-04T20:14:59.383+06:00 DEBUG 18860 --- [campusconnect-backend] [  restartedMain] org.hibernate.SQL                        : 
    insert 
    into
        faculty_directory_entries
        (category, email, name, position, profile_url, thesis_level, thesis_status, id) 
    values
        (?, ?, ?, ?, ?, ?, ?, default)
Hibernate: 
    insert 
    into
        faculty_directory_entries
        (category, email, name, position, profile_url, thesis_level, thesis_status, id) 
    values
        (?, ?, ?, ?, ?, ?, ?, default)
2026-09-04T20:14:59.383+06:00 DEBUG 18860 --- [campusconnect-backend] [  restartedMain] org.hibernate.SQL                        : 
    insert 
    into
        faculty_directory_entries
        (category, email, name, position, profile_url, thesis_level, thesis_status, id) 
    values
        (?, ?, ?, ?, ?, ?, ?, default)
Hibernate: 
    insert 
    into
        faculty_directory_entries
        (category, email, name, position, profile_url, thesis_level, thesis_status, id) 
    values
        (?, ?, ?, ?, ?, ?, ?, default)
2026-09-04T20:14:59.383+06:00 DEBUG 18860 --- [campusconnect-backend] [  restartedMain] org.hibernate.SQL                        : 
    insert 
    into
        faculty_directory_entries
        (category, email, name, position, profile_url, thesis_level, thesis_status, id) 
    values
        (?, ?, ?, ?, ?, ?, ?, default)
Hibernate: 
    insert 
    into
        faculty_directory_entries
        (category, email, name, position, profile_url, thesis_level, thesis_status, id) 
    values
        (?, ?, ?, ?, ?, ?, ?, default)
2026-09-04T20:14:59.385+06:00 DEBUG 18860 --- [campusconnect-backend] [  restartedMain] org.hibernate.SQL                        : 
    insert 
    into
        faculty_directory_entries
        (category, email, name, position, profile_url, thesis_level, thesis_status, id) 
    values
        (?, ?, ?, ?, ?, ?, ?, default)
Hibernate: 
    insert 
    into
        faculty_directory_entries
        (category, email, name, position, profile_url, thesis_level, thesis_status, id) 
    values
        (?, ?, ?, ?, ?, ?, ?, default)
2026-09-04T20:14:59.386+06:00 DEBUG 18860 --- [campusconnect-backend] [  restartedMain] org.hibernate.SQL                        : 
    insert 
    into
        faculty_directory_entries
        (category, email, name, position, profile_url, thesis_level, thesis_status, id) 
    values
        (?, ?, ?, ?, ?, ?, ?, default)
Hibernate: 
    insert 
    into
        faculty_directory_entries
        (category, email, name, position, profile_url, thesis_level, thesis_status, id) 
    values
        (?, ?, ?, ?, ?, ?, ?, default)
2026-09-04T20:14:59.387+06:00 DEBUG 18860 --- [campusconnect-backend] [  restartedMain] org.hibernate.SQL                        : 
    insert 
    into
        faculty_directory_entries
        (category, email, name, position, profile_url, thesis_level, thesis_status, id) 
    values
        (?, ?, ?, ?, ?, ?, ?, default)
Hibernate: 
    insert 
    into
        faculty_directory_entries
        (category, email, name, position, profile_url, thesis_level, thesis_status, id) 
    values
        (?, ?, ?, ?, ?, ?, ?, default)
2026-09-04T20:14:59.387+06:00 DEBUG 18860 --- [campusconnect-backend] [  restartedMain] org.hibernate.SQL                        : 
    insert 
    into
        faculty_directory_entries
        (category, email, name, position, profile_url, thesis_level, thesis_status, id) 
    values
        (?, ?, ?, ?, ?, ?, ?, default)
Hibernate: 
    insert 
    into
        faculty_directory_entries
        (category, email, name, position, profile_url, thesis_level, thesis_status, id) 
    values
        (?, ?, ?, ?, ?, ?, ?, default)
2026-09-04T20:14:59.388+06:00 DEBUG 18860 --- [campusconnect-backend] [  restartedMain] org.hibernate.SQL                        : 
    insert 
    into
        faculty_directory_entries
        (category, email, name, position, profile_url, thesis_level, thesis_status, id) 
    values
        (?, ?, ?, ?, ?, ?, ?, default)
Hibernate: 
    insert 
    into
        faculty_directory_entries
        (category, email, name, position, profile_url, thesis_level, thesis_status, id) 
    values
        (?, ?, ?, ?, ?, ?, ?, default)
2026-09-04T20:14:59.389+06:00 DEBUG 18860 --- [campusconnect-backend] [  restartedMain] org.hibernate.SQL                        : 
    insert 
    into
        faculty_directory_entries
        (category, email, name, position, profile_url, thesis_level, thesis_status, id) 
    values
        (?, ?, ?, ?, ?, ?, ?, default)
Hibernate: 
    insert 
    into
        faculty_directory_entries
        (category, email, name, position, profile_url, thesis_level, thesis_status, id) 
    values
        (?, ?, ?, ?, ?, ?, ?, default)
2026-09-04T20:14:59.389+06:00 DEBUG 18860 --- [campusconnect-backend] [  restartedMain] org.hibernate.SQL                        : 
    insert 
    into
        faculty_directory_entries
        (category, email, name, position, profile_url, thesis_level, thesis_status, id) 
    values
        (?, ?, ?, ?, ?, ?, ?, default)
Hibernate: 
    insert 
    into
        faculty_directory_entries
        (category, email, name, position, profile_url, thesis_level, thesis_status, id) 
    values
        (?, ?, ?, ?, ?, ?, ?, default)
2026-09-04T20:14:59.390+06:00 DEBUG 18860 --- [campusconnect-backend] [  restartedMain] org.hibernate.SQL                        : 
    insert 
    into
        faculty_directory_entries
        (category, email, name, position, profile_url, thesis_level, thesis_status, id) 
    values
        (?, ?, ?, ?, ?, ?, ?, default)
Hibernate: 
    insert 
    into
        faculty_directory_entries
        (category, email, name, position, profile_url, thesis_level, thesis_status, id) 
    values
        (?, ?, ?, ?, ?, ?, ?, default)
2026-09-04T20:14:59.390+06:00 DEBUG 18860 --- [campusconnect-backend] [  restartedMain] org.hibernate.SQL                        : 
    insert 
    into
        faculty_directory_entries
        (category, email, name, position, profile_url, thesis_level, thesis_status, id) 
    values
        (?, ?, ?, ?, ?, ?, ?, default)
Hibernate: 
    insert 
    into
        faculty_directory_entries
        (category, email, name, position, profile_url, thesis_level, thesis_status, id) 
    values
        (?, ?, ?, ?, ?, ?, ?, default)
2026-09-04T20:14:59.391+06:00 DEBUG 18860 --- [campusconnect-backend] [  restartedMain] org.hibernate.SQL                        : 
    insert 
    into
        faculty_directory_entries
        (category, email, name, position, profile_url, thesis_level, thesis_status, id) 
    values
        (?, ?, ?, ?, ?, ?, ?, default)
Hibernate: 
    insert 
    into
        faculty_directory_entries
        (category, email, name, position, profile_url, thesis_level, thesis_status, id) 
    values
        (?, ?, ?, ?, ?, ?, ?, default)
2026-09-04T20:14:59.391+06:00 DEBUG 18860 --- [campusconnect-backend] [  restartedMain] org.hibernate.SQL                        : 
    insert 
    into
        faculty_directory_entries
        (category, email, name, position, profile_url, thesis_level, thesis_status, id) 
    values
        (?, ?, ?, ?, ?, ?, ?, default)
Hibernate: 
    insert 
    into
        faculty_directory_entries
        (category, email, name, position, profile_url, thesis_level, thesis_status, id) 
    values
        (?, ?, ?, ?, ?, ?, ?, default)
2026-09-04T20:14:59.392+06:00 DEBUG 18860 --- [campusconnect-backend] [  restartedMain] org.hibernate.SQL                        : 
    insert 
    into
        faculty_directory_entries
        (category, email, name, position, profile_url, thesis_level, thesis_status, id) 
    values
        (?, ?, ?, ?, ?, ?, ?, default)
Hibernate: 
    insert 
    into
        faculty_directory_entries
        (category, email, name, position, profile_url, thesis_level, thesis_status, id) 
    values
        (?, ?, ?, ?, ?, ?, ?, default)
2026-09-04T20:14:59.392+06:00 DEBUG 18860 --- [campusconnect-backend] [  restartedMain] org.hibernate.SQL                        : 
    insert 
    into
        faculty_directory_entries
        (category, email, name, position, profile_url, thesis_level, thesis_status, id) 
    values
        (?, ?, ?, ?, ?, ?, ?, default)
Hibernate: 
    insert 
    into
        faculty_directory_entries
        (category, email, name, position, profile_url, thesis_level, thesis_status, id) 
    values
        (?, ?, ?, ?, ?, ?, ?, default)
2026-09-04T20:14:59.393+06:00 DEBUG 18860 --- [campusconnect-backend] [  restartedMain] org.hibernate.SQL                        : 
    insert 
    into
        faculty_directory_entries
        (category, email, name, position, profile_url, thesis_level, thesis_status, id) 
    values
        (?, ?, ?, ?, ?, ?, ?, default)
Hibernate: 
    insert 
    into
        faculty_directory_entries
        (category, email, name, position, profile_url, thesis_level, thesis_status, id) 
    values
        (?, ?, ?, ?, ?, ?, ?, default)
2026-09-04T20:14:59.393+06:00 DEBUG 18860 --- [campusconnect-backend] [  restartedMain] org.hibernate.SQL                        : 
    insert 
    into
        faculty_directory_entries
        (category, email, name, position, profile_url, thesis_level, thesis_status, id) 
    values
        (?, ?, ?, ?, ?, ?, ?, default)
Hibernate: 
    insert 
    into
        faculty_directory_entries
        (category, email, name, position, profile_url, thesis_level, thesis_status, id) 
    values
        (?, ?, ?, ?, ?, ?, ?, default)
2026-09-04T20:14:59.393+06:00 DEBUG 18860 --- [campusconnect-backend] [  restartedMain] org.hibernate.SQL                        : 
    insert 
    into
        faculty_directory_entries
        (category, email, name, position, profile_url, thesis_level, thesis_status, id) 
    values
        (?, ?, ?, ?, ?, ?, ?, default)
Hibernate: 
    insert 
    into
        faculty_directory_entries
        (category, email, name, position, profile_url, thesis_level, thesis_status, id) 
    values
        (?, ?, ?, ?, ?, ?, ?, default)
2026-09-04T20:14:59.393+06:00 DEBUG 18860 --- [campusconnect-backend] [  restartedMain] org.hibernate.SQL                        : 
    insert 
    into
        faculty_directory_entries
        (category, email, name, position, profile_url, thesis_level, thesis_status, id) 
    values
        (?, ?, ?, ?, ?, ?, ?, default)
Hibernate: 
    insert 
    into
        faculty_directory_entries
        (category, email, name, position, profile_url, thesis_level, thesis_status, id) 
    values
        (?, ?, ?, ?, ?, ?, ?, default)
2026-09-04T20:14:59.395+06:00 DEBUG 18860 --- [campusconnect-backend] [  restartedMain] org.hibernate.SQL                        : 
    insert 
    into
        faculty_directory_entries
        (category, email, name, position, profile_url, thesis_level, thesis_status, id) 
    values
        (?, ?, ?, ?, ?, ?, ?, default)
Hibernate: 
    insert 
    into
        faculty_directory_entries
        (category, email, name, position, profile_url, thesis_level, thesis_status, id) 
    values
        (?, ?, ?, ?, ?, ?, ?, default)
2026-09-04T20:14:59.395+06:00 DEBUG 18860 --- [campusconnect-backend] [  restartedMain] org.hibernate.SQL                        : 
    insert 
    into
        faculty_directory_entries
        (category, email, name, position, profile_url, thesis_level, thesis_status, id) 
    values
        (?, ?, ?, ?, ?, ?, ?, default)
Hibernate: 
    insert 
    into
        faculty_directory_entries
        (category, email, name, position, profile_url, thesis_level, thesis_status, id) 
    values
        (?, ?, ?, ?, ?, ?, ?, default)
2026-09-04T20:14:59.395+06:00 DEBUG 18860 --- [campusconnect-backend] [  restartedMain] org.hibernate.SQL                        : 
    insert 
    into
        faculty_directory_entries
        (category, email, name, position, profile_url, thesis_level, thesis_status, id) 
    values
        (?, ?, ?, ?, ?, ?, ?, default)
Hibernate: 
    insert 
    into
        faculty_directory_entries
        (category, email, name, position, profile_url, thesis_level, thesis_status, id) 
    values
        (?, ?, ?, ?, ?, ?, ?, default)
2026-09-04T20:14:59.396+06:00 DEBUG 18860 --- [campusconnect-backend] [  restartedMain] org.hibernate.SQL                        : 
    insert 
    into
        faculty_directory_entries
        (category, email, name, position, profile_url, thesis_level, thesis_status, id) 
    values
        (?, ?, ?, ?, ?, ?, ?, default)
Hibernate: 
    insert 
    into
        faculty_directory_entries
        (category, email, name, position, profile_url, thesis_level, thesis_status, id) 
    values
        (?, ?, ?, ?, ?, ?, ?, default)
2026-09-04T20:14:59.396+06:00 DEBUG 18860 --- [campusconnect-backend] [  restartedMain] org.hibernate.SQL                        : 
    insert 
    into
        faculty_directory_entries
        (category, email, name, position, profile_url, thesis_level, thesis_status, id) 
    values
        (?, ?, ?, ?, ?, ?, ?, default)
Hibernate: 
    insert 
    into
        faculty_directory_entries
        (category, email, name, position, profile_url, thesis_level, thesis_status, id) 
    values
        (?, ?, ?, ?, ?, ?, ?, default)
2026-09-04T20:14:59.396+06:00 DEBUG 18860 --- [campusconnect-backend] [  restartedMain] org.hibernate.SQL                        : 
    insert 
    into
        faculty_directory_entries
        (category, email, name, position, profile_url, thesis_level, thesis_status, id) 
    values
        (?, ?, ?, ?, ?, ?, ?, default)
Hibernate: 
    insert 
    into
        faculty_directory_entries
        (category, email, name, position, profile_url, thesis_level, thesis_status, id) 
    values
        (?, ?, ?, ?, ?, ?, ?, default)
2026-09-04T20:14:59.397+06:00 DEBUG 18860 --- [campusconnect-backend] [  restartedMain] org.hibernate.SQL                        : 
    insert 
    into
        faculty_directory_entries
        (category, email, name, position, profile_url, thesis_level, thesis_status, id) 
    values
        (?, ?, ?, ?, ?, ?, ?, default)
Hibernate: 
    insert 
    into
        faculty_directory_entries
        (category, email, name, position, profile_url, thesis_level, thesis_status, id) 
    values
        (?, ?, ?, ?, ?, ?, ?, default)
2026-09-04T20:14:59.397+06:00 DEBUG 18860 --- [campusconnect-backend] [  restartedMain] org.hibernate.SQL                        : 
    insert 
    into
        faculty_directory_entries
        (category, email, name, position, profile_url, thesis_level, thesis_status, id) 
    values
        (?, ?, ?, ?, ?, ?, ?, default)
Hibernate: 
    insert 
    into
        faculty_directory_entries
        (category, email, name, position, profile_url, thesis_level, thesis_status, id) 
    values
        (?, ?, ?, ?, ?, ?, ?, default)
2026-09-04T20:14:59.398+06:00 DEBUG 18860 --- [campusconnect-backend] [  restartedMain] org.hibernate.SQL                        : 
    insert 
    into
        faculty_directory_entries
        (category, email, name, position, profile_url, thesis_level, thesis_status, id) 
    values
        (?, ?, ?, ?, ?, ?, ?, default)
Hibernate: 
    insert 
    into
        faculty_directory_entries
        (category, email, name, position, profile_url, thesis_level, thesis_status, id) 
    values
        (?, ?, ?, ?, ?, ?, ?, default)
2026-09-04T20:14:59.398+06:00 DEBUG 18860 --- [campusconnect-backend] [  restartedMain] org.hibernate.SQL                        : 
    insert 
    into
        faculty_directory_entries
        (category, email, name, position, profile_url, thesis_level, thesis_status, id) 
    values
        (?, ?, ?, ?, ?, ?, ?, default)
Hibernate: 
    insert 
    into
        faculty_directory_entries
        (category, email, name, position, profile_url, thesis_level, thesis_status, id) 
    values
        (?, ?, ?, ?, ?, ?, ?, default)
2026-09-04T20:14:59.398+06:00 DEBUG 18860 --- [campusconnect-backend] [  restartedMain] org.hibernate.SQL                        : 
    insert 
    into
        faculty_directory_entries
        (category, email, name, position, profile_url, thesis_level, thesis_status, id) 
    values
        (?, ?, ?, ?, ?, ?, ?, default)
Hibernate: 
    insert 
    into
        faculty_directory_entries
        (category, email, name, position, profile_url, thesis_level, thesis_status, id) 
    values
        (?, ?, ?, ?, ?, ?, ?, default)
2026-09-04T20:14:59.398+06:00 DEBUG 18860 --- [campusconnect-backend] [  restartedMain] org.hibernate.SQL                        : 
    insert 
    into
        faculty_directory_entries
        (category, email, name, position, profile_url, thesis_level, thesis_status, id) 
    values
        (?, ?, ?, ?, ?, ?, ?, default)
Hibernate: 
    insert 
    into
        faculty_directory_entries
        (category, email, name, position, profile_url, thesis_level, thesis_status, id) 
    values
        (?, ?, ?, ?, ?, ?, ?, default)
2026-09-04T20:14:59.399+06:00 DEBUG 18860 --- [campusconnect-backend] [  restartedMain] org.hibernate.SQL                        : 
    insert 
    into
        faculty_directory_entries
        (category, email, name, position, profile_url, thesis_level, thesis_status, id) 
    values
        (?, ?, ?, ?, ?, ?, ?, default)
Hibernate: 
    insert 
    into
        faculty_directory_entries
        (category, email, name, position, profile_url, thesis_level, thesis_status, id) 
    values
        (?, ?, ?, ?, ?, ?, ?, default)
2026-09-04T20:14:59.399+06:00 DEBUG 18860 --- [campusconnect-backend] [  restartedMain] org.hibernate.SQL                        : 
    insert 
    into
        faculty_directory_entries
        (category, email, name, position, profile_url, thesis_level, thesis_status, id) 
    values
        (?, ?, ?, ?, ?, ?, ?, default)
Hibernate: 
    insert 
    into
        faculty_directory_entries
        (category, email, name, position, profile_url, thesis_level, thesis_status, id) 
    values
        (?, ?, ?, ?, ?, ?, ?, default)
2026-09-04T20:14:59.399+06:00 DEBUG 18860 --- [campusconnect-backend] [  restartedMain] org.hibernate.SQL                        : 
    insert 
    into
        faculty_directory_entries
        (category, email, name, position, profile_url, thesis_level, thesis_status, id) 
    values
        (?, ?, ?, ?, ?, ?, ?, default)
Hibernate: 
    insert 
    into
        faculty_directory_entries
        (category, email, name, position, profile_url, thesis_level, thesis_status, id) 
    values
        (?, ?, ?, ?, ?, ?, ?, default)
2026-09-04T20:14:59.400+06:00 DEBUG 18860 --- [campusconnect-backend] [  restartedMain] org.hibernate.SQL                        : 
    insert 
    into
        faculty_directory_entries
        (category, email, name, position, profile_url, thesis_level, thesis_status, id) 
    values
        (?, ?, ?, ?, ?, ?, ?, default)
Hibernate: 
    insert 
    into
        faculty_directory_entries
        (category, email, name, position, profile_url, thesis_level, thesis_status, id) 
    values
        (?, ?, ?, ?, ?, ?, ?, default)
2026-09-04T20:14:59.401+06:00 DEBUG 18860 --- [campusconnect-backend] [  restartedMain] org.hibernate.SQL                        : 
    insert 
    into
        faculty_directory_entries
        (category, email, name, position, profile_url, thesis_level, thesis_status, id) 
    values
        (?, ?, ?, ?, ?, ?, ?, default)
Hibernate: 
    insert 
    into
        faculty_directory_entries
        (category, email, name, position, profile_url, thesis_level, thesis_status, id) 
    values
        (?, ?, ?, ?, ?, ?, ?, default)
2026-09-04T20:14:59.401+06:00 DEBUG 18860 --- [campusconnect-backend] [  restartedMain] org.hibernate.SQL                        : 
    insert 
    into
        faculty_directory_entries
        (category, email, name, position, profile_url, thesis_level, thesis_status, id) 
    values
        (?, ?, ?, ?, ?, ?, ?, default)
Hibernate: 
    insert 
    into
        faculty_directory_entries
        (category, email, name, position, profile_url, thesis_level, thesis_status, id) 
    values
        (?, ?, ?, ?, ?, ?, ?, default)
2026-09-04T20:14:59.402+06:00 DEBUG 18860 --- [campusconnect-backend] [  restartedMain] org.hibernate.SQL                        : 
    insert 
    into
        faculty_directory_entries
        (category, email, name, position, profile_url, thesis_level, thesis_status, id) 
    values
        (?, ?, ?, ?, ?, ?, ?, default)
Hibernate: 
    insert 
    into
        faculty_directory_entries
        (category, email, name, position, profile_url, thesis_level, thesis_status, id) 
    values
        (?, ?, ?, ?, ?, ?, ?, default)
2026-09-04T20:14:59.402+06:00 DEBUG 18860 --- [campusconnect-backend] [  restartedMain] org.hibernate.SQL                        : 
    insert 
    into
        faculty_directory_entries
        (category, email, name, position, profile_url, thesis_level, thesis_status, id) 
    values
        (?, ?, ?, ?, ?, ?, ?, default)
Hibernate: 
    insert 
    into
        faculty_directory_entries
        (category, email, name, position, profile_url, thesis_level, thesis_status, id) 
    values
        (?, ?, ?, ?, ?, ?, ?, default)
2026-09-04T20:14:59.402+06:00 DEBUG 18860 --- [campusconnect-backend] [  restartedMain] org.hibernate.SQL                        : 
    insert 
    into
        faculty_directory_entries
        (category, email, name, position, profile_url, thesis_level, thesis_status, id) 
    values
        (?, ?, ?, ?, ?, ?, ?, default)
Hibernate: 
    insert 
    into
        faculty_directory_entries
        (category, email, name, position, profile_url, thesis_level, thesis_status, id) 
    values
        (?, ?, ?, ?, ?, ?, ?, default)
2026-09-04T20:14:59.404+06:00 DEBUG 18860 --- [campusconnect-backend] [  restartedMain] org.hibernate.SQL                        : 
    insert 
    into
        faculty_directory_entries
        (category, email, name, position, profile_url, thesis_level, thesis_status, id) 
    values
        (?, ?, ?, ?, ?, ?, ?, default)
Hibernate: 
    insert 
    into
        faculty_directory_entries
        (category, email, name, position, profile_url, thesis_level, thesis_status, id) 
    values
        (?, ?, ?, ?, ?, ?, ?, default)
2026-09-04T20:14:59.404+06:00 DEBUG 18860 --- [campusconnect-backend] [  restartedMain] org.hibernate.SQL                        : 
    insert 
    into
        faculty_directory_entries
        (category, email, name, position, profile_url, thesis_level, thesis_status, id) 
    values
        (?, ?, ?, ?, ?, ?, ?, default)
Hibernate: 
    insert 
    into
        faculty_directory_entries
        (category, email, name, position, profile_url, thesis_level, thesis_status, id) 
    values
        (?, ?, ?, ?, ?, ?, ?, default)
2026-09-04T20:14:59.405+06:00 DEBUG 18860 --- [campusconnect-backend] [  restartedMain] org.hibernate.SQL                        : 
    insert 
    into
        faculty_directory_entries
        (category, email, name, position, profile_url, thesis_level, thesis_status, id) 
    values
        (?, ?, ?, ?, ?, ?, ?, default)
Hibernate: 
    insert 
    into
        faculty_directory_entries
        (category, email, name, position, profile_url, thesis_level, thesis_status, id) 
    values
        (?, ?, ?, ?, ?, ?, ?, default)
2026-09-04T20:14:59.405+06:00 DEBUG 18860 --- [campusconnect-backend] [  restartedMain] org.hibernate.SQL                        : 
    insert 
    into
        faculty_directory_entries
        (category, email, name, position, profile_url, thesis_level, thesis_status, id) 
    values
        (?, ?, ?, ?, ?, ?, ?, default)
Hibernate: 
    insert 
    into
        faculty_directory_entries
        (category, email, name, position, profile_url, thesis_level, thesis_status, id) 
    values
        (?, ?, ?, ?, ?, ?, ?, default)
2026-09-04T20:14:59.406+06:00 DEBUG 18860 --- [campusconnect-backend] [  restartedMain] org.hibernate.SQL                        : 
    insert 
    into
        faculty_directory_entries
        (category, email, name, position, profile_url, thesis_level, thesis_status, id) 
    values
        (?, ?, ?, ?, ?, ?, ?, default)
Hibernate: 
    insert 
    into
        faculty_directory_entries
        (category, email, name, position, profile_url, thesis_level, thesis_status, id) 
    values
        (?, ?, ?, ?, ?, ?, ?, default)
2026-09-04T20:14:59.407+06:00 DEBUG 18860 --- [campusconnect-backend] [  restartedMain] org.hibernate.SQL                        : 
    insert 
    into
        faculty_directory_entries
        (category, email, name, position, profile_url, thesis_level, thesis_status, id) 
    values
        (?, ?, ?, ?, ?, ?, ?, default)
Hibernate: 
    insert 
    into
        faculty_directory_entries
        (category, email, name, position, profile_url, thesis_level, thesis_status, id) 
    values
        (?, ?, ?, ?, ?, ?, ?, default)
2026-09-04T20:14:59.407+06:00 DEBUG 18860 --- [campusconnect-backend] [  restartedMain] org.hibernate.SQL                        : 
    insert 
    into
        faculty_directory_entries
        (category, email, name, position, profile_url, thesis_level, thesis_status, id) 
    values
        (?, ?, ?, ?, ?, ?, ?, default)
Hibernate: 
    insert 
    into
        faculty_directory_entries
        (category, email, name, position, profile_url, thesis_level, thesis_status, id) 
    values
        (?, ?, ?, ?, ?, ?, ?, default)
2026-09-04T20:14:59.408+06:00 DEBUG 18860 --- [campusconnect-backend] [  restartedMain] org.hibernate.SQL                        : 
    insert 
    into
        faculty_directory_entries
        (category, email, name, position, profile_url, thesis_level, thesis_status, id) 
    values
        (?, ?, ?, ?, ?, ?, ?, default)
Hibernate: 
    insert 
    into
        faculty_directory_entries
        (category, email, name, position, profile_url, thesis_level, thesis_status, id) 
    values
        (?, ?, ?, ?, ?, ?, ?, default)
2026-09-04T20:14:59.408+06:00 DEBUG 18860 --- [campusconnect-backend] [  restartedMain] org.hibernate.SQL                        : 
    insert 
    into
        faculty_directory_entries
        (category, email, name, position, profile_url, thesis_level, thesis_status, id) 
    values
        (?, ?, ?, ?, ?, ?, ?, default)
Hibernate: 
    insert 
    into
        faculty_directory_entries
        (category, email, name, position, profile_url, thesis_level, thesis_status, id) 
    values
        (?, ?, ?, ?, ?, ?, ?, default)
2026-09-04T20:14:59.409+06:00 DEBUG 18860 --- [campusconnect-backend] [  restartedMain] org.hibernate.SQL                        : 
    insert 
    into
        faculty_directory_entries
        (category, email, name, position, profile_url, thesis_level, thesis_status, id) 
    values
        (?, ?, ?, ?, ?, ?, ?, default)
Hibernate: 
    insert 
    into
        faculty_directory_entries
        (category, email, name, position, profile_url, thesis_level, thesis_status, id) 
    values
        (?, ?, ?, ?, ?, ?, ?, default)
2026-09-04T20:14:59.409+06:00 DEBUG 18860 --- [campusconnect-backend] [  restartedMain] org.hibernate.SQL                        : 
    insert 
    into
        faculty_directory_entries
        (category, email, name, position, profile_url, thesis_level, thesis_status, id) 
    values
        (?, ?, ?, ?, ?, ?, ?, default)
Hibernate: 
    insert 
    into
        faculty_directory_entries
        (category, email, name, position, profile_url, thesis_level, thesis_status, id) 
    values
        (?, ?, ?, ?, ?, ?, ?, default)
2026-09-04T20:14:59.410+06:00 DEBUG 18860 --- [campusconnect-backend] [  restartedMain] org.hibernate.SQL                        : 
    insert 
    into
        faculty_directory_entries
        (category, email, name, position, profile_url, thesis_level, thesis_status, id) 
    values
        (?, ?, ?, ?, ?, ?, ?, default)
Hibernate: 
    insert 
    into
        faculty_directory_entries
        (category, email, name, position, profile_url, thesis_level, thesis_status, id) 
    values
        (?, ?, ?, ?, ?, ?, ?, default)
2026-09-04T20:14:59.410+06:00 DEBUG 18860 --- [campusconnect-backend] [  restartedMain] org.hibernate.SQL                        : 
    insert 
    into
        faculty_directory_entries
        (category, email, name, position, profile_url, thesis_level, thesis_status, id) 
    values
        (?, ?, ?, ?, ?, ?, ?, default)
Hibernate: 
    insert 
    into
        faculty_directory_entries
        (category, email, name, position, profile_url, thesis_level, thesis_status, id) 
    values
        (?, ?, ?, ?, ?, ?, ?, default)
2026-09-04T20:14:59.410+06:00 DEBUG 18860 --- [campusconnect-backend] [  restartedMain] org.hibernate.SQL                        : 
    insert 
    into
        faculty_directory_entries
        (category, email, name, position, profile_url, thesis_level, thesis_status, id) 
    values
        (?, ?, ?, ?, ?, ?, ?, default)
Hibernate: 
    insert 
    into
        faculty_directory_entries
        (category, email, name, position, profile_url, thesis_level, thesis_status, id) 
    values
        (?, ?, ?, ?, ?, ?, ?, default)
2026-09-04T20:14:59.411+06:00 DEBUG 18860 --- [campusconnect-backend] [  restartedMain] org.hibernate.SQL                        : 
    insert 
    into
        faculty_directory_entries
        (category, email, name, position, profile_url, thesis_level, thesis_status, id) 
    values
        (?, ?, ?, ?, ?, ?, ?, default)
Hibernate: 
    insert 
    into
        faculty_directory_entries
        (category, email, name, position, profile_url, thesis_level, thesis_status, id) 
    values
        (?, ?, ?, ?, ?, ?, ?, default)
2026-09-04T20:14:59.411+06:00 DEBUG 18860 --- [campusconnect-backend] [  restartedMain] org.hibernate.SQL                        : 
    insert 
    into
        faculty_directory_entries
        (category, email, name, position, profile_url, thesis_level, thesis_status, id) 
    values
        (?, ?, ?, ?, ?, ?, ?, default)
Hibernate: 
    insert 
    into
        faculty_directory_entries
        (category, email, name, position, profile_url, thesis_level, thesis_status, id) 
    values
        (?, ?, ?, ?, ?, ?, ?, default)
2026-09-04T20:14:59.411+06:00 DEBUG 18860 --- [campusconnect-backend] [  restartedMain] org.hibernate.SQL                        : 
    insert 
    into
        faculty_directory_entries
        (category, email, name, position, profile_url, thesis_level, thesis_status, id) 
    values
        (?, ?, ?, ?, ?, ?, ?, default)
Hibernate: 
    insert 
    into
        faculty_directory_entries
        (category, email, name, position, profile_url, thesis_level, thesis_status, id) 
    values
        (?, ?, ?, ?, ?, ?, ?, default)
2026-09-04T20:14:59.412+06:00 DEBUG 18860 --- [campusconnect-backend] [  restartedMain] org.hibernate.SQL                        : 
    insert 
    into
        faculty_directory_entries
        (category, email, name, position, profile_url, thesis_level, thesis_status, id) 
    values
        (?, ?, ?, ?, ?, ?, ?, default)
Hibernate: 
    insert 
    into
        faculty_directory_entries
        (category, email, name, position, profile_url, thesis_level, thesis_status, id) 
    values
        (?, ?, ?, ?, ?, ?, ?, default)
2026-09-04T20:14:59.412+06:00 DEBUG 18860 --- [campusconnect-backend] [  restartedMain] org.hibernate.SQL                        : 
    insert 
    into
        faculty_directory_entries
        (category, email, name, position, profile_url, thesis_level, thesis_status, id) 
    values
        (?, ?, ?, ?, ?, ?, ?, default)
Hibernate: 
    insert 
    into
        faculty_directory_entries
        (category, email, name, position, profile_url, thesis_level, thesis_status, id) 
    values
        (?, ?, ?, ?, ?, ?, ?, default)
2026-09-04T20:14:59.413+06:00 DEBUG 18860 --- [campusconnect-backend] [  restartedMain] org.hibernate.SQL                        : 
    insert 
    into
        faculty_directory_entries
        (category, email, name, position, profile_url, thesis_level, thesis_status, id) 
    values
        (?, ?, ?, ?, ?, ?, ?, default)
Hibernate: 
    insert 
    into
        faculty_directory_entries
        (category, email, name, position, profile_url, thesis_level, thesis_status, id) 
    values
        (?, ?, ?, ?, ?, ?, ?, default)
2026-09-04T20:14:59.413+06:00 DEBUG 18860 --- [campusconnect-backend] [  restartedMain] org.hibernate.SQL                        : 
    insert 
    into
        faculty_directory_entries
        (category, email, name, position, profile_url, thesis_level, thesis_status, id) 
    values
        (?, ?, ?, ?, ?, ?, ?, default)
Hibernate: 
    insert 
    into
        faculty_directory_entries
        (category, email, name, position, profile_url, thesis_level, thesis_status, id) 
    values
        (?, ?, ?, ?, ?, ?, ?, default)
2026-09-04T20:14:59.413+06:00 DEBUG 18860 --- [campusconnect-backend] [  restartedMain] org.hibernate.SQL                        : 
    insert 
    into
        faculty_directory_entries
        (category, email, name, position, profile_url, thesis_level, thesis_status, id) 
    values
        (?, ?, ?, ?, ?, ?, ?, default)
Hibernate: 
    insert 
    into
        faculty_directory_entries
        (category, email, name, position, profile_url, thesis_level, thesis_status, id) 
    values
        (?, ?, ?, ?, ?, ?, ?, default)
2026-09-04T20:14:59.413+06:00 DEBUG 18860 --- [campusconnect-backend] [  restartedMain] org.hibernate.SQL                        : 
    insert 
    into
        faculty_directory_entries
        (category, email, name, position, profile_url, thesis_level, thesis_status, id) 
    values
        (?, ?, ?, ?, ?, ?, ?, default)
Hibernate: 
    insert 
    into
        faculty_directory_entries
        (category, email, name, position, profile_url, thesis_level, thesis_status, id) 
    values
        (?, ?, ?, ?, ?, ?, ?, default)
2026-09-04T20:14:59.413+06:00 DEBUG 18860 --- [campusconnect-backend] [  restartedMain] org.hibernate.SQL                        : 
    insert 
    into
        faculty_directory_entries
        (category, email, name, position, profile_url, thesis_level, thesis_status, id) 
    values
        (?, ?, ?, ?, ?, ?, ?, default)
Hibernate: 
    insert 
    into
        faculty_directory_entries
        (category, email, name, position, profile_url, thesis_level, thesis_status, id) 
    values
        (?, ?, ?, ?, ?, ?, ?, default)
2026-09-04T20:14:59.415+06:00 DEBUG 18860 --- [campusconnect-backend] [  restartedMain] org.hibernate.SQL                        : 
    insert 
    into
        faculty_directory_entries
        (category, email, name, position, profile_url, thesis_level, thesis_status, id) 
    values
        (?, ?, ?, ?, ?, ?, ?, default)
Hibernate: 
    insert 
    into
        faculty_directory_entries
        (category, email, name, position, profile_url, thesis_level, thesis_status, id) 
    values
        (?, ?, ?, ?, ?, ?, ?, default)
2026-09-04T20:14:59.415+06:00 DEBUG 18860 --- [campusconnect-backend] [  restartedMain] org.hibernate.SQL                        : 
    insert 
    into
        faculty_directory_entries
        (category, email, name, position, profile_url, thesis_level, thesis_status, id) 
    values
        (?, ?, ?, ?, ?, ?, ?, default)
Hibernate: 
    insert 
    into
        faculty_directory_entries
        (category, email, name, position, profile_url, thesis_level, thesis_status, id) 
    values
        (?, ?, ?, ?, ?, ?, ?, default)
2026-09-04T20:14:59.416+06:00 DEBUG 18860 --- [campusconnect-backend] [  restartedMain] org.hibernate.SQL                        : 
    insert 
    into
        faculty_directory_entries
        (category, email, name, position, profile_url, thesis_level, thesis_status, id) 
    values
        (?, ?, ?, ?, ?, ?, ?, default)
Hibernate: 
    insert 
    into
        faculty_directory_entries
        (category, email, name, position, profile_url, thesis_level, thesis_status, id) 
    values
        (?, ?, ?, ?, ?, ?, ?, default)
2026-09-04T20:14:59.416+06:00 DEBUG 18860 --- [campusconnect-backend] [  restartedMain] org.hibernate.SQL                        : 
    insert 
    into
        faculty_directory_entries
        (category, email, name, position, profile_url, thesis_level, thesis_status, id) 
    values
        (?, ?, ?, ?, ?, ?, ?, default)
Hibernate: 
    insert 
    into
        faculty_directory_entries
        (category, email, name, position, profile_url, thesis_level, thesis_status, id) 
    values
        (?, ?, ?, ?, ?, ?, ?, default)
2026-09-04T20:14:59.417+06:00 DEBUG 18860 --- [campusconnect-backend] [  restartedMain] org.hibernate.SQL                        : 
    insert 
    into
        faculty_directory_entries
        (category, email, name, position, profile_url, thesis_level, thesis_status, id) 
    values
        (?, ?, ?, ?, ?, ?, ?, default)
Hibernate: 
    insert 
    into
        faculty_directory_entries
        (category, email, name, position, profile_url, thesis_level, thesis_status, id) 
    values
        (?, ?, ?, ?, ?, ?, ?, default)
2026-09-04T20:14:59.417+06:00 DEBUG 18860 --- [campusconnect-backend] [  restartedMain] org.hibernate.SQL                        : 
    insert 
    into
        faculty_directory_entries
        (category, email, name, position, profile_url, thesis_level, thesis_status, id) 
    values
        (?, ?, ?, ?, ?, ?, ?, default)
Hibernate: 
    insert 
    into
        faculty_directory_entries
        (category, email, name, position, profile_url, thesis_level, thesis_status, id) 
    values
        (?, ?, ?, ?, ?, ?, ?, default)
2026-09-04T20:14:59.417+06:00 DEBUG 18860 --- [campusconnect-backend] [  restartedMain] org.hibernate.SQL                        : 
    insert 
    into
        faculty_directory_entries
        (category, email, name, position, profile_url, thesis_level, thesis_status, id) 
    values
        (?, ?, ?, ?, ?, ?, ?, default)
Hibernate: 
    insert 
    into
        faculty_directory_entries
        (category, email, name, position, profile_url, thesis_level, thesis_status, id) 
    values
        (?, ?, ?, ?, ?, ?, ?, default)
2026-09-04T20:14:59.418+06:00 DEBUG 18860 --- [campusconnect-backend] [  restartedMain] org.hibernate.SQL                        : 
    insert 
    into
        faculty_directory_entries
        (category, email, name, position, profile_url, thesis_level, thesis_status, id) 
    values
        (?, ?, ?, ?, ?, ?, ?, default)
Hibernate: 
    insert 
    into
        faculty_directory_entries
        (category, email, name, position, profile_url, thesis_level, thesis_status, id) 
    values
        (?, ?, ?, ?, ?, ?, ?, default)
2026-09-04T20:14:59.418+06:00 DEBUG 18860 --- [campusconnect-backend] [  restartedMain] org.hibernate.SQL                        : 
    insert 
    into
        faculty_directory_entries
        (category, email, name, position, profile_url, thesis_level, thesis_status, id) 
    values
        (?, ?, ?, ?, ?, ?, ?, default)
Hibernate: 
    insert 
    into
        faculty_directory_entries
        (category, email, name, position, profile_url, thesis_level, thesis_status, id) 
    values
        (?, ?, ?, ?, ?, ?, ?, default)
2026-09-04T20:14:59.418+06:00 DEBUG 18860 --- [campusconnect-backend] [  restartedMain] org.hibernate.SQL                        : 
    insert 
    into
        faculty_directory_entries
        (category, email, name, position, profile_url, thesis_level, thesis_status, id) 
    values
        (?, ?, ?, ?, ?, ?, ?, default)
Hibernate: 
    insert 
    into
        faculty_directory_entries
        (category, email, name, position, profile_url, thesis_level, thesis_status, id) 
    values
        (?, ?, ?, ?, ?, ?, ?, default)
2026-09-04T20:14:59.419+06:00 DEBUG 18860 --- [campusconnect-backend] [  restartedMain] org.hibernate.SQL                        : 
    insert 
    into
        faculty_directory_entries
        (category, email, name, position, profile_url, thesis_level, thesis_status, id) 
    values
        (?, ?, ?, ?, ?, ?, ?, default)
Hibernate: 
    insert 
    into
        faculty_directory_entries
        (category, email, name, position, profile_url, thesis_level, thesis_status, id) 
    values
        (?, ?, ?, ?, ?, ?, ?, default)
2026-09-04T20:14:59.419+06:00 DEBUG 18860 --- [campusconnect-backend] [  restartedMain] org.hibernate.SQL                        : 
    insert 
    into
        faculty_directory_entries
        (category, email, name, position, profile_url, thesis_level, thesis_status, id) 
    values
        (?, ?, ?, ?, ?, ?, ?, default)
Hibernate: 
    insert 
    into
        faculty_directory_entries
        (category, email, name, position, profile_url, thesis_level, thesis_status, id) 
    values
        (?, ?, ?, ?, ?, ?, ?, default)
2026-09-04T20:14:59.419+06:00 DEBUG 18860 --- [campusconnect-backend] [  restartedMain] org.hibernate.SQL                        : 
    insert 
    into
        faculty_directory_entries
        (category, email, name, position, profile_url, thesis_level, thesis_status, id) 
    values
        (?, ?, ?, ?, ?, ?, ?, default)
Hibernate: 
    insert 
    into
        faculty_directory_entries
        (category, email, name, position, profile_url, thesis_level, thesis_status, id) 
    values
        (?, ?, ?, ?, ?, ?, ?, default)
2026-09-04T20:14:59.419+06:00 DEBUG 18860 --- [campusconnect-backend] [  restartedMain] org.hibernate.SQL                        : 
    insert 
    into
        faculty_directory_entries
        (category, email, name, position, profile_url, thesis_level, thesis_status, id) 
    values
        (?, ?, ?, ?, ?, ?, ?, default)
Hibernate: 
    insert 
    into
        faculty_directory_entries
        (category, email, name, position, profile_url, thesis_level, thesis_status, id) 
    values
        (?, ?, ?, ?, ?, ?, ?, default)
2026-09-04T20:14:59.421+06:00 DEBUG 18860 --- [campusconnect-backend] [  restartedMain] org.hibernate.SQL                        : 
    insert 
    into
        faculty_directory_entries
        (category, email, name, position, profile_url, thesis_level, thesis_status, id) 
    values
        (?, ?, ?, ?, ?, ?, ?, default)
Hibernate: 
    insert 
    into
        faculty_directory_entries
        (category, email, name, position, profile_url, thesis_level, thesis_status, id) 
    values
        (?, ?, ?, ?, ?, ?, ?, default)
2026-09-04T20:14:59.421+06:00 DEBUG 18860 --- [campusconnect-backend] [  restartedMain] org.hibernate.SQL                        : 
    insert 
    into
        faculty_directory_entries
        (category, email, name, position, profile_url, thesis_level, thesis_status, id) 
    values
        (?, ?, ?, ?, ?, ?, ?, default)
Hibernate: 
    insert 
    into
        faculty_directory_entries
        (category, email, name, position, profile_url, thesis_level, thesis_status, id) 
    values
        (?, ?, ?, ?, ?, ?, ?, default)
2026-09-04T20:14:59.422+06:00 DEBUG 18860 --- [campusconnect-backend] [  restartedMain] org.hibernate.SQL                        : 
    insert 
    into
        faculty_directory_entries
        (category, email, name, position, profile_url, thesis_level, thesis_status, id) 
    values
        (?, ?, ?, ?, ?, ?, ?, default)
Hibernate: 
    insert 
    into
        faculty_directory_entries
        (category, email, name, position, profile_url, thesis_level, thesis_status, id) 
    values
        (?, ?, ?, ?, ?, ?, ?, default)
2026-09-04T20:14:59.423+06:00 DEBUG 18860 --- [campusconnect-backend] [  restartedMain] org.hibernate.SQL                        : 
    insert 
    into
        faculty_directory_entries
        (category, email, name, position, profile_url, thesis_level, thesis_status, id) 
    values
        (?, ?, ?, ?, ?, ?, ?, default)
Hibernate: 
    insert 
    into
        faculty_directory_entries
        (category, email, name, position, profile_url, thesis_level, thesis_status, id) 
    values
        (?, ?, ?, ?, ?, ?, ?, default)
2026-09-04T20:14:59.423+06:00 DEBUG 18860 --- [campusconnect-backend] [  restartedMain] org.hibernate.SQL                        : 
    insert 
    into
        faculty_directory_entries
        (category, email, name, position, profile_url, thesis_level, thesis_status, id) 
    values
        (?, ?, ?, ?, ?, ?, ?, default)
Hibernate: 
    insert 
    into
        faculty_directory_entries
        (category, email, name, position, profile_url, thesis_level, thesis_status, id) 
    values
        (?, ?, ?, ?, ?, ?, ?, default)
2026-09-04T20:14:59.423+06:00 DEBUG 18860 --- [campusconnect-backend] [  restartedMain] org.hibernate.SQL                        : 
    insert 
    into
        faculty_directory_entries
        (category, email, name, position, profile_url, thesis_level, thesis_status, id) 
    values
        (?, ?, ?, ?, ?, ?, ?, default)
Hibernate: 
    insert 
    into
        faculty_directory_entries
        (category, email, name, position, profile_url, thesis_level, thesis_status, id) 
    values
        (?, ?, ?, ?, ?, ?, ?, default)
2026-09-04T20:14:59.423+06:00 DEBUG 18860 --- [campusconnect-backend] [  restartedMain] org.hibernate.SQL                        : 
    insert 
    into
        faculty_directory_entries
        (category, email, name, position, profile_url, thesis_level, thesis_status, id) 
    values
        (?, ?, ?, ?, ?, ?, ?, default)
Hibernate: 
    insert 
    into
        faculty_directory_entries
        (category, email, name, position, profile_url, thesis_level, thesis_status, id) 
    values
        (?, ?, ?, ?, ?, ?, ?, default)
2026-09-04T20:14:59.424+06:00 DEBUG 18860 --- [campusconnect-backend] [  restartedMain] org.hibernate.SQL                        : 
    insert 
    into
        faculty_directory_entries
        (category, email, name, position, profile_url, thesis_level, thesis_status, id) 
    values
        (?, ?, ?, ?, ?, ?, ?, default)
Hibernate: 
    insert 
    into
        faculty_directory_entries
        (category, email, name, position, profile_url, thesis_level, thesis_status, id) 
    values
        (?, ?, ?, ?, ?, ?, ?, default)
2026-09-04T20:14:59.424+06:00 DEBUG 18860 --- [campusconnect-backend] [  restartedMain] org.hibernate.SQL                        : 
    insert 
    into
        faculty_directory_entries
        (category, email, name, position, profile_url, thesis_level, thesis_status, id) 
    values
        (?, ?, ?, ?, ?, ?, ?, default)
Hibernate: 
    insert 
    into
        faculty_directory_entries
        (category, email, name, position, profile_url, thesis_level, thesis_status, id) 
    values
        (?, ?, ?, ?, ?, ?, ?, default)
2026-09-04T20:14:59.424+06:00 DEBUG 18860 --- [campusconnect-backend] [  restartedMain] org.hibernate.SQL                        : 
    insert 
    into
        faculty_directory_entries
        (category, email, name, position, profile_url, thesis_level, thesis_status, id) 
    values
        (?, ?, ?, ?, ?, ?, ?, default)
Hibernate: 
    insert 
    into
        faculty_directory_entries
        (category, email, name, position, profile_url, thesis_level, thesis_status, id) 
    values
        (?, ?, ?, ?, ?, ?, ?, default)
2026-09-04T20:14:59.425+06:00 DEBUG 18860 --- [campusconnect-backend] [  restartedMain] org.hibernate.SQL                        : 
    insert 
    into
        faculty_directory_entries
        (category, email, name, position, profile_url, thesis_level, thesis_status, id) 
    values
        (?, ?, ?, ?, ?, ?, ?, default)
Hibernate: 
    insert 
    into
        faculty_directory_entries
        (category, email, name, position, profile_url, thesis_level, thesis_status, id) 
    values
        (?, ?, ?, ?, ?, ?, ?, default)
2026-09-04T20:14:59.425+06:00 DEBUG 18860 --- [campusconnect-backend] [  restartedMain] org.hibernate.SQL                        : 
    insert 
    into
        faculty_directory_entries
        (category, email, name, position, profile_url, thesis_level, thesis_status, id) 
    values
        (?, ?, ?, ?, ?, ?, ?, default)
Hibernate: 
    insert 
    into
        faculty_directory_entries
        (category, email, name, position, profile_url, thesis_level, thesis_status, id) 
    values
        (?, ?, ?, ?, ?, ?, ?, default)
2026-09-04T20:14:59.426+06:00 DEBUG 18860 --- [campusconnect-backend] [  restartedMain] org.hibernate.SQL                        : 
    insert 
    into
        faculty_directory_entries
        (category, email, name, position, profile_url, thesis_level, thesis_status, id) 
    values
        (?, ?, ?, ?, ?, ?, ?, default)
Hibernate: 
    insert 
    into
        faculty_directory_entries
        (category, email, name, position, profile_url, thesis_level, thesis_status, id) 
    values
        (?, ?, ?, ?, ?, ?, ?, default)
2026-09-04T20:14:59.426+06:00 DEBUG 18860 --- [campusconnect-backend] [  restartedMain] org.hibernate.SQL                        : 
    insert 
    into
        faculty_directory_entries
        (category, email, name, position, profile_url, thesis_level, thesis_status, id) 
    values
        (?, ?, ?, ?, ?, ?, ?, default)
Hibernate: 
    insert 
    into
        faculty_directory_entries
        (category, email, name, position, profile_url, thesis_level, thesis_status, id) 
    values
        (?, ?, ?, ?, ?, ?, ?, default)
2026-09-04T20:14:59.426+06:00 DEBUG 18860 --- [campusconnect-backend] [  restartedMain] org.hibernate.SQL                        : 
    insert 
    into
        faculty_directory_entries
        (category, email, name, position, profile_url, thesis_level, thesis_status, id) 
    values
        (?, ?, ?, ?, ?, ?, ?, default)
Hibernate: 
    insert 
    into
        faculty_directory_entries
        (category, email, name, position, profile_url, thesis_level, thesis_status, id) 
    values
        (?, ?, ?, ?, ?, ?, ?, default)
2026-09-04T20:14:59.427+06:00 DEBUG 18860 --- [campusconnect-backend] [  restartedMain] org.hibernate.SQL                        : 
    insert 
    into
        faculty_directory_entries
        (category, email, name, position, profile_url, thesis_level, thesis_status, id) 
    values
        (?, ?, ?, ?, ?, ?, ?, default)
Hibernate: 
    insert 
    into
        faculty_directory_entries
        (category, email, name, position, profile_url, thesis_level, thesis_status, id) 
    values
        (?, ?, ?, ?, ?, ?, ?, default)
2026-09-04T20:14:59.427+06:00 DEBUG 18860 --- [campusconnect-backend] [  restartedMain] org.hibernate.SQL                        : 
    insert 
    into
        faculty_directory_entries
        (category, email, name, position, profile_url, thesis_level, thesis_status, id) 
    values
        (?, ?, ?, ?, ?, ?, ?, default)
Hibernate: 
    insert 
    into
        faculty_directory_entries
        (category, email, name, position, profile_url, thesis_level, thesis_status, id) 
    values
        (?, ?, ?, ?, ?, ?, ?, default)
2026-09-04T20:14:59.427+06:00 DEBUG 18860 --- [campusconnect-backend] [  restartedMain] org.hibernate.SQL                        : 
    insert 
    into
        faculty_directory_entries
        (category, email, name, position, profile_url, thesis_level, thesis_status, id) 
    values
        (?, ?, ?, ?, ?, ?, ?, default)
Hibernate: 
    insert 
    into
        faculty_directory_entries
        (category, email, name, position, profile_url, thesis_level, thesis_status, id) 
    values
        (?, ?, ?, ?, ?, ?, ?, default)
2026-09-04T20:14:59.427+06:00 DEBUG 18860 --- [campusconnect-backend] [  restartedMain] org.hibernate.SQL                        : 
    insert 
    into
        faculty_directory_entries
        (category, email, name, position, profile_url, thesis_level, thesis_status, id) 
    values
        (?, ?, ?, ?, ?, ?, ?, default)
Hibernate: 
    insert 
    into
        faculty_directory_entries
        (category, email, name, position, profile_url, thesis_level, thesis_status, id) 
    values
        (?, ?, ?, ?, ?, ?, ?, default)
2026-09-04T20:14:59.429+06:00 DEBUG 18860 --- [campusconnect-backend] [  restartedMain] org.hibernate.SQL                        : 
    insert 
    into
        faculty_directory_entries
        (category, email, name, position, profile_url, thesis_level, thesis_status, id) 
    values
        (?, ?, ?, ?, ?, ?, ?, default)
Hibernate: 
    insert 
    into
        faculty_directory_entries
        (category, email, name, position, profile_url, thesis_level, thesis_status, id) 
    values
        (?, ?, ?, ?, ?, ?, ?, default)
2026-09-04T20:14:59.429+06:00 DEBUG 18860 --- [campusconnect-backend] [  restartedMain] org.hibernate.SQL                        : 
    insert 
    into
        faculty_directory_entries
        (category, email, name, position, profile_url, thesis_level, thesis_status, id) 
    values
        (?, ?, ?, ?, ?, ?, ?, default)
Hibernate: 
    insert 
    into
        faculty_directory_entries
        (category, email, name, position, profile_url, thesis_level, thesis_status, id) 
    values
        (?, ?, ?, ?, ?, ?, ?, default)
2026-09-04T20:14:59.429+06:00 DEBUG 18860 --- [campusconnect-backend] [  restartedMain] org.hibernate.SQL                        : 
    insert 
    into
        faculty_directory_entries
        (category, email, name, position, profile_url, thesis_level, thesis_status, id) 
    values
        (?, ?, ?, ?, ?, ?, ?, default)
Hibernate: 
    insert 
    into
        faculty_directory_entries
        (category, email, name, position, profile_url, thesis_level, thesis_status, id) 
    values
        (?, ?, ?, ?, ?, ?, ?, default)
2026-09-04T20:14:59.430+06:00 DEBUG 18860 --- [campusconnect-backend] [  restartedMain] org.hibernate.SQL                        : 
    insert 
    into
        faculty_directory_entries
        (category, email, name, position, profile_url, thesis_level, thesis_status, id) 
    values
        (?, ?, ?, ?, ?, ?, ?, default)
Hibernate: 
    insert 
    into
        faculty_directory_entries
        (category, email, name, position, profile_url, thesis_level, thesis_status, id) 
    values
        (?, ?, ?, ?, ?, ?, ?, default)
2026-09-04T20:14:59.430+06:00 DEBUG 18860 --- [campusconnect-backend] [  restartedMain] org.hibernate.SQL                        : 
    insert 
    into
        faculty_directory_entries
        (category, email, name, position, profile_url, thesis_level, thesis_status, id) 
    values
        (?, ?, ?, ?, ?, ?, ?, default)
Hibernate: 
    insert 
    into
        faculty_directory_entries
        (category, email, name, position, profile_url, thesis_level, thesis_status, id) 
    values
        (?, ?, ?, ?, ?, ?, ?, default)
2026-09-04T20:14:59.431+06:00 DEBUG 18860 --- [campusconnect-backend] [  restartedMain] org.hibernate.SQL                        : 
    insert 
    into
        faculty_directory_entries
        (category, email, name, position, profile_url, thesis_level, thesis_status, id) 
    values
        (?, ?, ?, ?, ?, ?, ?, default)
Hibernate: 
    insert 
    into
        faculty_directory_entries
        (category, email, name, position, profile_url, thesis_level, thesis_status, id) 
    values
        (?, ?, ?, ?, ?, ?, ?, default)
2026-09-04T20:14:59.431+06:00 DEBUG 18860 --- [campusconnect-backend] [  restartedMain] org.hibernate.SQL                        : 
    insert 
    into
        faculty_directory_entries
        (category, email, name, position, profile_url, thesis_level, thesis_status, id) 
    values
        (?, ?, ?, ?, ?, ?, ?, default)
Hibernate: 
    insert 
    into
        faculty_directory_entries
        (category, email, name, position, profile_url, thesis_level, thesis_status, id) 
    values
        (?, ?, ?, ?, ?, ?, ?, default)
2026-09-04T20:14:59.431+06:00 DEBUG 18860 --- [campusconnect-backend] [  restartedMain] org.hibernate.SQL                        : 
    insert 
    into
        faculty_directory_entries
        (category, email, name, position, profile_url, thesis_level, thesis_status, id) 
    values
        (?, ?, ?, ?, ?, ?, ?, default)
Hibernate: 
    insert 
    into
        faculty_directory_entries
        (category, email, name, position, profile_url, thesis_level, thesis_status, id) 
    values
        (?, ?, ?, ?, ?, ?, ?, default)
2026-09-04T20:14:59.432+06:00 DEBUG 18860 --- [campusconnect-backend] [  restartedMain] org.hibernate.SQL                        : 
    insert 
    into
        faculty_directory_entries
        (category, email, name, position, profile_url, thesis_level, thesis_status, id) 
    values
        (?, ?, ?, ?, ?, ?, ?, default)
Hibernate: 
    insert 
    into
        faculty_directory_entries
        (category, email, name, position, profile_url, thesis_level, thesis_status, id) 
    values
        (?, ?, ?, ?, ?, ?, ?, default)
2026-09-04T20:14:59.432+06:00 DEBUG 18860 --- [campusconnect-backend] [  restartedMain] org.hibernate.SQL                        : 
    insert 
    into
        faculty_directory_entries
        (category, email, name, position, profile_url, thesis_level, thesis_status, id) 
    values
        (?, ?, ?, ?, ?, ?, ?, default)
Hibernate: 
    insert 
    into
        faculty_directory_entries
        (category, email, name, position, profile_url, thesis_level, thesis_status, id) 
    values
        (?, ?, ?, ?, ?, ?, ?, default)
2026-09-04T20:14:59.432+06:00 DEBUG 18860 --- [campusconnect-backend] [  restartedMain] org.hibernate.SQL                        : 
    insert 
    into
        faculty_directory_entries
        (category, email, name, position, profile_url, thesis_level, thesis_status, id) 
    values
        (?, ?, ?, ?, ?, ?, ?, default)
Hibernate: 
    insert 
    into
        faculty_directory_entries
        (category, email, name, position, profile_url, thesis_level, thesis_status, id) 
    values
        (?, ?, ?, ?, ?, ?, ?, default)
2026-09-04T20:14:59.433+06:00 DEBUG 18860 --- [campusconnect-backend] [  restartedMain] org.hibernate.SQL                        : 
    insert 
    into
        faculty_directory_entries
        (category, email, name, position, profile_url, thesis_level, thesis_status, id) 
    values
        (?, ?, ?, ?, ?, ?, ?, default)
Hibernate: 
    insert 
    into
        faculty_directory_entries
        (category, email, name, position, profile_url, thesis_level, thesis_status, id) 
    values
        (?, ?, ?, ?, ?, ?, ?, default)
2026-09-04T20:14:59.433+06:00 DEBUG 18860 --- [campusconnect-backend] [  restartedMain] org.hibernate.SQL                        : 
    insert 
    into
        faculty_directory_entries
        (category, email, name, position, profile_url, thesis_level, thesis_status, id) 
    values
        (?, ?, ?, ?, ?, ?, ?, default)
Hibernate: 
    insert 
    into
        faculty_directory_entries
        (category, email, name, position, profile_url, thesis_level, thesis_status, id) 
    values
        (?, ?, ?, ?, ?, ?, ?, default)
2026-09-04T20:14:59.433+06:00 DEBUG 18860 --- [campusconnect-backend] [  restartedMain] org.hibernate.SQL                        : 
    insert 
    into
        faculty_directory_entries
        (category, email, name, position, profile_url, thesis_level, thesis_status, id) 
    values
        (?, ?, ?, ?, ?, ?, ?, default)
Hibernate: 
    insert 
    into
        faculty_directory_entries
        (category, email, name, position, profile_url, thesis_level, thesis_status, id) 
    values
        (?, ?, ?, ?, ?, ?, ?, default)
2026-09-04T20:14:59.433+06:00 DEBUG 18860 --- [campusconnect-backend] [  restartedMain] org.hibernate.SQL                        : 
    insert 
    into
        faculty_directory_entries
        (category, email, name, position, profile_url, thesis_level, thesis_status, id) 
    values
        (?, ?, ?, ?, ?, ?, ?, default)
Hibernate: 
    insert 
    into
        faculty_directory_entries
        (category, email, name, position, profile_url, thesis_level, thesis_status, id) 
    values
        (?, ?, ?, ?, ?, ?, ?, default)
2026-09-04T20:14:59.435+06:00 DEBUG 18860 --- [campusconnect-backend] [  restartedMain] org.hibernate.SQL                        : 
    insert 
    into
        faculty_directory_entries
        (category, email, name, position, profile_url, thesis_level, thesis_status, id) 
    values
        (?, ?, ?, ?, ?, ?, ?, default)
Hibernate: 
    insert 
    into
        faculty_directory_entries
        (category, email, name, position, profile_url, thesis_level, thesis_status, id) 
    values
        (?, ?, ?, ?, ?, ?, ?, default)
2026-09-04T20:14:59.435+06:00 DEBUG 18860 --- [campusconnect-backend] [  restartedMain] org.hibernate.SQL                        : 
    insert 
    into
        faculty_directory_entries
        (category, email, name, position, profile_url, thesis_level, thesis_status, id) 
    values
        (?, ?, ?, ?, ?, ?, ?, default)
Hibernate: 
    insert 
    into
        faculty_directory_entries
        (category, email, name, position, profile_url, thesis_level, thesis_status, id) 
    values
        (?, ?, ?, ?, ?, ?, ?, default)
2026-09-04T20:14:59.435+06:00 DEBUG 18860 --- [campusconnect-backend] [  restartedMain] org.hibernate.SQL                        : 
    insert 
    into
        faculty_directory_entries
        (category, email, name, position, profile_url, thesis_level, thesis_status, id) 
    values
        (?, ?, ?, ?, ?, ?, ?, default)
Hibernate: 
    insert 
    into
        faculty_directory_entries
        (category, email, name, position, profile_url, thesis_level, thesis_status, id) 
    values
        (?, ?, ?, ?, ?, ?, ?, default)
2026-09-04T20:14:59.435+06:00 DEBUG 18860 --- [campusconnect-backend] [  restartedMain] org.hibernate.SQL                        : 
    insert 
    into
        faculty_directory_entries
        (category, email, name, position, profile_url, thesis_level, thesis_status, id) 
    values
        (?, ?, ?, ?, ?, ?, ?, default)
Hibernate: 
    insert 
    into
        faculty_directory_entries
        (category, email, name, position, profile_url, thesis_level, thesis_status, id) 
    values
        (?, ?, ?, ?, ?, ?, ?, default)
2026-09-04T20:14:59.436+06:00 DEBUG 18860 --- [campusconnect-backend] [  restartedMain] org.hibernate.SQL                        : 
    insert 
    into
        faculty_directory_entries
        (category, email, name, position, profile_url, thesis_level, thesis_status, id) 
    values
        (?, ?, ?, ?, ?, ?, ?, default)
Hibernate: 
    insert 
    into
        faculty_directory_entries
        (category, email, name, position, profile_url, thesis_level, thesis_status, id) 
    values
        (?, ?, ?, ?, ?, ?, ?, default)
2026-09-04T20:14:59.436+06:00 DEBUG 18860 --- [campusconnect-backend] [  restartedMain] org.hibernate.SQL                        : 
    insert 
    into
        faculty_directory_entries
        (category, email, name, position, profile_url, thesis_level, thesis_status, id) 
    values
        (?, ?, ?, ?, ?, ?, ?, default)
Hibernate: 
    insert 
    into
        faculty_directory_entries
        (category, email, name, position, profile_url, thesis_level, thesis_status, id) 
    values
        (?, ?, ?, ?, ?, ?, ?, default)
2026-09-04T20:14:59.437+06:00 DEBUG 18860 --- [campusconnect-backend] [  restartedMain] org.hibernate.SQL                        : 
    insert 
    into
        faculty_directory_entries
        (category, email, name, position, profile_url, thesis_level, thesis_status, id) 
    values
        (?, ?, ?, ?, ?, ?, ?, default)
Hibernate: 
    insert 
    into
        faculty_directory_entries
        (category, email, name, position, profile_url, thesis_level, thesis_status, id) 
    values
        (?, ?, ?, ?, ?, ?, ?, default)
2026-09-04T20:14:59.438+06:00 DEBUG 18860 --- [campusconnect-backend] [  restartedMain] org.hibernate.SQL                        : 
    insert 
    into
        faculty_directory_entries
        (category, email, name, position, profile_url, thesis_level, thesis_status, id) 
    values
        (?, ?, ?, ?, ?, ?, ?, default)
Hibernate: 
    insert 
    into
        faculty_directory_entries
        (category, email, name, position, profile_url, thesis_level, thesis_status, id) 
    values
        (?, ?, ?, ?, ?, ?, ?, default)
2026-09-04T20:14:59.438+06:00 DEBUG 18860 --- [campusconnect-backend] [  restartedMain] org.hibernate.SQL                        : 
    insert 
    into
        faculty_directory_entries
        (category, email, name, position, profile_url, thesis_level, thesis_status, id) 
    values
        (?, ?, ?, ?, ?, ?, ?, default)
Hibernate: 
    insert 
    into
        faculty_directory_entries
        (category, email, name, position, profile_url, thesis_level, thesis_status, id) 
    values
        (?, ?, ?, ?, ?, ?, ?, default)
2026-09-04T20:14:59.438+06:00 DEBUG 18860 --- [campusconnect-backend] [  restartedMain] org.hibernate.SQL                        : 
    insert 
    into
        faculty_directory_entries
        (category, email, name, position, profile_url, thesis_level, thesis_status, id) 
    values
        (?, ?, ?, ?, ?, ?, ?, default)
Hibernate: 
    insert 
    into
        faculty_directory_entries
        (category, email, name, position, profile_url, thesis_level, thesis_status, id) 
    values
        (?, ?, ?, ?, ?, ?, ?, default)
2026-09-04T20:14:59.439+06:00 DEBUG 18860 --- [campusconnect-backend] [  restartedMain] org.hibernate.SQL                        : 
    insert 
    into
        faculty_directory_entries
        (category, email, name, position, profile_url, thesis_level, thesis_status, id) 
    values
        (?, ?, ?, ?, ?, ?, ?, default)
Hibernate: 
    insert 
    into
        faculty_directory_entries
        (category, email, name, position, profile_url, thesis_level, thesis_status, id) 
    values
        (?, ?, ?, ?, ?, ?, ?, default)
2026-09-04T20:14:59.439+06:00 DEBUG 18860 --- [campusconnect-backend] [  restartedMain] org.hibernate.SQL                        : 
    insert 
    into
        faculty_directory_entries
        (category, email, name, position, profile_url, thesis_level, thesis_status, id) 
    values
        (?, ?, ?, ?, ?, ?, ?, default)
Hibernate: 
    insert 
    into
        faculty_directory_entries
        (category, email, name, position, profile_url, thesis_level, thesis_status, id) 
    values
        (?, ?, ?, ?, ?, ?, ?, default)
2026-09-04T20:14:59.441+06:00 DEBUG 18860 --- [campusconnect-backend] [  restartedMain] org.hibernate.SQL                        : 
    insert 
    into
        faculty_directory_entries
        (category, email, name, position, profile_url, thesis_level, thesis_status, id) 
    values
        (?, ?, ?, ?, ?, ?, ?, default)
Hibernate: 
    insert 
    into
        faculty_directory_entries
        (category, email, name, position, profile_url, thesis_level, thesis_status, id) 
    values
        (?, ?, ?, ?, ?, ?, ?, default)
2026-09-04T20:14:59.441+06:00 DEBUG 18860 --- [campusconnect-backend] [  restartedMain] org.hibernate.SQL                        : 
    insert 
    into
        faculty_directory_entries
        (category, email, name, position, profile_url, thesis_level, thesis_status, id) 
    values
        (?, ?, ?, ?, ?, ?, ?, default)
Hibernate: 
    insert 
    into
        faculty_directory_entries
        (category, email, name, position, profile_url, thesis_level, thesis_status, id) 
    values
        (?, ?, ?, ?, ?, ?, ?, default)
2026-09-04T20:14:59.442+06:00 DEBUG 18860 --- [campusconnect-backend] [  restartedMain] org.hibernate.SQL                        : 
    insert 
    into
        faculty_directory_entries
        (category, email, name, position, profile_url, thesis_level, thesis_status, id) 
    values
        (?, ?, ?, ?, ?, ?, ?, default)
Hibernate: 
    insert 
    into
        faculty_directory_entries
        (category, email, name, position, profile_url, thesis_level, thesis_status, id) 
    values
        (?, ?, ?, ?, ?, ?, ?, default)
2026-09-04T20:14:59.442+06:00 DEBUG 18860 --- [campusconnect-backend] [  restartedMain] org.hibernate.SQL                        : 
    insert 
    into
        faculty_directory_entries
        (category, email, name, position, profile_url, thesis_level, thesis_status, id) 
    values
        (?, ?, ?, ?, ?, ?, ?, default)
Hibernate: 
    insert 
    into
        faculty_directory_entries
        (category, email, name, position, profile_url, thesis_level, thesis_status, id) 
    values
        (?, ?, ?, ?, ?, ?, ?, default)
2026-09-04T20:14:59.443+06:00 DEBUG 18860 --- [campusconnect-backend] [  restartedMain] org.hibernate.SQL                        : 
    insert 
    into
        faculty_directory_entries
        (category, email, name, position, profile_url, thesis_level, thesis_status, id) 
    values
        (?, ?, ?, ?, ?, ?, ?, default)
Hibernate: 
    insert 
    into
        faculty_directory_entries
        (category, email, name, position, profile_url, thesis_level, thesis_status, id) 
    values
        (?, ?, ?, ?, ?, ?, ?, default)
2026-09-04T20:14:59.443+06:00 DEBUG 18860 --- [campusconnect-backend] [  restartedMain] org.hibernate.SQL                        : 
    insert 
    into
        faculty_directory_entries
        (category, email, name, position, profile_url, thesis_level, thesis_status, id) 
    values
        (?, ?, ?, ?, ?, ?, ?, default)
Hibernate: 
    insert 
    into
        faculty_directory_entries
        (category, email, name, position, profile_url, thesis_level, thesis_status, id) 
    values
        (?, ?, ?, ?, ?, ?, ?, default)
2026-09-04T20:14:59.444+06:00 DEBUG 18860 --- [campusconnect-backend] [  restartedMain] org.hibernate.SQL                        : 
    insert 
    into
        faculty_directory_entries
        (category, email, name, position, profile_url, thesis_level, thesis_status, id) 
    values
        (?, ?, ?, ?, ?, ?, ?, default)
Hibernate: 
    insert 
    into
        faculty_directory_entries
        (category, email, name, position, profile_url, thesis_level, thesis_status, id) 
    values
        (?, ?, ?, ?, ?, ?, ?, default)
2026-09-04T20:14:59.444+06:00 DEBUG 18860 --- [campusconnect-backend] [  restartedMain] org.hibernate.SQL                        : 
    insert 
    into
        faculty_directory_entries
        (category, email, name, position, profile_url, thesis_level, thesis_status, id) 
    values
        (?, ?, ?, ?, ?, ?, ?, default)
Hibernate: 
    insert 
    into
        faculty_directory_entries
        (category, email, name, position, profile_url, thesis_level, thesis_status, id) 
    values
        (?, ?, ?, ?, ?, ?, ?, default)
2026-09-04T20:14:59.445+06:00 DEBUG 18860 --- [campusconnect-backend] [  restartedMain] org.hibernate.SQL                        : 
    insert 
    into
        faculty_directory_entries
        (category, email, name, position, profile_url, thesis_level, thesis_status, id) 
    values
        (?, ?, ?, ?, ?, ?, ?, default)
Hibernate: 
    insert 
    into
        faculty_directory_entries
        (category, email, name, position, profile_url, thesis_level, thesis_status, id) 
    values
        (?, ?, ?, ?, ?, ?, ?, default)
2026-09-04T20:14:59.445+06:00 DEBUG 18860 --- [campusconnect-backend] [  restartedMain] org.hibernate.SQL                        : 
    insert 
    into
        faculty_directory_entries
        (category, email, name, position, profile_url, thesis_level, thesis_status, id) 
    values
        (?, ?, ?, ?, ?, ?, ?, default)
Hibernate: 
    insert 
    into
        faculty_directory_entries
        (category, email, name, position, profile_url, thesis_level, thesis_status, id) 
    values
        (?, ?, ?, ?, ?, ?, ?, default)
2026-09-04T20:14:59.445+06:00 DEBUG 18860 --- [campusconnect-backend] [  restartedMain] org.hibernate.SQL                        : 
    insert 
    into
        faculty_directory_entries
        (category, email, name, position, profile_url, thesis_level, thesis_status, id) 
    values
        (?, ?, ?, ?, ?, ?, ?, default)
Hibernate: 
    insert 
    into
        faculty_directory_entries
        (category, email, name, position, profile_url, thesis_level, thesis_status, id) 
    values
        (?, ?, ?, ?, ?, ?, ?, default)
2026-09-04T20:14:59.446+06:00 DEBUG 18860 --- [campusconnect-backend] [  restartedMain] org.hibernate.SQL                        : 
    insert 
    into
        faculty_directory_entries
        (category, email, name, position, profile_url, thesis_level, thesis_status, id) 
    values
        (?, ?, ?, ?, ?, ?, ?, default)
Hibernate: 
    insert 
    into
        faculty_directory_entries
        (category, email, name, position, profile_url, thesis_level, thesis_status, id) 
    values
        (?, ?, ?, ?, ?, ?, ?, default)
2026-09-04T20:14:59.446+06:00 DEBUG 18860 --- [campusconnect-backend] [  restartedMain] org.hibernate.SQL                        : 
    insert 
    into
        faculty_directory_entries
        (category, email, name, position, profile_url, thesis_level, thesis_status, id) 
    values
        (?, ?, ?, ?, ?, ?, ?, default)
Hibernate: 
    insert 
    into
        faculty_directory_entries
        (category, email, name, position, profile_url, thesis_level, thesis_status, id) 
    values
        (?, ?, ?, ?, ?, ?, ?, default)
2026-09-04T20:14:59.447+06:00 DEBUG 18860 --- [campusconnect-backend] [  restartedMain] org.hibernate.SQL                        : 
    insert 
    into
        faculty_directory_entries
        (category, email, name, position, profile_url, thesis_level, thesis_status, id) 
    values
        (?, ?, ?, ?, ?, ?, ?, default)
Hibernate: 
    insert 
    into
        faculty_directory_entries
        (category, email, name, position, profile_url, thesis_level, thesis_status, id) 
    values
        (?, ?, ?, ?, ?, ?, ?, default)
2026-09-04T20:14:59.447+06:00 DEBUG 18860 --- [campusconnect-backend] [  restartedMain] org.hibernate.SQL                        : 
    insert 
    into
        faculty_directory_entries
        (category, email, name, position, profile_url, thesis_level, thesis_status, id) 
    values
        (?, ?, ?, ?, ?, ?, ?, default)
Hibernate: 
    insert 
    into
        faculty_directory_entries
        (category, email, name, position, profile_url, thesis_level, thesis_status, id) 
    values
        (?, ?, ?, ?, ?, ?, ?, default)
2026-09-04T20:14:59.448+06:00 DEBUG 18860 --- [campusconnect-backend] [  restartedMain] org.hibernate.SQL                        : 
    insert 
    into
        faculty_directory_entries
        (category, email, name, position, profile_url, thesis_level, thesis_status, id) 
    values
        (?, ?, ?, ?, ?, ?, ?, default)
Hibernate: 
    insert 
    into
        faculty_directory_entries
        (category, email, name, position, profile_url, thesis_level, thesis_status, id) 
    values
        (?, ?, ?, ?, ?, ?, ?, default)
2026-09-04T20:14:59.448+06:00 DEBUG 18860 --- [campusconnect-backend] [  restartedMain] org.hibernate.SQL                        : 
    insert 
    into
        faculty_directory_entries
        (category, email, name, position, profile_url, thesis_level, thesis_status, id) 
    values
        (?, ?, ?, ?, ?, ?, ?, default)
Hibernate: 
    insert 
    into
        faculty_directory_entries
        (category, email, name, position, profile_url, thesis_level, thesis_status, id) 
    values
        (?, ?, ?, ?, ?, ?, ?, default)
2026-09-04T20:14:59.448+06:00 DEBUG 18860 --- [campusconnect-backend] [  restartedMain] org.hibernate.SQL                        : 
    insert 
    into
        faculty_directory_entries
        (category, email, name, position, profile_url, thesis_level, thesis_status, id) 
    values
        (?, ?, ?, ?, ?, ?, ?, default)
Hibernate: 
    insert 
    into
        faculty_directory_entries
        (category, email, name, position, profile_url, thesis_level, thesis_status, id) 
    values
        (?, ?, ?, ?, ?, ?, ?, default)
2026-09-04T20:14:59.449+06:00 DEBUG 18860 --- [campusconnect-backend] [  restartedMain] org.hibernate.SQL                        : 
    insert 
    into
        faculty_directory_entries
        (category, email, name, position, profile_url, thesis_level, thesis_status, id) 
    values
        (?, ?, ?, ?, ?, ?, ?, default)
Hibernate: 
    insert 
    into
        faculty_directory_entries
        (category, email, name, position, profile_url, thesis_level, thesis_status, id) 
    values
        (?, ?, ?, ?, ?, ?, ?, default)
2026-09-04T20:14:59.449+06:00 DEBUG 18860 --- [campusconnect-backend] [  restartedMain] org.hibernate.SQL                        : 
    insert 
    into
        faculty_directory_entries
        (category, email, name, position, profile_url, thesis_level, thesis_status, id) 
    values
        (?, ?, ?, ?, ?, ?, ?, default)
Hibernate: 
    insert 
    into
        faculty_directory_entries
        (category, email, name, position, profile_url, thesis_level, thesis_status, id) 
    values
        (?, ?, ?, ?, ?, ?, ?, default)
2026-09-04T20:14:59.449+06:00 DEBUG 18860 --- [campusconnect-backend] [  restartedMain] org.hibernate.SQL                        : 
    insert 
    into
        faculty_directory_entries
        (category, email, name, position, profile_url, thesis_level, thesis_status, id) 
    values
        (?, ?, ?, ?, ?, ?, ?, default)
Hibernate: 
    insert 
    into
        faculty_directory_entries
        (category, email, name, position, profile_url, thesis_level, thesis_status, id) 
    values
        (?, ?, ?, ?, ?, ?, ?, default)
2026-09-04T20:14:59.449+06:00 DEBUG 18860 --- [campusconnect-backend] [  restartedMain] org.hibernate.SQL                        : 
    insert 
    into
        faculty_directory_entries
        (category, email, name, position, profile_url, thesis_level, thesis_status, id) 
    values
        (?, ?, ?, ?, ?, ?, ?, default)
Hibernate: 
    insert 
    into
        faculty_directory_entries
        (category, email, name, position, profile_url, thesis_level, thesis_status, id) 
    values
        (?, ?, ?, ?, ?, ?, ?, default)
2026-09-04T20:14:59.451+06:00 DEBUG 18860 --- [campusconnect-backend] [  restartedMain] org.hibernate.SQL                        : 
    insert 
    into
        faculty_directory_entries
        (category, email, name, position, profile_url, thesis_level, thesis_status, id) 
    values
        (?, ?, ?, ?, ?, ?, ?, default)
Hibernate: 
    insert 
    into
        faculty_directory_entries
        (category, email, name, position, profile_url, thesis_level, thesis_status, id) 
    values
        (?, ?, ?, ?, ?, ?, ?, default)
2026-09-04T20:14:59.452+06:00 DEBUG 18860 --- [campusconnect-backend] [  restartedMain] org.hibernate.SQL                        : 
    insert 
    into
        faculty_directory_entries
        (category, email, name, position, profile_url, thesis_level, thesis_status, id) 
    values
        (?, ?, ?, ?, ?, ?, ?, default)
Hibernate: 
    insert 
    into
        faculty_directory_entries
        (category, email, name, position, profile_url, thesis_level, thesis_status, id) 
    values
        (?, ?, ?, ?, ?, ?, ?, default)
2026-09-04T20:14:59.452+06:00 DEBUG 18860 --- [campusconnect-backend] [  restartedMain] org.hibernate.SQL                        : 
    insert 
    into
        faculty_directory_entries
        (category, email, name, position, profile_url, thesis_level, thesis_status, id) 
    values
        (?, ?, ?, ?, ?, ?, ?, default)
Hibernate: 
    insert 
    into
        faculty_directory_entries
        (category, email, name, position, profile_url, thesis_level, thesis_status, id) 
    values
        (?, ?, ?, ?, ?, ?, ?, default)
2026-09-04T20:14:59.452+06:00 DEBUG 18860 --- [campusconnect-backend] [  restartedMain] org.hibernate.SQL                        : 
    insert 
    into
        faculty_directory_entries
        (category, email, name, position, profile_url, thesis_level, thesis_status, id) 
    values
        (?, ?, ?, ?, ?, ?, ?, default)
Hibernate: 
    insert 
    into
        faculty_directory_entries
        (category, email, name, position, profile_url, thesis_level, thesis_status, id) 
    values
        (?, ?, ?, ?, ?, ?, ?, default)
2026-09-04T20:14:59.453+06:00 DEBUG 18860 --- [campusconnect-backend] [  restartedMain] org.hibernate.SQL                        : 
    insert 
    into
        faculty_directory_entries
        (category, email, name, position, profile_url, thesis_level, thesis_status, id) 
    values
        (?, ?, ?, ?, ?, ?, ?, default)
Hibernate: 
    insert 
    into
        faculty_directory_entries
        (category, email, name, position, profile_url, thesis_level, thesis_status, id) 
    values
        (?, ?, ?, ?, ?, ?, ?, default)
2026-09-04T20:14:59.453+06:00 DEBUG 18860 --- [campusconnect-backend] [  restartedMain] org.hibernate.SQL                        : 
    insert 
    into
        faculty_directory_entries
        (category, email, name, position, profile_url, thesis_level, thesis_status, id) 
    values
        (?, ?, ?, ?, ?, ?, ?, default)
Hibernate: 
    insert 
    into
        faculty_directory_entries
        (category, email, name, position, profile_url, thesis_level, thesis_status, id) 
    values
        (?, ?, ?, ?, ?, ?, ?, default)
2026-09-04T20:14:59.453+06:00 DEBUG 18860 --- [campusconnect-backend] [  restartedMain] org.hibernate.SQL                        : 
    insert 
    into
        faculty_directory_entries
        (category, email, name, position, profile_url, thesis_level, thesis_status, id) 
    values
        (?, ?, ?, ?, ?, ?, ?, default)
Hibernate: 
    insert 
    into
        faculty_directory_entries
        (category, email, name, position, profile_url, thesis_level, thesis_status, id) 
    values
        (?, ?, ?, ?, ?, ?, ?, default)
2026-09-04T20:14:59.454+06:00 DEBUG 18860 --- [campusconnect-backend] [  restartedMain] org.hibernate.SQL                        : 
    insert 
    into
        faculty_directory_entries
        (category, email, name, position, profile_url, thesis_level, thesis_status, id) 
    values
        (?, ?, ?, ?, ?, ?, ?, default)
Hibernate: 
    insert 
    into
        faculty_directory_entries
        (category, email, name, position, profile_url, thesis_level, thesis_status, id) 
    values
        (?, ?, ?, ?, ?, ?, ?, default)
2026-09-04T20:14:59.455+06:00 DEBUG 18860 --- [campusconnect-backend] [  restartedMain] org.hibernate.SQL                        : 
    insert 
    into
        faculty_directory_entries
        (category, email, name, position, profile_url, thesis_level, thesis_status, id) 
    values
        (?, ?, ?, ?, ?, ?, ?, default)
Hibernate: 
    insert 
    into
        faculty_directory_entries
        (category, email, name, position, profile_url, thesis_level, thesis_status, id) 
    values
        (?, ?, ?, ?, ?, ?, ?, default)
2026-09-04T20:14:59.455+06:00 DEBUG 18860 --- [campusconnect-backend] [  restartedMain] org.hibernate.SQL                        : 
    insert 
    into
        faculty_directory_entries
        (category, email, name, position, profile_url, thesis_level, thesis_status, id) 
    values
        (?, ?, ?, ?, ?, ?, ?, default)
Hibernate: 
    insert 
    into
        faculty_directory_entries
        (category, email, name, position, profile_url, thesis_level, thesis_status, id) 
    values
        (?, ?, ?, ?, ?, ?, ?, default)
2026-09-04T20:14:59.456+06:00 DEBUG 18860 --- [campusconnect-backend] [  restartedMain] org.hibernate.SQL                        : 
    insert 
    into
        faculty_directory_entries
        (category, email, name, position, profile_url, thesis_level, thesis_status, id) 
    values
        (?, ?, ?, ?, ?, ?, ?, default)
Hibernate: 
    insert 
    into
        faculty_directory_entries
        (category, email, name, position, profile_url, thesis_level, thesis_status, id) 
    values
        (?, ?, ?, ?, ?, ?, ?, default)
2026-09-04T20:14:59.456+06:00 DEBUG 18860 --- [campusconnect-backend] [  restartedMain] org.hibernate.SQL                        : 
    insert 
    into
        faculty_directory_entries
        (category, email, name, position, profile_url, thesis_level, thesis_status, id) 
    values
        (?, ?, ?, ?, ?, ?, ?, default)
Hibernate: 
    insert 
    into
        faculty_directory_entries
        (category, email, name, position, profile_url, thesis_level, thesis_status, id) 
    values
        (?, ?, ?, ?, ?, ?, ?, default)
2026-09-04T20:14:59.457+06:00 DEBUG 18860 --- [campusconnect-backend] [  restartedMain] org.hibernate.SQL                        : 
    insert 
    into
        faculty_directory_entries
        (category, email, name, position, profile_url, thesis_level, thesis_status, id) 
    values
        (?, ?, ?, ?, ?, ?, ?, default)
Hibernate: 
    insert 
    into
        faculty_directory_entries
        (category, email, name, position, profile_url, thesis_level, thesis_status, id) 
    values
        (?, ?, ?, ?, ?, ?, ?, default)
2026-09-04T20:14:59.457+06:00 DEBUG 18860 --- [campusconnect-backend] [  restartedMain] org.hibernate.SQL                        : 
    insert 
    into
        faculty_directory_entries
        (category, email, name, position, profile_url, thesis_level, thesis_status, id) 
    values
        (?, ?, ?, ?, ?, ?, ?, default)
Hibernate: 
    insert 
    into
        faculty_directory_entries
        (category, email, name, position, profile_url, thesis_level, thesis_status, id) 
    values
        (?, ?, ?, ?, ?, ?, ?, default)
2026-09-04T20:14:59.457+06:00 DEBUG 18860 --- [campusconnect-backend] [  restartedMain] org.hibernate.SQL                        : 
    insert 
    into
        faculty_directory_entries
        (category, email, name, position, profile_url, thesis_level, thesis_status, id) 
    values
        (?, ?, ?, ?, ?, ?, ?, default)
Hibernate: 
    insert 
    into
        faculty_directory_entries
        (category, email, name, position, profile_url, thesis_level, thesis_status, id) 
    values
        (?, ?, ?, ?, ?, ?, ?, default)
2026-09-04T20:14:59.458+06:00 DEBUG 18860 --- [campusconnect-backend] [  restartedMain] org.hibernate.SQL                        : 
    insert 
    into
        faculty_directory_entries
        (category, email, name, position, profile_url, thesis_level, thesis_status, id) 
    values
        (?, ?, ?, ?, ?, ?, ?, default)
Hibernate: 
    insert 
    into
        faculty_directory_entries
        (category, email, name, position, profile_url, thesis_level, thesis_status, id) 
    values
        (?, ?, ?, ?, ?, ?, ?, default)
2026-09-04T20:14:59.458+06:00 DEBUG 18860 --- [campusconnect-backend] [  restartedMain] org.hibernate.SQL                        : 
    insert 
    into
        faculty_directory_entries
        (category, email, name, position, profile_url, thesis_level, thesis_status, id) 
    values
        (?, ?, ?, ?, ?, ?, ?, default)
Hibernate: 
    insert 
    into
        faculty_directory_entries
        (category, email, name, position, profile_url, thesis_level, thesis_status, id) 
    values
        (?, ?, ?, ?, ?, ?, ?, default)
2026-09-04T20:14:59.458+06:00 DEBUG 18860 --- [campusconnect-backend] [  restartedMain] org.hibernate.SQL                        : 
    insert 
    into
        faculty_directory_entries
        (category, email, name, position, profile_url, thesis_level, thesis_status, id) 
    values
        (?, ?, ?, ?, ?, ?, ?, default)
Hibernate: 
    insert 
    into
        faculty_directory_entries
        (category, email, name, position, profile_url, thesis_level, thesis_status, id) 
    values
        (?, ?, ?, ?, ?, ?, ?, default)
2026-09-04T20:14:59.458+06:00 DEBUG 18860 --- [campusconnect-backend] [  restartedMain] org.hibernate.SQL                        : 
    insert 
    into
        faculty_directory_entries
        (category, email, name, position, profile_url, thesis_level, thesis_status, id) 
    values
        (?, ?, ?, ?, ?, ?, ?, default)
Hibernate: 
    insert 
    into
        faculty_directory_entries
        (category, email, name, position, profile_url, thesis_level, thesis_status, id) 
    values
        (?, ?, ?, ?, ?, ?, ?, default)
2026-09-04T20:14:59.476+06:00 DEBUG 18860 --- [campusconnect-backend] [  restartedMain] org.hibernate.SQL                        : 
    select
        count(*) 
    from
        payment_records pr1_0
Hibernate: 
    select
        count(*) 
    from
        payment_records pr1_0
2026-09-04T20:14:59.478+06:00  INFO 18860 --- [campusconnect-backend] [  restartedMain] c.c.backend.service.PaymentService       : Seeding initial student payment history records...
2026-09-04T20:14:59.478+06:00 DEBUG 18860 --- [campusconnect-backend] [  restartedMain] org.hibernate.SQL                        : 
    insert 
    into
        payment_records
        (amount_in_words, bank_name, created_at, department, gross_payable, items_json, net_payable, paid_at, payment_method, payment_status, receipt_number, semester_fee, student_id, student_name, term, total_course_fee, transaction_id, id) 
    values
        (?, ?, ?, ?, ?, ?, ?, ?, ?, ?, ?, ?, ?, ?, ?, ?, ?, default)
Hibernate: 
    insert 
    into
        payment_records
        (amount_in_words, bank_name, created_at, department, gross_payable, items_json, net_payable, paid_at, payment_method, payment_status, receipt_number, semester_fee, student_id, student_name, term, total_course_fee, transaction_id, id) 
    values
        (?, ?, ?, ?, ?, ?, ?, ?, ?, ?, ?, ?, ?, ?, ?, ?, ?, default)
2026-09-04T20:14:59.480+06:00 DEBUG 18860 --- [campusconnect-backend] [  restartedMain] org.hibernate.SQL                        : 
    insert 
    into
        payment_records
        (amount_in_words, bank_name, created_at, department, gross_payable, items_json, net_payable, paid_at, payment_method, payment_status, receipt_number, semester_fee, student_id, student_name, term, total_course_fee, transaction_id, id) 
    values
        (?, ?, ?, ?, ?, ?, ?, ?, ?, ?, ?, ?, ?, ?, ?, ?, ?, default)
Hibernate: 
    insert 
    into
        payment_records
        (amount_in_words, bank_name, created_at, department, gross_payable, items_json, net_payable, paid_at, payment_method, payment_status, receipt_number, semester_fee, student_id, student_name, term, total_course_fee, transaction_id, id) 
    values
        (?, ?, ?, ?, ?, ?, ?, ?, ?, ?, ?, ?, ?, ?, ?, ?, ?, default)
2026-09-04T20:14:59.481+06:00 DEBUG 18860 --- [campusconnect-backend] [  restartedMain] org.hibernate.SQL                        : 
    select
        count(*) 
    from
        payment_records pr1_0
Hibernate: 
    select
        count(*) 
    from
        payment_records pr1_0
2026-09-04T20:14:59.482+06:00  INFO 18860 --- [campusconnect-backend] [  restartedMain] c.c.backend.service.PaymentService       : Seeded 2 payment history records.
2026-09-04T20:14:59.551+06:00  WARN 18860 --- [campusconnect-backend] [  restartedMain] JpaBaseConfiguration$JpaWebConfiguration : spring.jpa.open-in-view is enabled by default. Therefore, database queries may be performed during view rendering. Explicitly configure spring.jpa.open-in-view to disable this warning
2026-09-04T20:14:59.563+06:00  WARN 18860 --- [campusconnect-backend] [  restartedMain] .s.s.UserDetailsServiceAutoConfiguration : 

Using generated security password: 5976fbed-c70b-48aa-a0d2-ae868daa3b94

This generated password is for development use only. Your security configuration must be updated before running your application in production.

2026-09-04T20:14:59.565+06:00  INFO 18860 --- [campusconnect-backend] [  restartedMain] r$InitializeUserDetailsManagerConfigurer : Global AuthenticationManager configured with UserDetailsService bean with name inMemoryUserDetailsManager
2026-09-04T20:14:59.658+06:00 DEBUG 18860 --- [campusconnect-backend] [  restartedMain] o.s.s.web.DefaultSecurityFilterChain     : Will secure any request with filters: DisableEncodeUrlFilter, WebAsyncManagerIntegrationFilter, SecurityContextHolderFilter, HeaderWriterFilter, CorsFilter, LogoutFilter, JwtAuthFilter, RequestCacheAwareFilter, SecurityContextHolderAwareRequestFilter, AnonymousAuthenticationFilter, SessionManagementFilter, ExceptionTranslationFilter, AuthorizationFilter
2026-09-04T20:14:59.822+06:00  INFO 18860 --- [campusconnect-backend] [  restartedMain] o.s.b.d.a.OptionalLiveReloadServer       : LiveReload server is running on port 35729
2026-09-04T20:14:59.835+06:00  INFO 18860 --- [campusconnect-backend] [  restartedMain] o.s.b.w.embedded.tomcat.TomcatWebServer  : Tomcat started on port 8080 (http) with context path '/'
2026-09-04T20:14:59.836+06:00  INFO 18860 --- [campusconnect-backend] [  restartedMain] o.s.m.s.b.SimpleBrokerMessageHandler     : Starting...
2026-09-04T20:14:59.837+06:00  INFO 18860 --- [campusconnect-backend] [  restartedMain] o.s.m.s.b.SimpleBrokerMessageHandler     : BrokerAvailabilityEvent[available=true, SimpleBrokerMessageHandler [org.springframework.messaging.simp.broker.DefaultSubscriptionRegistry@523f9fc2]]
2026-09-04T20:14:59.837+06:00  INFO 18860 --- [campusconnect-backend] [  restartedMain] o.s.m.s.b.SimpleBrokerMessageHandler     : Started.
2026-09-04T20:14:59.843+06:00  INFO 18860 --- [campusconnect-backend] [  restartedMain] c.c.backend.BackendApplication           : Started BackendApplication in 5.49 seconds (process running for 1438.07)
2026-09-04T20:14:59.846+06:00 DEBUG 18860 --- [campusconnect-backend] [  restartedMain] org.hibernate.SQL                        : 
    select
        au1_0.id,
        au1_0.active,
        au1_0.created_at,
        au1_0.email,
        au1_0.full_name,
        au1_0.is_advisor,
        au1_0.password_hash,
        au1_0.reminder_hours,
        au1_0.role,
        au1_0.user_id 
    from
        app_users au1_0 
    where
        au1_0.user_id=?
Hibernate: 
    select
        au1_0.id,
        au1_0.active,
        au1_0.created_at,
        au1_0.email,
        au1_0.full_name,
        au1_0.is_advisor,
        au1_0.password_hash,
        au1_0.reminder_hours,
        au1_0.role,
        au1_0.user_id 
    from
        app_users au1_0 
    where
        au1_0.user_id=?
2026-09-04T20:14:59.848+06:00 DEBUG 18860 --- [campusconnect-backend] [  restartedMain] org.hibernate.SQL                        : 
    select
        count(*) 
    from
        student_profiles sp1_0 
    where
        sp1_0.student_id=?
Hibernate: 
    select
        count(*) 
    from
        student_profiles sp1_0 
    where
        sp1_0.student_id=?
2026-09-04T20:14:59.850+06:00 DEBUG 18860 --- [campusconnect-backend] [  restartedMain] org.hibernate.SQL                        : 
    select
        sp1_0.student_id,
        sp1_0.advising_confirmed,
        sp1_0.advising_confirmed_at,
        sp1_0.cgpa,
        sp1_0.completed_courses,
        sp1_0.completed_credits,
        sp1_0.department,
        sp1_0.email,
        sp1_0.on_probation,
        sp1_0.student_name,
        sp1_0.year,
        ac1_0.student_id,
        ac1_0.id,
        ac1_0.assigned_at,
        ac1_0.assigned_by,
        ac1_0.course_code,
        ac1_0.course_title,
        ac1_0.credits,
        ac1_0.faculty,
        ac1_0.room,
        ac1_0.section,
        ac1_0.section_id,
        ac1_0.term,
        ac1_0.time 
    from
        student_profiles sp1_0 
    left join
        advised_courses ac1_0 
            on sp1_0.student_id=ac1_0.student_id 
    where
        sp1_0.student_id=?
Hibernate: 
    select
        sp1_0.student_id,
        sp1_0.advising_confirmed,
        sp1_0.advising_confirmed_at,
        sp1_0.cgpa,
        sp1_0.completed_courses,
        sp1_0.completed_credits,
        sp1_0.department,
        sp1_0.email,
        sp1_0.on_probation,
        sp1_0.student_name,
        sp1_0.year,
        ac1_0.student_id,
        ac1_0.id,
        ac1_0.assigned_at,
        ac1_0.assigned_by,
        ac1_0.course_code,
        ac1_0.course_title,
        ac1_0.credits,
        ac1_0.faculty,
        ac1_0.room,
        ac1_0.section,
        ac1_0.section_id,
        ac1_0.term,
        ac1_0.time 
    from
        student_profiles sp1_0 
    left join
        advised_courses ac1_0 
            on sp1_0.student_id=ac1_0.student_id 
    where
        sp1_0.student_id=?
2026-09-04T20:14:59.852+06:00 DEBUG 18860 --- [campusconnect-backend] [  restartedMain] org.hibernate.SQL                        : 
    insert 
    into
        student_profiles
        (advising_confirmed, advising_confirmed_at, cgpa, completed_courses, completed_credits, department, email, on_probation, student_name, year, student_id) 
    values
        (?, ?, ?, ?, ?, ?, ?, ?, ?, ?, ?)
Hibernate: 
    insert 
    into
        student_profiles
        (advising_confirmed, advising_confirmed_at, cgpa, completed_courses, completed_credits, department, email, on_probation, student_name, year, student_id) 
    values
        (?, ?, ?, ?, ?, ?, ?, ?, ?, ?, ?)
2026-09-04T20:14:59.852+06:00  INFO 18860 --- [campusconnect-backend] [  restartedMain] c.c.b.service.TestCourseDataSeeder       : [TestCourseDataSeeder] Initializing test course catalogue and faculty dataset...
2026-09-04T20:14:59.855+06:00 DEBUG 18860 --- [campusconnect-backend] [  restartedMain] org.hibernate.SQL                        : 
    select
        au1_0.id 
    from
        app_users au1_0 
    where
        au1_0.user_id=? 
    fetch
        first ? rows only
Hibernate: 
    select
        au1_0.id 
    from
        app_users au1_0 
    where
        au1_0.user_id=? 
    fetch
        first ? rows only
2026-09-04T20:15:00.168+06:00 DEBUG 18860 --- [campusconnect-backend] [  restartedMain] org.hibernate.SQL                        : 
    insert 
    into
        app_users
        (active, created_at, email, full_name, is_advisor, password_hash, reminder_hours, role, user_id, id) 
    values
        (?, ?, ?, ?, ?, ?, ?, ?, ?, default)
Hibernate: 
    insert 
    into
        app_users
        (active, created_at, email, full_name, is_advisor, password_hash, reminder_hours, role, user_id, id) 
    values
        (?, ?, ?, ?, ?, ?, ?, ?, ?, default)
2026-09-04T20:15:00.169+06:00  INFO 18860 --- [campusconnect-backend] [  restartedMain] c.c.b.service.TestCourseDataSeeder       : [TestCourseDataSeeder] Created faculty login user account: FAC101 (sadia.rahman@campus.edu)
2026-09-04T20:15:00.172+06:00 DEBUG 18860 --- [campusconnect-backend] [  restartedMain] org.hibernate.SQL                        : 
    select
        tf1_0.id 
    from
        test_faculties tf1_0 
    where
        tf1_0.faculty_id=? 
    fetch
        first ? rows only
Hibernate: 
    select
        tf1_0.id 
    from
        test_faculties tf1_0 
    where
        tf1_0.faculty_id=? 
    fetch
        first ? rows only
2026-09-04T20:15:00.173+06:00 DEBUG 18860 --- [campusconnect-backend] [  restartedMain] org.hibernate.SQL                        : 
    insert 
    into
        test_faculties
        (created_at, department, designation, email, faculty_id, is_advisor, name, office_room, user_id, id) 
    values
        (?, ?, ?, ?, ?, ?, ?, ?, ?, default)
Hibernate: 
    insert 
    into
        test_faculties
        (created_at, department, designation, email, faculty_id, is_advisor, name, office_room, user_id, id) 
    values
        (?, ?, ?, ?, ?, ?, ?, ?, ?, default)
2026-09-04T20:15:00.173+06:00  INFO 18860 --- [campusconnect-backend] [  restartedMain] c.c.b.service.TestCourseDataSeeder       : [TestCourseDataSeeder] Saved TestFaculty record: FAC101 - Dr. Sadia Rahman
2026-09-04T20:15:00.175+06:00 DEBUG 18860 --- [campusconnect-backend] [  restartedMain] org.hibernate.SQL                        : 
    select
        au1_0.id 
    from
        app_users au1_0 
    where
        au1_0.user_id=? 
    fetch
        first ? rows only
Hibernate: 
    select
        au1_0.id 
    from
        app_users au1_0 
    where
        au1_0.user_id=? 
    fetch
        first ? rows only
2026-09-04T20:15:00.509+06:00 DEBUG 18860 --- [campusconnect-backend] [  restartedMain] org.hibernate.SQL                        : 
    insert 
    into
        app_users
        (active, created_at, email, full_name, is_advisor, password_hash, reminder_hours, role, user_id, id) 
    values
        (?, ?, ?, ?, ?, ?, ?, ?, ?, default)
Hibernate: 
    insert 
    into
        app_users
        (active, created_at, email, full_name, is_advisor, password_hash, reminder_hours, role, user_id, id) 
    values
        (?, ?, ?, ?, ?, ?, ?, ?, ?, default)
2026-09-04T20:15:00.513+06:00  INFO 18860 --- [campusconnect-backend] [  restartedMain] c.c.b.service.TestCourseDataSeeder       : [TestCourseDataSeeder] Created faculty login user account: FAC102 (tanvir.ahmed@campus.edu)
2026-09-04T20:15:00.515+06:00 DEBUG 18860 --- [campusconnect-backend] [  restartedMain] org.hibernate.SQL                        : 
    select
        tf1_0.id 
    from
        test_faculties tf1_0 
    where
        tf1_0.faculty_id=? 
    fetch
        first ? rows only
Hibernate: 
    select
        tf1_0.id 
    from
        test_faculties tf1_0 
    where
        tf1_0.faculty_id=? 
    fetch
        first ? rows only
2026-09-04T20:15:00.516+06:00 DEBUG 18860 --- [campusconnect-backend] [  restartedMain] org.hibernate.SQL                        : 
    insert 
    into
        test_faculties
        (created_at, department, designation, email, faculty_id, is_advisor, name, office_room, user_id, id) 
    values
        (?, ?, ?, ?, ?, ?, ?, ?, ?, default)
Hibernate: 
    insert 
    into
        test_faculties
        (created_at, department, designation, email, faculty_id, is_advisor, name, office_room, user_id, id) 
    values
        (?, ?, ?, ?, ?, ?, ?, ?, ?, default)
2026-09-04T20:15:00.516+06:00  INFO 18860 --- [campusconnect-backend] [  restartedMain] c.c.b.service.TestCourseDataSeeder       : [TestCourseDataSeeder] Saved TestFaculty record: FAC102 - Dr. Tanvir Ahmed
2026-09-04T20:15:00.517+06:00 DEBUG 18860 --- [campusconnect-backend] [  restartedMain] org.hibernate.SQL                        : 
    select
        au1_0.id 
    from
        app_users au1_0 
    where
        au1_0.user_id=? 
    fetch
        first ? rows only
Hibernate: 
    select
        au1_0.id 
    from
        app_users au1_0 
    where
        au1_0.user_id=? 
    fetch
        first ? rows only
2026-09-04T20:15:00.878+06:00 DEBUG 18860 --- [campusconnect-backend] [  restartedMain] org.hibernate.SQL                        : 
    insert 
    into
        app_users
        (active, created_at, email, full_name, is_advisor, password_hash, reminder_hours, role, user_id, id) 
    values
        (?, ?, ?, ?, ?, ?, ?, ?, ?, default)
Hibernate: 
    insert 
    into
        app_users
        (active, created_at, email, full_name, is_advisor, password_hash, reminder_hours, role, user_id, id) 
    values
        (?, ?, ?, ?, ?, ?, ?, ?, ?, default)
2026-09-04T20:15:00.879+06:00  INFO 18860 --- [campusconnect-backend] [  restartedMain] c.c.b.service.TestCourseDataSeeder       : [TestCourseDataSeeder] Created faculty login user account: FAC103 (nusrat.jahan@campus.edu)
2026-09-04T20:15:00.881+06:00 DEBUG 18860 --- [campusconnect-backend] [  restartedMain] org.hibernate.SQL                        : 
    select
        tf1_0.id 
    from
        test_faculties tf1_0 
    where
        tf1_0.faculty_id=? 
    fetch
        first ? rows only
Hibernate: 
    select
        tf1_0.id 
    from
        test_faculties tf1_0 
    where
        tf1_0.faculty_id=? 
    fetch
        first ? rows only
2026-09-04T20:15:00.881+06:00 DEBUG 18860 --- [campusconnect-backend] [  restartedMain] org.hibernate.SQL                        : 
    insert 
    into
        test_faculties
        (created_at, department, designation, email, faculty_id, is_advisor, name, office_room, user_id, id) 
    values
        (?, ?, ?, ?, ?, ?, ?, ?, ?, default)
Hibernate: 
    insert 
    into
        test_faculties
        (created_at, department, designation, email, faculty_id, is_advisor, name, office_room, user_id, id) 
    values
        (?, ?, ?, ?, ?, ?, ?, ?, ?, default)
2026-09-04T20:15:00.882+06:00  INFO 18860 --- [campusconnect-backend] [  restartedMain] c.c.b.service.TestCourseDataSeeder       : [TestCourseDataSeeder] Saved TestFaculty record: FAC103 - Dr. Nusrat Jahan
2026-09-04T20:15:00.883+06:00 DEBUG 18860 --- [campusconnect-backend] [  restartedMain] org.hibernate.SQL                        : 
    select
        au1_0.id 
    from
        app_users au1_0 
    where
        au1_0.user_id=? 
    fetch
        first ? rows only
Hibernate: 
    select
        au1_0.id 
    from
        app_users au1_0 
    where
        au1_0.user_id=? 
    fetch
        first ? rows only
2026-09-04T20:15:01.230+06:00 DEBUG 18860 --- [campusconnect-backend] [  restartedMain] org.hibernate.SQL                        : 
    insert 
    into
        app_users
        (active, created_at, email, full_name, is_advisor, password_hash, reminder_hours, role, user_id, id) 
    values
        (?, ?, ?, ?, ?, ?, ?, ?, ?, default)
Hibernate: 
    insert 
    into
        app_users
        (active, created_at, email, full_name, is_advisor, password_hash, reminder_hours, role, user_id, id) 
    values
        (?, ?, ?, ?, ?, ?, ?, ?, ?, default)
2026-09-04T20:15:01.232+06:00  INFO 18860 --- [campusconnect-backend] [  restartedMain] c.c.b.service.TestCourseDataSeeder       : [TestCourseDataSeeder] Created faculty login user account: FAC104 (farhan.kabir@campus.edu)
2026-09-04T20:15:01.233+06:00 DEBUG 18860 --- [campusconnect-backend] [  restartedMain] org.hibernate.SQL                        : 
    select
        tf1_0.id 
    from
        test_faculties tf1_0 
    where
        tf1_0.faculty_id=? 
    fetch
        first ? rows only
Hibernate: 
    select
        tf1_0.id 
    from
        test_faculties tf1_0 
    where
        tf1_0.faculty_id=? 
    fetch
        first ? rows only
2026-09-04T20:15:01.235+06:00 DEBUG 18860 --- [campusconnect-backend] [  restartedMain] org.hibernate.SQL                        : 
    insert 
    into
        test_faculties
        (created_at, department, designation, email, faculty_id, is_advisor, name, office_room, user_id, id) 
    values
        (?, ?, ?, ?, ?, ?, ?, ?, ?, default)
Hibernate: 
    insert 
    into
        test_faculties
        (created_at, department, designation, email, faculty_id, is_advisor, name, office_room, user_id, id) 
    values
        (?, ?, ?, ?, ?, ?, ?, ?, ?, default)
2026-09-04T20:15:01.236+06:00  INFO 18860 --- [campusconnect-backend] [  restartedMain] c.c.b.service.TestCourseDataSeeder       : [TestCourseDataSeeder] Saved TestFaculty record: FAC104 - Dr. Farhan Kabir
2026-09-04T20:15:01.237+06:00 DEBUG 18860 --- [campusconnect-backend] [  restartedMain] org.hibernate.SQL                        : 
    select
        au1_0.id 
    from
        app_users au1_0 
    where
        au1_0.user_id=? 
    fetch
        first ? rows only
Hibernate: 
    select
        au1_0.id 
    from
        app_users au1_0 
    where
        au1_0.user_id=? 
    fetch
        first ? rows only
2026-09-04T20:15:01.550+06:00 DEBUG 18860 --- [campusconnect-backend] [  restartedMain] org.hibernate.SQL                        : 
    insert 
    into
        app_users
        (active, created_at, email, full_name, is_advisor, password_hash, reminder_hours, role, user_id, id) 
    values
        (?, ?, ?, ?, ?, ?, ?, ?, ?, default)
Hibernate: 
    insert 
    into
        app_users
        (active, created_at, email, full_name, is_advisor, password_hash, reminder_hours, role, user_id, id) 
    values
        (?, ?, ?, ?, ?, ?, ?, ?, ?, default)
2026-09-04T20:15:01.551+06:00  INFO 18860 --- [campusconnect-backend] [  restartedMain] c.c.b.service.TestCourseDataSeeder       : [TestCourseDataSeeder] Created faculty login user account: FAC105 (ayesha.siddiqua@campus.edu)
2026-09-04T20:15:01.552+06:00 DEBUG 18860 --- [campusconnect-backend] [  restartedMain] org.hibernate.SQL                        : 
    select
        tf1_0.id 
    from
        test_faculties tf1_0 
    where
        tf1_0.faculty_id=? 
    fetch
        first ? rows only
Hibernate: 
    select
        tf1_0.id 
    from
        test_faculties tf1_0 
    where
        tf1_0.faculty_id=? 
    fetch
        first ? rows only
2026-09-04T20:15:01.553+06:00 DEBUG 18860 --- [campusconnect-backend] [  restartedMain] org.hibernate.SQL                        : 
    insert 
    into
        test_faculties
        (created_at, department, designation, email, faculty_id, is_advisor, name, office_room, user_id, id) 
    values
        (?, ?, ?, ?, ?, ?, ?, ?, ?, default)
Hibernate: 
    insert 
    into
        test_faculties
        (created_at, department, designation, email, faculty_id, is_advisor, name, office_room, user_id, id) 
    values
        (?, ?, ?, ?, ?, ?, ?, ?, ?, default)
2026-09-04T20:15:01.553+06:00  INFO 18860 --- [campusconnect-backend] [  restartedMain] c.c.b.service.TestCourseDataSeeder       : [TestCourseDataSeeder] Saved TestFaculty record: FAC105 - Dr. Ayesha Siddiqua
2026-09-04T20:15:01.555+06:00 DEBUG 18860 --- [campusconnect-backend] [  restartedMain] org.hibernate.SQL                        : 
    select
        au1_0.id 
    from
        app_users au1_0 
    where
        au1_0.user_id=? 
    fetch
        first ? rows only
Hibernate: 
    select
        au1_0.id 
    from
        app_users au1_0 
    where
        au1_0.user_id=? 
    fetch
        first ? rows only
2026-09-04T20:15:01.863+06:00 DEBUG 18860 --- [campusconnect-backend] [  restartedMain] org.hibernate.SQL                        : 
    insert 
    into
        app_users
        (active, created_at, email, full_name, is_advisor, password_hash, reminder_hours, role, user_id, id) 
    values
        (?, ?, ?, ?, ?, ?, ?, ?, ?, default)
Hibernate: 
    insert 
    into
        app_users
        (active, created_at, email, full_name, is_advisor, password_hash, reminder_hours, role, user_id, id) 
    values
        (?, ?, ?, ?, ?, ?, ?, ?, ?, default)
2026-09-04T20:15:01.868+06:00  INFO 18860 --- [campusconnect-backend] [  restartedMain] c.c.b.service.TestCourseDataSeeder       : [TestCourseDataSeeder] Created faculty login user account: FAC106 (rafiqul.islam@campus.edu)
2026-09-04T20:15:01.869+06:00 DEBUG 18860 --- [campusconnect-backend] [  restartedMain] org.hibernate.SQL                        : 
    select
        tf1_0.id 
    from
        test_faculties tf1_0 
    where
        tf1_0.faculty_id=? 
    fetch
        first ? rows only
Hibernate: 
    select
        tf1_0.id 
    from
        test_faculties tf1_0 
    where
        tf1_0.faculty_id=? 
    fetch
        first ? rows only
2026-09-04T20:15:01.869+06:00 DEBUG 18860 --- [campusconnect-backend] [  restartedMain] org.hibernate.SQL                        : 
    insert 
    into
        test_faculties
        (created_at, department, designation, email, faculty_id, is_advisor, name, office_room, user_id, id) 
    values
        (?, ?, ?, ?, ?, ?, ?, ?, ?, default)
Hibernate: 
    insert 
    into
        test_faculties
        (created_at, department, designation, email, faculty_id, is_advisor, name, office_room, user_id, id) 
    values
        (?, ?, ?, ?, ?, ?, ?, ?, ?, default)
2026-09-04T20:15:01.870+06:00  INFO 18860 --- [campusconnect-backend] [  restartedMain] c.c.b.service.TestCourseDataSeeder       : [TestCourseDataSeeder] Saved TestFaculty record: FAC106 - Dr. Rafiqul Islam
2026-09-04T20:15:01.871+06:00 DEBUG 18860 --- [campusconnect-backend] [  restartedMain] org.hibernate.SQL                        : 
    select
        au1_0.id 
    from
        app_users au1_0 
    where
        au1_0.user_id=? 
    fetch
        first ? rows only
Hibernate: 
    select
        au1_0.id 
    from
        app_users au1_0 
    where
        au1_0.user_id=? 
    fetch
        first ? rows only
2026-09-04T20:15:02.182+06:00 DEBUG 18860 --- [campusconnect-backend] [  restartedMain] org.hibernate.SQL                        : 
    insert 
    into
        app_users
        (active, created_at, email, full_name, is_advisor, password_hash, reminder_hours, role, user_id, id) 
    values
        (?, ?, ?, ?, ?, ?, ?, ?, ?, default)
Hibernate: 
    insert 
    into
        app_users
        (active, created_at, email, full_name, is_advisor, password_hash, reminder_hours, role, user_id, id) 
    values
        (?, ?, ?, ?, ?, ?, ?, ?, ?, default)
2026-09-04T20:15:02.186+06:00  INFO 18860 --- [campusconnect-backend] [  restartedMain] c.c.b.service.TestCourseDataSeeder       : [TestCourseDataSeeder] Created faculty login user account: FAC107 (mehedi.hasan@campus.edu)
2026-09-04T20:15:02.187+06:00 DEBUG 18860 --- [campusconnect-backend] [  restartedMain] org.hibernate.SQL                        : 
    select
        tf1_0.id 
    from
        test_faculties tf1_0 
    where
        tf1_0.faculty_id=? 
    fetch
        first ? rows only
Hibernate: 
    select
        tf1_0.id 
    from
        test_faculties tf1_0 
    where
        tf1_0.faculty_id=? 
    fetch
        first ? rows only
2026-09-04T20:15:02.188+06:00 DEBUG 18860 --- [campusconnect-backend] [  restartedMain] org.hibernate.SQL                        : 
    insert 
    into
        test_faculties
        (created_at, department, designation, email, faculty_id, is_advisor, name, office_room, user_id, id) 
    values
        (?, ?, ?, ?, ?, ?, ?, ?, ?, default)
Hibernate: 
    insert 
    into
        test_faculties
        (created_at, department, designation, email, faculty_id, is_advisor, name, office_room, user_id, id) 
    values
        (?, ?, ?, ?, ?, ?, ?, ?, ?, default)
2026-09-04T20:15:02.188+06:00  INFO 18860 --- [campusconnect-backend] [  restartedMain] c.c.b.service.TestCourseDataSeeder       : [TestCourseDataSeeder] Saved TestFaculty record: FAC107 - Dr. Mehedi Hasan
2026-09-04T20:15:02.191+06:00 DEBUG 18860 --- [campusconnect-backend] [  restartedMain] org.hibernate.SQL                        : 
    select
        au1_0.id 
    from
        app_users au1_0 
    where
        au1_0.user_id=? 
    fetch
        first ? rows only
Hibernate: 
    select
        au1_0.id 
    from
        app_users au1_0 
    where
        au1_0.user_id=? 
    fetch
        first ? rows only
2026-09-04T20:15:02.528+06:00 DEBUG 18860 --- [campusconnect-backend] [  restartedMain] org.hibernate.SQL                        : 
    insert 
    into
        app_users
        (active, created_at, email, full_name, is_advisor, password_hash, reminder_hours, role, user_id, id) 
    values
        (?, ?, ?, ?, ?, ?, ?, ?, ?, default)
Hibernate: 
    insert 
    into
        app_users
        (active, created_at, email, full_name, is_advisor, password_hash, reminder_hours, role, user_id, id) 
    values
        (?, ?, ?, ?, ?, ?, ?, ?, ?, default)
2026-09-04T20:15:02.529+06:00  INFO 18860 --- [campusconnect-backend] [  restartedMain] c.c.b.service.TestCourseDataSeeder       : [TestCourseDataSeeder] Created faculty login user account: FAC108 (sabrina.mostafa@campus.edu)
2026-09-04T20:15:02.531+06:00 DEBUG 18860 --- [campusconnect-backend] [  restartedMain] org.hibernate.SQL                        : 
    select
        tf1_0.id 
    from
        test_faculties tf1_0 
    where
        tf1_0.faculty_id=? 
    fetch
        first ? rows only
Hibernate: 
    select
        tf1_0.id 
    from
        test_faculties tf1_0 
    where
        tf1_0.faculty_id=? 
    fetch
        first ? rows only
2026-09-04T20:15:02.532+06:00 DEBUG 18860 --- [campusconnect-backend] [  restartedMain] org.hibernate.SQL                        : 
    insert 
    into
        test_faculties
        (created_at, department, designation, email, faculty_id, is_advisor, name, office_room, user_id, id) 
    values
        (?, ?, ?, ?, ?, ?, ?, ?, ?, default)
Hibernate: 
    insert 
    into
        test_faculties
        (created_at, department, designation, email, faculty_id, is_advisor, name, office_room, user_id, id) 
    values
        (?, ?, ?, ?, ?, ?, ?, ?, ?, default)
2026-09-04T20:15:02.532+06:00  INFO 18860 --- [campusconnect-backend] [  restartedMain] c.c.b.service.TestCourseDataSeeder       : [TestCourseDataSeeder] Saved TestFaculty record: FAC108 - Dr. Sabrina Mostafa
2026-09-04T20:15:02.533+06:00 DEBUG 18860 --- [campusconnect-backend] [  restartedMain] org.hibernate.SQL                        : 
    select
        au1_0.id 
    from
        app_users au1_0 
    where
        au1_0.user_id=? 
    fetch
        first ? rows only
Hibernate: 
    select
        au1_0.id 
    from
        app_users au1_0 
    where
        au1_0.user_id=? 
    fetch
        first ? rows only
2026-09-04T20:15:02.893+06:00 DEBUG 18860 --- [campusconnect-backend] [  restartedMain] org.hibernate.SQL                        : 
    insert 
    into
        app_users
        (active, created_at, email, full_name, is_advisor, password_hash, reminder_hours, role, user_id, id) 
    values
        (?, ?, ?, ?, ?, ?, ?, ?, ?, default)
Hibernate: 
    insert 
    into
        app_users
        (active, created_at, email, full_name, is_advisor, password_hash, reminder_hours, role, user_id, id) 
    values
        (?, ?, ?, ?, ?, ?, ?, ?, ?, default)
2026-09-04T20:15:02.895+06:00  INFO 18860 --- [campusconnect-backend] [  restartedMain] c.c.b.service.TestCourseDataSeeder       : [TestCourseDataSeeder] Created faculty login user account: FAC109 (tariq.mahmood@campus.edu)
2026-09-04T20:15:02.896+06:00 DEBUG 18860 --- [campusconnect-backend] [  restartedMain] org.hibernate.SQL                        : 
    select
        tf1_0.id 
    from
        test_faculties tf1_0 
    where
        tf1_0.faculty_id=? 
    fetch
        first ? rows only
Hibernate: 
    select
        tf1_0.id 
    from
        test_faculties tf1_0 
    where
        tf1_0.faculty_id=? 
    fetch
        first ? rows only
2026-09-04T20:15:02.897+06:00 DEBUG 18860 --- [campusconnect-backend] [  restartedMain] org.hibernate.SQL                        : 
    insert 
    into
        test_faculties
        (created_at, department, designation, email, faculty_id, is_advisor, name, office_room, user_id, id) 
    values
        (?, ?, ?, ?, ?, ?, ?, ?, ?, default)
Hibernate: 
    insert 
    into
        test_faculties
        (created_at, department, designation, email, faculty_id, is_advisor, name, office_room, user_id, id) 
    values
        (?, ?, ?, ?, ?, ?, ?, ?, ?, default)
2026-09-04T20:15:02.898+06:00  INFO 18860 --- [campusconnect-backend] [  restartedMain] c.c.b.service.TestCourseDataSeeder       : [TestCourseDataSeeder] Saved TestFaculty record: FAC109 - Dr. Tariq Mahmood
2026-09-04T20:15:02.898+06:00 DEBUG 18860 --- [campusconnect-backend] [  restartedMain] org.hibernate.SQL                        : 
    select
        au1_0.id 
    from
        app_users au1_0 
    where
        au1_0.user_id=? 
    fetch
        first ? rows only
Hibernate: 
    select
        au1_0.id 
    from
        app_users au1_0 
    where
        au1_0.user_id=? 
    fetch
        first ? rows only
2026-09-04T20:15:03.233+06:00 DEBUG 18860 --- [campusconnect-backend] [  restartedMain] org.hibernate.SQL                        : 
    insert 
    into
        app_users
        (active, created_at, email, full_name, is_advisor, password_hash, reminder_hours, role, user_id, id) 
    values
        (?, ?, ?, ?, ?, ?, ?, ?, ?, default)
Hibernate: 
    insert 
    into
        app_users
        (active, created_at, email, full_name, is_advisor, password_hash, reminder_hours, role, user_id, id) 
    values
        (?, ?, ?, ?, ?, ?, ?, ?, ?, default)
2026-09-04T20:15:03.233+06:00  INFO 18860 --- [campusconnect-backend] [  restartedMain] c.c.b.service.TestCourseDataSeeder       : [TestCourseDataSeeder] Created faculty login user account: FAC110 (samira.khan@campus.edu)
2026-09-04T20:15:03.236+06:00 DEBUG 18860 --- [campusconnect-backend] [  restartedMain] org.hibernate.SQL                        : 
    select
        tf1_0.id 
    from
        test_faculties tf1_0 
    where
        tf1_0.faculty_id=? 
    fetch
        first ? rows only
Hibernate: 
    select
        tf1_0.id 
    from
        test_faculties tf1_0 
    where
        tf1_0.faculty_id=? 
    fetch
        first ? rows only
2026-09-04T20:15:03.237+06:00 DEBUG 18860 --- [campusconnect-backend] [  restartedMain] org.hibernate.SQL                        : 
    insert 
    into
        test_faculties
        (created_at, department, designation, email, faculty_id, is_advisor, name, office_room, user_id, id) 
    values
        (?, ?, ?, ?, ?, ?, ?, ?, ?, default)
Hibernate: 
    insert 
    into
        test_faculties
        (created_at, department, designation, email, faculty_id, is_advisor, name, office_room, user_id, id) 
    values
        (?, ?, ?, ?, ?, ?, ?, ?, ?, default)
2026-09-04T20:15:03.238+06:00  INFO 18860 --- [campusconnect-backend] [  restartedMain] c.c.b.service.TestCourseDataSeeder       : [TestCourseDataSeeder] Saved TestFaculty record: FAC110 - Dr. Samira Khan
2026-09-04T20:15:03.240+06:00 DEBUG 18860 --- [campusconnect-backend] [  restartedMain] org.hibernate.SQL                        : 
    select
        au1_0.id 
    from
        app_users au1_0 
    where
        au1_0.user_id=? 
    fetch
        first ? rows only
Hibernate: 
    select
        au1_0.id 
    from
        app_users au1_0 
    where
        au1_0.user_id=? 
    fetch
        first ? rows only
2026-09-04T20:15:03.585+06:00 DEBUG 18860 --- [campusconnect-backend] [  restartedMain] org.hibernate.SQL                        : 
    insert 
    into
        app_users
        (active, created_at, email, full_name, is_advisor, password_hash, reminder_hours, role, user_id, id) 
    values
        (?, ?, ?, ?, ?, ?, ?, ?, ?, default)
Hibernate: 
    insert 
    into
        app_users
        (active, created_at, email, full_name, is_advisor, password_hash, reminder_hours, role, user_id, id) 
    values
        (?, ?, ?, ?, ?, ?, ?, ?, ?, default)
2026-09-04T20:15:03.587+06:00  INFO 18860 --- [campusconnect-backend] [  restartedMain] c.c.b.service.TestCourseDataSeeder       : [TestCourseDataSeeder] Created faculty login user account: FAC111 (asif.chowdhury@campus.edu)
2026-09-04T20:15:03.590+06:00 DEBUG 18860 --- [campusconnect-backend] [  restartedMain] org.hibernate.SQL                        : 
    select
        tf1_0.id 
    from
        test_faculties tf1_0 
    where
        tf1_0.faculty_id=? 
    fetch
        first ? rows only
Hibernate: 
    select
        tf1_0.id 
    from
        test_faculties tf1_0 
    where
        tf1_0.faculty_id=? 
    fetch
        first ? rows only
2026-09-04T20:15:03.593+06:00 DEBUG 18860 --- [campusconnect-backend] [  restartedMain] org.hibernate.SQL                        : 
    insert 
    into
        test_faculties
        (created_at, department, designation, email, faculty_id, is_advisor, name, office_room, user_id, id) 
    values
        (?, ?, ?, ?, ?, ?, ?, ?, ?, default)
Hibernate: 
    insert 
    into
        test_faculties
        (created_at, department, designation, email, faculty_id, is_advisor, name, office_room, user_id, id) 
    values
        (?, ?, ?, ?, ?, ?, ?, ?, ?, default)
2026-09-04T20:15:03.596+06:00  INFO 18860 --- [campusconnect-backend] [  restartedMain] c.c.b.service.TestCourseDataSeeder       : [TestCourseDataSeeder] Saved TestFaculty record: FAC111 - Dr. Asif Chowdhury
2026-09-04T20:15:03.600+06:00 DEBUG 18860 --- [campusconnect-backend] [  restartedMain] org.hibernate.SQL                        : 
    select
        au1_0.id 
    from
        app_users au1_0 
    where
        au1_0.user_id=? 
    fetch
        first ? rows only
Hibernate: 
    select
        au1_0.id 
    from
        app_users au1_0 
    where
        au1_0.user_id=? 
    fetch
        first ? rows only
2026-09-04T20:15:03.963+06:00 DEBUG 18860 --- [campusconnect-backend] [  restartedMain] org.hibernate.SQL                        : 
    insert 
    into
        app_users
        (active, created_at, email, full_name, is_advisor, password_hash, reminder_hours, role, user_id, id) 
    values
        (?, ?, ?, ?, ?, ?, ?, ?, ?, default)
Hibernate: 
    insert 
    into
        app_users
        (active, created_at, email, full_name, is_advisor, password_hash, reminder_hours, role, user_id, id) 
    values
        (?, ?, ?, ?, ?, ?, ?, ?, ?, default)
2026-09-04T20:15:03.965+06:00  INFO 18860 --- [campusconnect-backend] [  restartedMain] c.c.b.service.TestCourseDataSeeder       : [TestCourseDataSeeder] Created faculty login user account: FAC112 (farzana.yasmin@campus.edu)
2026-09-04T20:15:03.967+06:00 DEBUG 18860 --- [campusconnect-backend] [  restartedMain] org.hibernate.SQL                        : 
    select
        tf1_0.id 
    from
        test_faculties tf1_0 
    where
        tf1_0.faculty_id=? 
    fetch
        first ? rows only
Hibernate: 
    select
        tf1_0.id 
    from
        test_faculties tf1_0 
    where
        tf1_0.faculty_id=? 
    fetch
        first ? rows only
2026-09-04T20:15:03.967+06:00 DEBUG 18860 --- [campusconnect-backend] [  restartedMain] org.hibernate.SQL                        : 
    insert 
    into
        test_faculties
        (created_at, department, designation, email, faculty_id, is_advisor, name, office_room, user_id, id) 
    values
        (?, ?, ?, ?, ?, ?, ?, ?, ?, default)
Hibernate: 
    insert 
    into
        test_faculties
        (created_at, department, designation, email, faculty_id, is_advisor, name, office_room, user_id, id) 
    values
        (?, ?, ?, ?, ?, ?, ?, ?, ?, default)
2026-09-04T20:15:03.968+06:00  INFO 18860 --- [campusconnect-backend] [  restartedMain] c.c.b.service.TestCourseDataSeeder       : [TestCourseDataSeeder] Saved TestFaculty record: FAC112 - Dr. Farzana Yasmin
2026-09-04T20:15:03.969+06:00 DEBUG 18860 --- [campusconnect-backend] [  restartedMain] org.hibernate.SQL                        : 
    select
        tc1_0.id 
    from
        test_courses tc1_0 
    where
        tc1_0.code=? 
    fetch
        first ? rows only
Hibernate: 
    select
        tc1_0.id 
    from
        test_courses tc1_0 
    where
        tc1_0.code=? 
    fetch
        first ? rows only
2026-09-04T20:15:03.971+06:00 DEBUG 18860 --- [campusconnect-backend] [  restartedMain] org.hibernate.SQL                        : 
    insert 
    into
        test_courses
        (academic_degree, code, credits, department, description, name, prerequisites, school, id) 
    values
        (?, ?, ?, ?, ?, ?, ?, ?, default)
Hibernate: 
    insert 
    into
        test_courses
        (academic_degree, code, credits, department, description, name, prerequisites, school, id) 
    values
        (?, ?, ?, ?, ?, ?, ?, ?, default)
2026-09-04T20:15:03.973+06:00  INFO 18860 --- [campusconnect-backend] [  restartedMain] c.c.b.service.TestCourseDataSeeder       : [TestCourseDataSeeder] Saved TestCourse: CSE110T - Programming Language I (Test)
2026-09-04T20:15:03.976+06:00 DEBUG 18860 --- [campusconnect-backend] [  restartedMain] org.hibernate.SQL                        : 
    select
        tc1_0.id 
    from
        test_courses tc1_0 
    where
        tc1_0.code=? 
    fetch
        first ? rows only
Hibernate: 
    select
        tc1_0.id 
    from
        test_courses tc1_0 
    where
        tc1_0.code=? 
    fetch
        first ? rows only
2026-09-04T20:15:03.977+06:00 DEBUG 18860 --- [campusconnect-backend] [  restartedMain] org.hibernate.SQL                        : 
    insert 
    into
        test_courses
        (academic_degree, code, credits, department, description, name, prerequisites, school, id) 
    values
        (?, ?, ?, ?, ?, ?, ?, ?, default)
Hibernate: 
    insert 
    into
        test_courses
        (academic_degree, code, credits, department, description, name, prerequisites, school, id) 
    values
        (?, ?, ?, ?, ?, ?, ?, ?, default)
2026-09-04T20:15:03.978+06:00  INFO 18860 --- [campusconnect-backend] [  restartedMain] c.c.b.service.TestCourseDataSeeder       : [TestCourseDataSeeder] Saved TestCourse: CSE111T - Programming Language II (Test)
2026-09-04T20:15:03.980+06:00 DEBUG 18860 --- [campusconnect-backend] [  restartedMain] org.hibernate.SQL                        : 
    select
        tc1_0.id 
    from
        test_courses tc1_0 
    where
        tc1_0.code=? 
    fetch
        first ? rows only
Hibernate: 
    select
        tc1_0.id 
    from
        test_courses tc1_0 
    where
        tc1_0.code=? 
    fetch
        first ? rows only
2026-09-04T20:15:03.980+06:00 DEBUG 18860 --- [campusconnect-backend] [  restartedMain] org.hibernate.SQL                        : 
    insert 
    into
        test_courses
        (academic_degree, code, credits, department, description, name, prerequisites, school, id) 
    values
        (?, ?, ?, ?, ?, ?, ?, ?, default)
Hibernate: 
    insert 
    into
        test_courses
        (academic_degree, code, credits, department, description, name, prerequisites, school, id) 
    values
        (?, ?, ?, ?, ?, ?, ?, ?, default)
2026-09-04T20:15:03.981+06:00  INFO 18860 --- [campusconnect-backend] [  restartedMain] c.c.b.service.TestCourseDataSeeder       : [TestCourseDataSeeder] Saved TestCourse: CSE220T - Data Structures (Test)
2026-09-04T20:15:03.982+06:00 DEBUG 18860 --- [campusconnect-backend] [  restartedMain] org.hibernate.SQL                        : 
    select
        tc1_0.id 
    from
        test_courses tc1_0 
    where
        tc1_0.code=? 
    fetch
        first ? rows only
Hibernate: 
    select
        tc1_0.id 
    from
        test_courses tc1_0 
    where
        tc1_0.code=? 
    fetch
        first ? rows only
2026-09-04T20:15:03.983+06:00 DEBUG 18860 --- [campusconnect-backend] [  restartedMain] org.hibernate.SQL                        : 
    insert 
    into
        test_courses
        (academic_degree, code, credits, department, description, name, prerequisites, school, id) 
    values
        (?, ?, ?, ?, ?, ?, ?, ?, default)
Hibernate: 
    insert 
    into
        test_courses
        (academic_degree, code, credits, department, description, name, prerequisites, school, id) 
    values
        (?, ?, ?, ?, ?, ?, ?, ?, default)
2026-09-04T20:15:03.983+06:00  INFO 18860 --- [campusconnect-backend] [  restartedMain] c.c.b.service.TestCourseDataSeeder       : [TestCourseDataSeeder] Saved TestCourse: CSE221T - Algorithms (Test)
2026-09-04T20:15:03.985+06:00 DEBUG 18860 --- [campusconnect-backend] [  restartedMain] org.hibernate.SQL                        : 
    select
        tc1_0.id 
    from
        test_courses tc1_0 
    where
        tc1_0.code=? 
    fetch
        first ? rows only
Hibernate: 
    select
        tc1_0.id 
    from
        test_courses tc1_0 
    where
        tc1_0.code=? 
    fetch
        first ? rows only
2026-09-04T20:15:03.986+06:00 DEBUG 18860 --- [campusconnect-backend] [  restartedMain] org.hibernate.SQL                        : 
    insert 
    into
        test_courses
        (academic_degree, code, credits, department, description, name, prerequisites, school, id) 
    values
        (?, ?, ?, ?, ?, ?, ?, ?, default)
Hibernate: 
    insert 
    into
        test_courses
        (academic_degree, code, credits, department, description, name, prerequisites, school, id) 
    values
        (?, ?, ?, ?, ?, ?, ?, ?, default)
2026-09-04T20:15:03.986+06:00  INFO 18860 --- [campusconnect-backend] [  restartedMain] c.c.b.service.TestCourseDataSeeder       : [TestCourseDataSeeder] Saved TestCourse: CSE320T - Data Communications (Test)
2026-09-04T20:15:03.988+06:00 DEBUG 18860 --- [campusconnect-backend] [  restartedMain] org.hibernate.SQL                        : 
    select
        tc1_0.id 
    from
        test_courses tc1_0 
    where
        tc1_0.code=? 
    fetch
        first ? rows only
Hibernate: 
    select
        tc1_0.id 
    from
        test_courses tc1_0 
    where
        tc1_0.code=? 
    fetch
        first ? rows only
2026-09-04T20:15:03.989+06:00 DEBUG 18860 --- [campusconnect-backend] [  restartedMain] org.hibernate.SQL                        : 
    insert 
    into
        test_courses
        (academic_degree, code, credits, department, description, name, prerequisites, school, id) 
    values
        (?, ?, ?, ?, ?, ?, ?, ?, default)
Hibernate: 
    insert 
    into
        test_courses
        (academic_degree, code, credits, department, description, name, prerequisites, school, id) 
    values
        (?, ?, ?, ?, ?, ?, ?, ?, default)
2026-09-04T20:15:03.990+06:00  INFO 18860 --- [campusconnect-backend] [  restartedMain] c.c.b.service.TestCourseDataSeeder       : [TestCourseDataSeeder] Saved TestCourse: CSE370T - Database Systems (Test)
2026-09-04T20:15:03.993+06:00 DEBUG 18860 --- [campusconnect-backend] [  restartedMain] org.hibernate.SQL                        : 
    select
        tc1_0.id 
    from
        test_courses tc1_0 
    where
        tc1_0.code=? 
    fetch
        first ? rows only
Hibernate: 
    select
        tc1_0.id 
    from
        test_courses tc1_0 
    where
        tc1_0.code=? 
    fetch
        first ? rows only
2026-09-04T20:15:03.995+06:00 DEBUG 18860 --- [campusconnect-backend] [  restartedMain] org.hibernate.SQL                        : 
    insert 
    into
        test_courses
        (academic_degree, code, credits, department, description, name, prerequisites, school, id) 
    values
        (?, ?, ?, ?, ?, ?, ?, ?, default)
Hibernate: 
    insert 
    into
        test_courses
        (academic_degree, code, credits, department, description, name, prerequisites, school, id) 
    values
        (?, ?, ?, ?, ?, ?, ?, ?, default)
2026-09-04T20:15:03.996+06:00  INFO 18860 --- [campusconnect-backend] [  restartedMain] c.c.b.service.TestCourseDataSeeder       : [TestCourseDataSeeder] Saved TestCourse: CSE420T - Compiler Design (Test)
2026-09-04T20:15:04.000+06:00 DEBUG 18860 --- [campusconnect-backend] [  restartedMain] org.hibernate.SQL                        : 
    select
        tc1_0.id 
    from
        test_courses tc1_0 
    where
        tc1_0.code=? 
    fetch
        first ? rows only
Hibernate: 
    select
        tc1_0.id 
    from
        test_courses tc1_0 
    where
        tc1_0.code=? 
    fetch
        first ? rows only
2026-09-04T20:15:04.001+06:00 DEBUG 18860 --- [campusconnect-backend] [  restartedMain] org.hibernate.SQL                        : 
    insert 
    into
        test_courses
        (academic_degree, code, credits, department, description, name, prerequisites, school, id) 
    values
        (?, ?, ?, ?, ?, ?, ?, ?, default)
Hibernate: 
    insert 
    into
        test_courses
        (academic_degree, code, credits, department, description, name, prerequisites, school, id) 
    values
        (?, ?, ?, ?, ?, ?, ?, ?, default)
2026-09-04T20:15:04.002+06:00  INFO 18860 --- [campusconnect-backend] [  restartedMain] c.c.b.service.TestCourseDataSeeder       : [TestCourseDataSeeder] Saved TestCourse: CSE421T - Computer Networks (Test)
2026-09-04T20:15:04.004+06:00 DEBUG 18860 --- [campusconnect-backend] [  restartedMain] org.hibernate.SQL                        : 
    select
        tc1_0.id 
    from
        test_courses tc1_0 
    where
        tc1_0.code=? 
    fetch
        first ? rows only
Hibernate: 
    select
        tc1_0.id 
    from
        test_courses tc1_0 
    where
        tc1_0.code=? 
    fetch
        first ? rows only
2026-09-04T20:15:04.006+06:00 DEBUG 18860 --- [campusconnect-backend] [  restartedMain] org.hibernate.SQL                        : 
    insert 
    into
        test_courses
        (academic_degree, code, credits, department, description, name, prerequisites, school, id) 
    values
        (?, ?, ?, ?, ?, ?, ?, ?, default)
Hibernate: 
    insert 
    into
        test_courses
        (academic_degree, code, credits, department, description, name, prerequisites, school, id) 
    values
        (?, ?, ?, ?, ?, ?, ?, ?, default)
2026-09-04T20:15:04.007+06:00  INFO 18860 --- [campusconnect-backend] [  restartedMain] c.c.b.service.TestCourseDataSeeder       : [TestCourseDataSeeder] Saved TestCourse: CSE422T - Artificial Intelligence (Test)
2026-09-04T20:15:04.008+06:00 DEBUG 18860 --- [campusconnect-backend] [  restartedMain] org.hibernate.SQL                        : 
    select
        tc1_0.id 
    from
        test_courses tc1_0 
    where
        tc1_0.code=? 
    fetch
        first ? rows only
Hibernate: 
    select
        tc1_0.id 
    from
        test_courses tc1_0 
    where
        tc1_0.code=? 
    fetch
        first ? rows only
2026-09-04T20:15:04.009+06:00 DEBUG 18860 --- [campusconnect-backend] [  restartedMain] org.hibernate.SQL                        : 
    insert 
    into
        test_courses
        (academic_degree, code, credits, department, description, name, prerequisites, school, id) 
    values
        (?, ?, ?, ?, ?, ?, ?, ?, default)
Hibernate: 
    insert 
    into
        test_courses
        (academic_degree, code, credits, department, description, name, prerequisites, school, id) 
    values
        (?, ?, ?, ?, ?, ?, ?, ?, default)
2026-09-04T20:15:04.009+06:00  INFO 18860 --- [campusconnect-backend] [  restartedMain] c.c.b.service.TestCourseDataSeeder       : [TestCourseDataSeeder] Saved TestCourse: EEE201T - Electrical Circuits I (Test)
2026-09-04T20:15:04.011+06:00 DEBUG 18860 --- [campusconnect-backend] [  restartedMain] org.hibernate.SQL                        : 
    select
        tc1_0.id 
    from
        test_courses tc1_0 
    where
        tc1_0.code=? 
    fetch
        first ? rows only
Hibernate: 
    select
        tc1_0.id 
    from
        test_courses tc1_0 
    where
        tc1_0.code=? 
    fetch
        first ? rows only
2026-09-04T20:15:04.011+06:00 DEBUG 18860 --- [campusconnect-backend] [  restartedMain] org.hibernate.SQL                        : 
    insert 
    into
        test_courses
        (academic_degree, code, credits, department, description, name, prerequisites, school, id) 
    values
        (?, ?, ?, ?, ?, ?, ?, ?, default)
Hibernate: 
    insert 
    into
        test_courses
        (academic_degree, code, credits, department, description, name, prerequisites, school, id) 
    values
        (?, ?, ?, ?, ?, ?, ?, ?, default)
2026-09-04T20:15:04.012+06:00  INFO 18860 --- [campusconnect-backend] [  restartedMain] c.c.b.service.TestCourseDataSeeder       : [TestCourseDataSeeder] Saved TestCourse: EEE203T - Electrical Circuits II (Test)
2026-09-04T20:15:04.013+06:00 DEBUG 18860 --- [campusconnect-backend] [  restartedMain] org.hibernate.SQL                        : 
    select
        tc1_0.id 
    from
        test_courses tc1_0 
    where
        tc1_0.code=? 
    fetch
        first ? rows only
Hibernate: 
    select
        tc1_0.id 
    from
        test_courses tc1_0 
    where
        tc1_0.code=? 
    fetch
        first ? rows only
2026-09-04T20:15:04.014+06:00 DEBUG 18860 --- [campusconnect-backend] [  restartedMain] org.hibernate.SQL                        : 
    insert 
    into
        test_courses
        (academic_degree, code, credits, department, description, name, prerequisites, school, id) 
    values
        (?, ?, ?, ?, ?, ?, ?, ?, default)
Hibernate: 
    insert 
    into
        test_courses
        (academic_degree, code, credits, department, description, name, prerequisites, school, id) 
    values
        (?, ?, ?, ?, ?, ?, ?, ?, default)
2026-09-04T20:15:04.015+06:00  INFO 18860 --- [campusconnect-backend] [  restartedMain] c.c.b.service.TestCourseDataSeeder       : [TestCourseDataSeeder] Saved TestCourse: EEE205T - Electronic Devices (Test)
2026-09-04T20:15:04.016+06:00 DEBUG 18860 --- [campusconnect-backend] [  restartedMain] org.hibernate.SQL                        : 
    select
        tc1_0.id 
    from
        test_courses tc1_0 
    where
        tc1_0.code=? 
    fetch
        first ? rows only
Hibernate: 
    select
        tc1_0.id 
    from
        test_courses tc1_0 
    where
        tc1_0.code=? 
    fetch
        first ? rows only
2026-09-04T20:15:04.016+06:00 DEBUG 18860 --- [campusconnect-backend] [  restartedMain] org.hibernate.SQL                        : 
    insert 
    into
        test_courses
        (academic_degree, code, credits, department, description, name, prerequisites, school, id) 
    values
        (?, ?, ?, ?, ?, ?, ?, ?, default)
Hibernate: 
    insert 
    into
        test_courses
        (academic_degree, code, credits, department, description, name, prerequisites, school, id) 
    values
        (?, ?, ?, ?, ?, ?, ?, ?, default)
2026-09-04T20:15:04.017+06:00  INFO 18860 --- [campusconnect-backend] [  restartedMain] c.c.b.service.TestCourseDataSeeder       : [TestCourseDataSeeder] Saved TestCourse: MAT110T - Differential Calculus & Coordinate Geometry (Test)
2026-09-04T20:15:04.018+06:00 DEBUG 18860 --- [campusconnect-backend] [  restartedMain] org.hibernate.SQL                        : 
    select
        tc1_0.id 
    from
        test_courses tc1_0 
    where
        tc1_0.code=? 
    fetch
        first ? rows only
Hibernate: 
    select
        tc1_0.id 
    from
        test_courses tc1_0 
    where
        tc1_0.code=? 
    fetch
        first ? rows only
2026-09-04T20:15:04.018+06:00 DEBUG 18860 --- [campusconnect-backend] [  restartedMain] org.hibernate.SQL                        : 
    insert 
    into
        test_courses
        (academic_degree, code, credits, department, description, name, prerequisites, school, id) 
    values
        (?, ?, ?, ?, ?, ?, ?, ?, default)
Hibernate: 
    insert 
    into
        test_courses
        (academic_degree, code, credits, department, description, name, prerequisites, school, id) 
    values
        (?, ?, ?, ?, ?, ?, ?, ?, default)
2026-09-04T20:15:04.018+06:00  INFO 18860 --- [campusconnect-backend] [  restartedMain] c.c.b.service.TestCourseDataSeeder       : [TestCourseDataSeeder] Saved TestCourse: MAT120T - Integral Calculus & Differential Equations (Test)
2026-09-04T20:15:04.019+06:00 DEBUG 18860 --- [campusconnect-backend] [  restartedMain] org.hibernate.SQL                        : 
    select
        tc1_0.id 
    from
        test_courses tc1_0 
    where
        tc1_0.code=? 
    fetch
        first ? rows only
Hibernate: 
    select
        tc1_0.id 
    from
        test_courses tc1_0 
    where
        tc1_0.code=? 
    fetch
        first ? rows only
2026-09-04T20:15:04.021+06:00 DEBUG 18860 --- [campusconnect-backend] [  restartedMain] org.hibernate.SQL                        : 
    insert 
    into
        test_courses
        (academic_degree, code, credits, department, description, name, prerequisites, school, id) 
    values
        (?, ?, ?, ?, ?, ?, ?, ?, default)
Hibernate: 
    insert 
    into
        test_courses
        (academic_degree, code, credits, department, description, name, prerequisites, school, id) 
    values
        (?, ?, ?, ?, ?, ?, ?, ?, default)
2026-09-04T20:15:04.021+06:00  INFO 18860 --- [campusconnect-backend] [  restartedMain] c.c.b.service.TestCourseDataSeeder       : [TestCourseDataSeeder] Saved TestCourse: MAT215T - Linear Algebra & Complex Variables (Test)
2026-09-04T20:15:04.024+06:00 DEBUG 18860 --- [campusconnect-backend] [  restartedMain] org.hibernate.SQL                        : 
    select
        tc1_0.id 
    from
        test_courses tc1_0 
    where
        tc1_0.code=? 
    fetch
        first ? rows only
Hibernate: 
    select
        tc1_0.id 
    from
        test_courses tc1_0 
    where
        tc1_0.code=? 
    fetch
        first ? rows only
2026-09-04T20:15:04.025+06:00 DEBUG 18860 --- [campusconnect-backend] [  restartedMain] org.hibernate.SQL                        : 
    insert 
    into
        test_courses
        (academic_degree, code, credits, department, description, name, prerequisites, school, id) 
    values
        (?, ?, ?, ?, ?, ?, ?, ?, default)
Hibernate: 
    insert 
    into
        test_courses
        (academic_degree, code, credits, department, description, name, prerequisites, school, id) 
    values
        (?, ?, ?, ?, ?, ?, ?, ?, default)
2026-09-04T20:15:04.026+06:00  INFO 18860 --- [campusconnect-backend] [  restartedMain] c.c.b.service.TestCourseDataSeeder       : [TestCourseDataSeeder] Saved TestCourse: STA201T - Elements of Statistics & Probability (Test)
2026-09-04T20:15:04.027+06:00 DEBUG 18860 --- [campusconnect-backend] [  restartedMain] org.hibernate.SQL                        : 
    select
        tc1_0.id 
    from
        test_courses tc1_0 
    where
        tc1_0.code=? 
    fetch
        first ? rows only
Hibernate: 
    select
        tc1_0.id 
    from
        test_courses tc1_0 
    where
        tc1_0.code=? 
    fetch
        first ? rows only
2026-09-04T20:15:04.028+06:00 DEBUG 18860 --- [campusconnect-backend] [  restartedMain] org.hibernate.SQL                        : 
    insert 
    into
        test_courses
        (academic_degree, code, credits, department, description, name, prerequisites, school, id) 
    values
        (?, ?, ?, ?, ?, ?, ?, ?, default)
Hibernate: 
    insert 
    into
        test_courses
        (academic_degree, code, credits, department, description, name, prerequisites, school, id) 
    values
        (?, ?, ?, ?, ?, ?, ?, ?, default)
2026-09-04T20:15:04.028+06:00  INFO 18860 --- [campusconnect-backend] [  restartedMain] c.c.b.service.TestCourseDataSeeder       : [TestCourseDataSeeder] Saved TestCourse: PHY111T - Principles of Physics I (Test)
2026-09-04T20:15:04.030+06:00 DEBUG 18860 --- [campusconnect-backend] [  restartedMain] org.hibernate.SQL                        : 
    select
        tc1_0.id 
    from
        test_courses tc1_0 
    where
        tc1_0.code=? 
    fetch
        first ? rows only
Hibernate: 
    select
        tc1_0.id 
    from
        test_courses tc1_0 
    where
        tc1_0.code=? 
    fetch
        first ? rows only
2026-09-04T20:15:04.030+06:00 DEBUG 18860 --- [campusconnect-backend] [  restartedMain] org.hibernate.SQL                        : 
    insert 
    into
        test_courses
        (academic_degree, code, credits, department, description, name, prerequisites, school, id) 
    values
        (?, ?, ?, ?, ?, ?, ?, ?, default)
Hibernate: 
    insert 
    into
        test_courses
        (academic_degree, code, credits, department, description, name, prerequisites, school, id) 
    values
        (?, ?, ?, ?, ?, ?, ?, ?, default)
2026-09-04T20:15:04.031+06:00  INFO 18860 --- [campusconnect-backend] [  restartedMain] c.c.b.service.TestCourseDataSeeder       : [TestCourseDataSeeder] Saved TestCourse: BUS101T - Introduction to Business (Test)
2026-09-04T20:15:04.032+06:00 DEBUG 18860 --- [campusconnect-backend] [  restartedMain] org.hibernate.SQL                        : 
    select
        tc1_0.id 
    from
        test_courses tc1_0 
    where
        tc1_0.code=? 
    fetch
        first ? rows only
Hibernate: 
    select
        tc1_0.id 
    from
        test_courses tc1_0 
    where
        tc1_0.code=? 
    fetch
        first ? rows only
2026-09-04T20:15:04.033+06:00 DEBUG 18860 --- [campusconnect-backend] [  restartedMain] org.hibernate.SQL                        : 
    insert 
    into
        test_courses
        (academic_degree, code, credits, department, description, name, prerequisites, school, id) 
    values
        (?, ?, ?, ?, ?, ?, ?, ?, default)
Hibernate: 
    insert 
    into
        test_courses
        (academic_degree, code, credits, department, description, name, prerequisites, school, id) 
    values
        (?, ?, ?, ?, ?, ?, ?, ?, default)
2026-09-04T20:15:04.034+06:00  INFO 18860 --- [campusconnect-backend] [  restartedMain] c.c.b.service.TestCourseDataSeeder       : [TestCourseDataSeeder] Saved TestCourse: ACT201T - Financial Accounting (Test)
2026-09-04T20:15:04.035+06:00 DEBUG 18860 --- [campusconnect-backend] [  restartedMain] org.hibernate.SQL                        : 
    select
        tc1_0.id 
    from
        test_courses tc1_0 
    where
        tc1_0.code=? 
    fetch
        first ? rows only
Hibernate: 
    select
        tc1_0.id 
    from
        test_courses tc1_0 
    where
        tc1_0.code=? 
    fetch
        first ? rows only
2026-09-04T20:15:04.036+06:00 DEBUG 18860 --- [campusconnect-backend] [  restartedMain] org.hibernate.SQL                        : 
    insert 
    into
        test_courses
        (academic_degree, code, credits, department, description, name, prerequisites, school, id) 
    values
        (?, ?, ?, ?, ?, ?, ?, ?, default)
Hibernate: 
    insert 
    into
        test_courses
        (academic_degree, code, credits, department, description, name, prerequisites, school, id) 
    values
        (?, ?, ?, ?, ?, ?, ?, ?, default)
2026-09-04T20:15:04.036+06:00  INFO 18860 --- [campusconnect-backend] [  restartedMain] c.c.b.service.TestCourseDataSeeder       : [TestCourseDataSeeder] Saved TestCourse: MKT201T - Principles of Marketing (Test)
2026-09-04T20:15:04.038+06:00 DEBUG 18860 --- [campusconnect-backend] [  restartedMain] org.hibernate.SQL                        : 
    select
        tc1_0.id 
    from
        test_courses tc1_0 
    where
        tc1_0.code=? 
    fetch
        first ? rows only
Hibernate: 
    select
        tc1_0.id 
    from
        test_courses tc1_0 
    where
        tc1_0.code=? 
    fetch
        first ? rows only
2026-09-04T20:15:04.039+06:00 DEBUG 18860 --- [campusconnect-backend] [  restartedMain] org.hibernate.SQL                        : 
    insert 
    into
        test_courses
        (academic_degree, code, credits, department, description, name, prerequisites, school, id) 
    values
        (?, ?, ?, ?, ?, ?, ?, ?, default)
Hibernate: 
    insert 
    into
        test_courses
        (academic_degree, code, credits, department, description, name, prerequisites, school, id) 
    values
        (?, ?, ?, ?, ?, ?, ?, ?, default)
2026-09-04T20:15:04.041+06:00  INFO 18860 --- [campusconnect-backend] [  restartedMain] c.c.b.service.TestCourseDataSeeder       : [TestCourseDataSeeder] Saved TestCourse: ENG101T - English Fundamentals (Test)
2026-09-04T20:15:04.043+06:00 DEBUG 18860 --- [campusconnect-backend] [  restartedMain] org.hibernate.SQL                        : 
    select
        tc1_0.id 
    from
        test_courses tc1_0 
    where
        tc1_0.code=? 
    fetch
        first ? rows only
Hibernate: 
    select
        tc1_0.id 
    from
        test_courses tc1_0 
    where
        tc1_0.code=? 
    fetch
        first ? rows only
2026-09-04T20:15:04.044+06:00 DEBUG 18860 --- [campusconnect-backend] [  restartedMain] org.hibernate.SQL                        : 
    insert 
    into
        test_courses
        (academic_degree, code, credits, department, description, name, prerequisites, school, id) 
    values
        (?, ?, ?, ?, ?, ?, ?, ?, default)
Hibernate: 
    insert 
    into
        test_courses
        (academic_degree, code, credits, department, description, name, prerequisites, school, id) 
    values
        (?, ?, ?, ?, ?, ?, ?, ?, default)
2026-09-04T20:15:04.044+06:00  INFO 18860 --- [campusconnect-backend] [  restartedMain] c.c.b.service.TestCourseDataSeeder       : [TestCourseDataSeeder] Saved TestCourse: PHB101T - Inorganic Pharmacy (Test)
2026-09-04T20:15:04.045+06:00 DEBUG 18860 --- [campusconnect-backend] [  restartedMain] org.hibernate.SQL                        : 
    select
        count(*) 
    from
        test_sections ts1_0
Hibernate: 
    select
        count(*) 
    from
        test_sections ts1_0
2026-09-04T20:15:04.047+06:00 DEBUG 18860 --- [campusconnect-backend] [  restartedMain] org.hibernate.SQL                        : 
    select
        tc1_0.id,
        tc1_0.academic_degree,
        tc1_0.code,
        tc1_0.credits,
        tc1_0.department,
        tc1_0.description,
        tc1_0.name,
        tc1_0.prerequisites,
        tc1_0.school 
    from
        test_courses tc1_0
Hibernate: 
    select
        tc1_0.id,
        tc1_0.academic_degree,
        tc1_0.code,
        tc1_0.credits,
        tc1_0.department,
        tc1_0.description,
        tc1_0.name,
        tc1_0.prerequisites,
        tc1_0.school 
    from
        test_courses tc1_0
2026-09-04T20:15:04.050+06:00 DEBUG 18860 --- [campusconnect-backend] [  restartedMain] org.hibernate.SQL                        : 
    select
        tf1_0.id,
        tf1_0.created_at,
        tf1_0.department,
        tf1_0.designation,
        tf1_0.email,
        tf1_0.faculty_id,
        tf1_0.is_advisor,
        tf1_0.name,
        tf1_0.office_room,
        tf1_0.user_id 
    from
        test_faculties tf1_0
Hibernate: 
    select
        tf1_0.id,
        tf1_0.created_at,
        tf1_0.department,
        tf1_0.designation,
        tf1_0.email,
        tf1_0.faculty_id,
        tf1_0.is_advisor,
        tf1_0.name,
        tf1_0.office_room,
        tf1_0.user_id 
    from
        test_faculties tf1_0
2026-09-04T20:15:04.065+06:00 DEBUG 18860 --- [campusconnect-backend] [  restartedMain] org.hibernate.SQL                        : 
    insert 
    into
        test_sections
        (booked_seats, course_id, faculty_id, room, schedule_time, section_id, section_number, term, total_seats, id) 
    values
        (?, ?, ?, ?, ?, ?, ?, ?, ?, default)
Hibernate: 
    insert 
    into
        test_sections
        (booked_seats, course_id, faculty_id, room, schedule_time, section_id, section_number, term, total_seats, id) 
    values
        (?, ?, ?, ?, ?, ?, ?, ?, ?, default)
2026-09-04T20:15:04.067+06:00 DEBUG 18860 --- [campusconnect-backend] [  restartedMain] org.hibernate.SQL                        : 
    insert 
    into
        test_sections
        (booked_seats, course_id, faculty_id, room, schedule_time, section_id, section_number, term, total_seats, id) 
    values
        (?, ?, ?, ?, ?, ?, ?, ?, ?, default)
Hibernate: 
    insert 
    into
        test_sections
        (booked_seats, course_id, faculty_id, room, schedule_time, section_id, section_number, term, total_seats, id) 
    values
        (?, ?, ?, ?, ?, ?, ?, ?, ?, default)
2026-09-04T20:15:04.068+06:00 DEBUG 18860 --- [campusconnect-backend] [  restartedMain] org.hibernate.SQL                        : 
    insert 
    into
        test_sections
        (booked_seats, course_id, faculty_id, room, schedule_time, section_id, section_number, term, total_seats, id) 
    values
        (?, ?, ?, ?, ?, ?, ?, ?, ?, default)
Hibernate: 
    insert 
    into
        test_sections
        (booked_seats, course_id, faculty_id, room, schedule_time, section_id, section_number, term, total_seats, id) 
    values
        (?, ?, ?, ?, ?, ?, ?, ?, ?, default)
2026-09-04T20:15:04.068+06:00 DEBUG 18860 --- [campusconnect-backend] [  restartedMain] org.hibernate.SQL                        : 
    insert 
    into
        test_sections
        (booked_seats, course_id, faculty_id, room, schedule_time, section_id, section_number, term, total_seats, id) 
    values
        (?, ?, ?, ?, ?, ?, ?, ?, ?, default)
Hibernate: 
    insert 
    into
        test_sections
        (booked_seats, course_id, faculty_id, room, schedule_time, section_id, section_number, term, total_seats, id) 
    values
        (?, ?, ?, ?, ?, ?, ?, ?, ?, default)
2026-09-04T20:15:04.069+06:00 DEBUG 18860 --- [campusconnect-backend] [  restartedMain] org.hibernate.SQL                        : 
    insert 
    into
        test_sections
        (booked_seats, course_id, faculty_id, room, schedule_time, section_id, section_number, term, total_seats, id) 
    values
        (?, ?, ?, ?, ?, ?, ?, ?, ?, default)
Hibernate: 
    insert 
    into
        test_sections
        (booked_seats, course_id, faculty_id, room, schedule_time, section_id, section_number, term, total_seats, id) 
    values
        (?, ?, ?, ?, ?, ?, ?, ?, ?, default)
2026-09-04T20:15:04.070+06:00 DEBUG 18860 --- [campusconnect-backend] [  restartedMain] org.hibernate.SQL                        : 
    insert 
    into
        test_sections
        (booked_seats, course_id, faculty_id, room, schedule_time, section_id, section_number, term, total_seats, id) 
    values
        (?, ?, ?, ?, ?, ?, ?, ?, ?, default)
Hibernate: 
    insert 
    into
        test_sections
        (booked_seats, course_id, faculty_id, room, schedule_time, section_id, section_number, term, total_seats, id) 
    values
        (?, ?, ?, ?, ?, ?, ?, ?, ?, default)
2026-09-04T20:15:04.070+06:00 DEBUG 18860 --- [campusconnect-backend] [  restartedMain] org.hibernate.SQL                        : 
    insert 
    into
        test_sections
        (booked_seats, course_id, faculty_id, room, schedule_time, section_id, section_number, term, total_seats, id) 
    values
        (?, ?, ?, ?, ?, ?, ?, ?, ?, default)
Hibernate: 
    insert 
    into
        test_sections
        (booked_seats, course_id, faculty_id, room, schedule_time, section_id, section_number, term, total_seats, id) 
    values
        (?, ?, ?, ?, ?, ?, ?, ?, ?, default)
2026-09-04T20:15:04.071+06:00 DEBUG 18860 --- [campusconnect-backend] [  restartedMain] org.hibernate.SQL                        : 
    insert 
    into
        test_sections
        (booked_seats, course_id, faculty_id, room, schedule_time, section_id, section_number, term, total_seats, id) 
    values
        (?, ?, ?, ?, ?, ?, ?, ?, ?, default)
Hibernate: 
    insert 
    into
        test_sections
        (booked_seats, course_id, faculty_id, room, schedule_time, section_id, section_number, term, total_seats, id) 
    values
        (?, ?, ?, ?, ?, ?, ?, ?, ?, default)
2026-09-04T20:15:04.072+06:00 DEBUG 18860 --- [campusconnect-backend] [  restartedMain] org.hibernate.SQL                        : 
    insert 
    into
        test_sections
        (booked_seats, course_id, faculty_id, room, schedule_time, section_id, section_number, term, total_seats, id) 
    values
        (?, ?, ?, ?, ?, ?, ?, ?, ?, default)
Hibernate: 
    insert 
    into
        test_sections
        (booked_seats, course_id, faculty_id, room, schedule_time, section_id, section_number, term, total_seats, id) 
    values
        (?, ?, ?, ?, ?, ?, ?, ?, ?, default)
2026-09-04T20:15:04.072+06:00 DEBUG 18860 --- [campusconnect-backend] [  restartedMain] org.hibernate.SQL                        : 
    insert 
    into
        test_sections
        (booked_seats, course_id, faculty_id, room, schedule_time, section_id, section_number, term, total_seats, id) 
    values
        (?, ?, ?, ?, ?, ?, ?, ?, ?, default)
Hibernate: 
    insert 
    into
        test_sections
        (booked_seats, course_id, faculty_id, room, schedule_time, section_id, section_number, term, total_seats, id) 
    values
        (?, ?, ?, ?, ?, ?, ?, ?, ?, default)
2026-09-04T20:15:04.073+06:00 DEBUG 18860 --- [campusconnect-backend] [  restartedMain] org.hibernate.SQL                        : 
    insert 
    into
        test_sections
        (booked_seats, course_id, faculty_id, room, schedule_time, section_id, section_number, term, total_seats, id) 
    values
        (?, ?, ?, ?, ?, ?, ?, ?, ?, default)
Hibernate: 
    insert 
    into
        test_sections
        (booked_seats, course_id, faculty_id, room, schedule_time, section_id, section_number, term, total_seats, id) 
    values
        (?, ?, ?, ?, ?, ?, ?, ?, ?, default)
2026-09-04T20:15:04.073+06:00 DEBUG 18860 --- [campusconnect-backend] [  restartedMain] org.hibernate.SQL                        : 
    insert 
    into
        test_sections
        (booked_seats, course_id, faculty_id, room, schedule_time, section_id, section_number, term, total_seats, id) 
    values
        (?, ?, ?, ?, ?, ?, ?, ?, ?, default)
Hibernate: 
    insert 
    into
        test_sections
        (booked_seats, course_id, faculty_id, room, schedule_time, section_id, section_number, term, total_seats, id) 
    values
        (?, ?, ?, ?, ?, ?, ?, ?, ?, default)
2026-09-04T20:15:04.075+06:00 DEBUG 18860 --- [campusconnect-backend] [  restartedMain] org.hibernate.SQL                        : 
    insert 
    into
        test_sections
        (booked_seats, course_id, faculty_id, room, schedule_time, section_id, section_number, term, total_seats, id) 
    values
        (?, ?, ?, ?, ?, ?, ?, ?, ?, default)
Hibernate: 
    insert 
    into
        test_sections
        (booked_seats, course_id, faculty_id, room, schedule_time, section_id, section_number, term, total_seats, id) 
    values
        (?, ?, ?, ?, ?, ?, ?, ?, ?, default)
2026-09-04T20:15:04.075+06:00 DEBUG 18860 --- [campusconnect-backend] [  restartedMain] org.hibernate.SQL                        : 
    insert 
    into
        test_sections
        (booked_seats, course_id, faculty_id, room, schedule_time, section_id, section_number, term, total_seats, id) 
    values
        (?, ?, ?, ?, ?, ?, ?, ?, ?, default)
Hibernate: 
    insert 
    into
        test_sections
        (booked_seats, course_id, faculty_id, room, schedule_time, section_id, section_number, term, total_seats, id) 
    values
        (?, ?, ?, ?, ?, ?, ?, ?, ?, default)
2026-09-04T20:15:04.075+06:00 DEBUG 18860 --- [campusconnect-backend] [  restartedMain] org.hibernate.SQL                        : 
    insert 
    into
        test_sections
        (booked_seats, course_id, faculty_id, room, schedule_time, section_id, section_number, term, total_seats, id) 
    values
        (?, ?, ?, ?, ?, ?, ?, ?, ?, default)
Hibernate: 
    insert 
    into
        test_sections
        (booked_seats, course_id, faculty_id, room, schedule_time, section_id, section_number, term, total_seats, id) 
    values
        (?, ?, ?, ?, ?, ?, ?, ?, ?, default)
2026-09-04T20:15:04.076+06:00 DEBUG 18860 --- [campusconnect-backend] [  restartedMain] org.hibernate.SQL                        : 
    insert 
    into
        test_sections
        (booked_seats, course_id, faculty_id, room, schedule_time, section_id, section_number, term, total_seats, id) 
    values
        (?, ?, ?, ?, ?, ?, ?, ?, ?, default)
Hibernate: 
    insert 
    into
        test_sections
        (booked_seats, course_id, faculty_id, room, schedule_time, section_id, section_number, term, total_seats, id) 
    values
        (?, ?, ?, ?, ?, ?, ?, ?, ?, default)
2026-09-04T20:15:04.077+06:00 DEBUG 18860 --- [campusconnect-backend] [  restartedMain] org.hibernate.SQL                        : 
    insert 
    into
        test_sections
        (booked_seats, course_id, faculty_id, room, schedule_time, section_id, section_number, term, total_seats, id) 
    values
        (?, ?, ?, ?, ?, ?, ?, ?, ?, default)
Hibernate: 
    insert 
    into
        test_sections
        (booked_seats, course_id, faculty_id, room, schedule_time, section_id, section_number, term, total_seats, id) 
    values
        (?, ?, ?, ?, ?, ?, ?, ?, ?, default)
2026-09-04T20:15:04.077+06:00 DEBUG 18860 --- [campusconnect-backend] [  restartedMain] org.hibernate.SQL                        : 
    insert 
    into
        test_sections
        (booked_seats, course_id, faculty_id, room, schedule_time, section_id, section_number, term, total_seats, id) 
    values
        (?, ?, ?, ?, ?, ?, ?, ?, ?, default)
Hibernate: 
    insert 
    into
        test_sections
        (booked_seats, course_id, faculty_id, room, schedule_time, section_id, section_number, term, total_seats, id) 
    values
        (?, ?, ?, ?, ?, ?, ?, ?, ?, default)
2026-09-04T20:15:04.077+06:00 DEBUG 18860 --- [campusconnect-backend] [  restartedMain] org.hibernate.SQL                        : 
    insert 
    into
        test_sections
        (booked_seats, course_id, faculty_id, room, schedule_time, section_id, section_number, term, total_seats, id) 
    values
        (?, ?, ?, ?, ?, ?, ?, ?, ?, default)
Hibernate: 
    insert 
    into
        test_sections
        (booked_seats, course_id, faculty_id, room, schedule_time, section_id, section_number, term, total_seats, id) 
    values
        (?, ?, ?, ?, ?, ?, ?, ?, ?, default)
2026-09-04T20:15:04.078+06:00 DEBUG 18860 --- [campusconnect-backend] [  restartedMain] org.hibernate.SQL                        : 
    insert 
    into
        test_sections
        (booked_seats, course_id, faculty_id, room, schedule_time, section_id, section_number, term, total_seats, id) 
    values
        (?, ?, ?, ?, ?, ?, ?, ?, ?, default)
Hibernate: 
    insert 
    into
        test_sections
        (booked_seats, course_id, faculty_id, room, schedule_time, section_id, section_number, term, total_seats, id) 
    values
        (?, ?, ?, ?, ?, ?, ?, ?, ?, default)
2026-09-04T20:15:04.078+06:00 DEBUG 18860 --- [campusconnect-backend] [  restartedMain] org.hibernate.SQL                        : 
    insert 
    into
        test_sections
        (booked_seats, course_id, faculty_id, room, schedule_time, section_id, section_number, term, total_seats, id) 
    values
        (?, ?, ?, ?, ?, ?, ?, ?, ?, default)
Hibernate: 
    insert 
    into
        test_sections
        (booked_seats, course_id, faculty_id, room, schedule_time, section_id, section_number, term, total_seats, id) 
    values
        (?, ?, ?, ?, ?, ?, ?, ?, ?, default)
2026-09-04T20:15:04.078+06:00 DEBUG 18860 --- [campusconnect-backend] [  restartedMain] org.hibernate.SQL                        : 
    insert 
    into
        test_sections
        (booked_seats, course_id, faculty_id, room, schedule_time, section_id, section_number, term, total_seats, id) 
    values
        (?, ?, ?, ?, ?, ?, ?, ?, ?, default)
Hibernate: 
    insert 
    into
        test_sections
        (booked_seats, course_id, faculty_id, room, schedule_time, section_id, section_number, term, total_seats, id) 
    values
        (?, ?, ?, ?, ?, ?, ?, ?, ?, default)
2026-09-04T20:15:04.079+06:00 DEBUG 18860 --- [campusconnect-backend] [  restartedMain] org.hibernate.SQL                        : 
    insert 
    into
        test_sections
        (booked_seats, course_id, faculty_id, room, schedule_time, section_id, section_number, term, total_seats, id) 
    values
        (?, ?, ?, ?, ?, ?, ?, ?, ?, default)
Hibernate: 
    insert 
    into
        test_sections
        (booked_seats, course_id, faculty_id, room, schedule_time, section_id, section_number, term, total_seats, id) 
    values
        (?, ?, ?, ?, ?, ?, ?, ?, ?, default)
2026-09-04T20:15:04.079+06:00 DEBUG 18860 --- [campusconnect-backend] [  restartedMain] org.hibernate.SQL                        : 
    insert 
    into
        test_sections
        (booked_seats, course_id, faculty_id, room, schedule_time, section_id, section_number, term, total_seats, id) 
    values
        (?, ?, ?, ?, ?, ?, ?, ?, ?, default)
Hibernate: 
    insert 
    into
        test_sections
        (booked_seats, course_id, faculty_id, room, schedule_time, section_id, section_number, term, total_seats, id) 
    values
        (?, ?, ?, ?, ?, ?, ?, ?, ?, default)
2026-09-04T20:15:04.080+06:00 DEBUG 18860 --- [campusconnect-backend] [  restartedMain] org.hibernate.SQL                        : 
    insert 
    into
        test_sections
        (booked_seats, course_id, faculty_id, room, schedule_time, section_id, section_number, term, total_seats, id) 
    values
        (?, ?, ?, ?, ?, ?, ?, ?, ?, default)
Hibernate: 
    insert 
    into
        test_sections
        (booked_seats, course_id, faculty_id, room, schedule_time, section_id, section_number, term, total_seats, id) 
    values
        (?, ?, ?, ?, ?, ?, ?, ?, ?, default)
2026-09-04T20:15:04.080+06:00 DEBUG 18860 --- [campusconnect-backend] [  restartedMain] org.hibernate.SQL                        : 
    insert 
    into
        test_sections
        (booked_seats, course_id, faculty_id, room, schedule_time, section_id, section_number, term, total_seats, id) 
    values
        (?, ?, ?, ?, ?, ?, ?, ?, ?, default)
Hibernate: 
    insert 
    into
        test_sections
        (booked_seats, course_id, faculty_id, room, schedule_time, section_id, section_number, term, total_seats, id) 
    values
        (?, ?, ?, ?, ?, ?, ?, ?, ?, default)
2026-09-04T20:15:04.081+06:00 DEBUG 18860 --- [campusconnect-backend] [  restartedMain] org.hibernate.SQL                        : 
    insert 
    into
        test_sections
        (booked_seats, course_id, faculty_id, room, schedule_time, section_id, section_number, term, total_seats, id) 
    values
        (?, ?, ?, ?, ?, ?, ?, ?, ?, default)
Hibernate: 
    insert 
    into
        test_sections
        (booked_seats, course_id, faculty_id, room, schedule_time, section_id, section_number, term, total_seats, id) 
    values
        (?, ?, ?, ?, ?, ?, ?, ?, ?, default)
2026-09-04T20:15:04.081+06:00 DEBUG 18860 --- [campusconnect-backend] [  restartedMain] org.hibernate.SQL                        : 
    insert 
    into
        test_sections
        (booked_seats, course_id, faculty_id, room, schedule_time, section_id, section_number, term, total_seats, id) 
    values
        (?, ?, ?, ?, ?, ?, ?, ?, ?, default)
Hibernate: 
    insert 
    into
        test_sections
        (booked_seats, course_id, faculty_id, room, schedule_time, section_id, section_number, term, total_seats, id) 
    values
        (?, ?, ?, ?, ?, ?, ?, ?, ?, default)
2026-09-04T20:15:04.082+06:00 DEBUG 18860 --- [campusconnect-backend] [  restartedMain] org.hibernate.SQL                        : 
    insert 
    into
        test_sections
        (booked_seats, course_id, faculty_id, room, schedule_time, section_id, section_number, term, total_seats, id) 
    values
        (?, ?, ?, ?, ?, ?, ?, ?, ?, default)
Hibernate: 
    insert 
    into
        test_sections
        (booked_seats, course_id, faculty_id, room, schedule_time, section_id, section_number, term, total_seats, id) 
    values
        (?, ?, ?, ?, ?, ?, ?, ?, ?, default)
2026-09-04T20:15:04.082+06:00 DEBUG 18860 --- [campusconnect-backend] [  restartedMain] org.hibernate.SQL                        : 
    insert 
    into
        test_sections
        (booked_seats, course_id, faculty_id, room, schedule_time, section_id, section_number, term, total_seats, id) 
    values
        (?, ?, ?, ?, ?, ?, ?, ?, ?, default)
Hibernate: 
    insert 
    into
        test_sections
        (booked_seats, course_id, faculty_id, room, schedule_time, section_id, section_number, term, total_seats, id) 
    values
        (?, ?, ?, ?, ?, ?, ?, ?, ?, default)
2026-09-04T20:15:04.083+06:00 DEBUG 18860 --- [campusconnect-backend] [  restartedMain] org.hibernate.SQL                        : 
    insert 
    into
        test_sections
        (booked_seats, course_id, faculty_id, room, schedule_time, section_id, section_number, term, total_seats, id) 
    values
        (?, ?, ?, ?, ?, ?, ?, ?, ?, default)
Hibernate: 
    insert 
    into
        test_sections
        (booked_seats, course_id, faculty_id, room, schedule_time, section_id, section_number, term, total_seats, id) 
    values
        (?, ?, ?, ?, ?, ?, ?, ?, ?, default)
2026-09-04T20:15:04.083+06:00 DEBUG 18860 --- [campusconnect-backend] [  restartedMain] org.hibernate.SQL                        : 
    insert 
    into
        test_sections
        (booked_seats, course_id, faculty_id, room, schedule_time, section_id, section_number, term, total_seats, id) 
    values
        (?, ?, ?, ?, ?, ?, ?, ?, ?, default)
Hibernate: 
    insert 
    into
        test_sections
        (booked_seats, course_id, faculty_id, room, schedule_time, section_id, section_number, term, total_seats, id) 
    values
        (?, ?, ?, ?, ?, ?, ?, ?, ?, default)
2026-09-04T20:15:04.083+06:00 DEBUG 18860 --- [campusconnect-backend] [  restartedMain] org.hibernate.SQL                        : 
    insert 
    into
        test_sections
        (booked_seats, course_id, faculty_id, room, schedule_time, section_id, section_number, term, total_seats, id) 
    values
        (?, ?, ?, ?, ?, ?, ?, ?, ?, default)
Hibernate: 
    insert 
    into
        test_sections
        (booked_seats, course_id, faculty_id, room, schedule_time, section_id, section_number, term, total_seats, id) 
    values
        (?, ?, ?, ?, ?, ?, ?, ?, ?, default)
2026-09-04T20:15:04.083+06:00 DEBUG 18860 --- [campusconnect-backend] [  restartedMain] org.hibernate.SQL                        : 
    insert 
    into
        test_sections
        (booked_seats, course_id, faculty_id, room, schedule_time, section_id, section_number, term, total_seats, id) 
    values
        (?, ?, ?, ?, ?, ?, ?, ?, ?, default)
Hibernate: 
    insert 
    into
        test_sections
        (booked_seats, course_id, faculty_id, room, schedule_time, section_id, section_number, term, total_seats, id) 
    values
        (?, ?, ?, ?, ?, ?, ?, ?, ?, default)
2026-09-04T20:15:04.085+06:00 DEBUG 18860 --- [campusconnect-backend] [  restartedMain] org.hibernate.SQL                        : 
    insert 
    into
        test_sections
        (booked_seats, course_id, faculty_id, room, schedule_time, section_id, section_number, term, total_seats, id) 
    values
        (?, ?, ?, ?, ?, ?, ?, ?, ?, default)
Hibernate: 
    insert 
    into
        test_sections
        (booked_seats, course_id, faculty_id, room, schedule_time, section_id, section_number, term, total_seats, id) 
    values
        (?, ?, ?, ?, ?, ?, ?, ?, ?, default)
2026-09-04T20:15:04.085+06:00 DEBUG 18860 --- [campusconnect-backend] [  restartedMain] org.hibernate.SQL                        : 
    insert 
    into
        test_sections
        (booked_seats, course_id, faculty_id, room, schedule_time, section_id, section_number, term, total_seats, id) 
    values
        (?, ?, ?, ?, ?, ?, ?, ?, ?, default)
Hibernate: 
    insert 
    into
        test_sections
        (booked_seats, course_id, faculty_id, room, schedule_time, section_id, section_number, term, total_seats, id) 
    values
        (?, ?, ?, ?, ?, ?, ?, ?, ?, default)
2026-09-04T20:15:04.086+06:00 DEBUG 18860 --- [campusconnect-backend] [  restartedMain] org.hibernate.SQL                        : 
    insert 
    into
        test_sections
        (booked_seats, course_id, faculty_id, room, schedule_time, section_id, section_number, term, total_seats, id) 
    values
        (?, ?, ?, ?, ?, ?, ?, ?, ?, default)
Hibernate: 
    insert 
    into
        test_sections
        (booked_seats, course_id, faculty_id, room, schedule_time, section_id, section_number, term, total_seats, id) 
    values
        (?, ?, ?, ?, ?, ?, ?, ?, ?, default)
2026-09-04T20:15:04.086+06:00 DEBUG 18860 --- [campusconnect-backend] [  restartedMain] org.hibernate.SQL                        : 
    insert 
    into
        test_sections
        (booked_seats, course_id, faculty_id, room, schedule_time, section_id, section_number, term, total_seats, id) 
    values
        (?, ?, ?, ?, ?, ?, ?, ?, ?, default)
Hibernate: 
    insert 
    into
        test_sections
        (booked_seats, course_id, faculty_id, room, schedule_time, section_id, section_number, term, total_seats, id) 
    values
        (?, ?, ?, ?, ?, ?, ?, ?, ?, default)
2026-09-04T20:15:04.087+06:00 DEBUG 18860 --- [campusconnect-backend] [  restartedMain] org.hibernate.SQL                        : 
    insert 
    into
        test_sections
        (booked_seats, course_id, faculty_id, room, schedule_time, section_id, section_number, term, total_seats, id) 
    values
        (?, ?, ?, ?, ?, ?, ?, ?, ?, default)
Hibernate: 
    insert 
    into
        test_sections
        (booked_seats, course_id, faculty_id, room, schedule_time, section_id, section_number, term, total_seats, id) 
    values
        (?, ?, ?, ?, ?, ?, ?, ?, ?, default)
2026-09-04T20:15:04.087+06:00 DEBUG 18860 --- [campusconnect-backend] [  restartedMain] org.hibernate.SQL                        : 
    insert 
    into
        test_sections
        (booked_seats, course_id, faculty_id, room, schedule_time, section_id, section_number, term, total_seats, id) 
    values
        (?, ?, ?, ?, ?, ?, ?, ?, ?, default)
Hibernate: 
    insert 
    into
        test_sections
        (booked_seats, course_id, faculty_id, room, schedule_time, section_id, section_number, term, total_seats, id) 
    values
        (?, ?, ?, ?, ?, ?, ?, ?, ?, default)
2026-09-04T20:15:04.088+06:00 DEBUG 18860 --- [campusconnect-backend] [  restartedMain] org.hibernate.SQL                        : 
    insert 
    into
        test_sections
        (booked_seats, course_id, faculty_id, room, schedule_time, section_id, section_number, term, total_seats, id) 
    values
        (?, ?, ?, ?, ?, ?, ?, ?, ?, default)
Hibernate: 
    insert 
    into
        test_sections
        (booked_seats, course_id, faculty_id, room, schedule_time, section_id, section_number, term, total_seats, id) 
    values
        (?, ?, ?, ?, ?, ?, ?, ?, ?, default)
2026-09-04T20:15:04.088+06:00 DEBUG 18860 --- [campusconnect-backend] [  restartedMain] org.hibernate.SQL                        : 
    insert 
    into
        test_sections
        (booked_seats, course_id, faculty_id, room, schedule_time, section_id, section_number, term, total_seats, id) 
    values
        (?, ?, ?, ?, ?, ?, ?, ?, ?, default)
Hibernate: 
    insert 
    into
        test_sections
        (booked_seats, course_id, faculty_id, room, schedule_time, section_id, section_number, term, total_seats, id) 
    values
        (?, ?, ?, ?, ?, ?, ?, ?, ?, default)
2026-09-04T20:15:04.088+06:00 DEBUG 18860 --- [campusconnect-backend] [  restartedMain] org.hibernate.SQL                        : 
    insert 
    into
        test_sections
        (booked_seats, course_id, faculty_id, room, schedule_time, section_id, section_number, term, total_seats, id) 
    values
        (?, ?, ?, ?, ?, ?, ?, ?, ?, default)
Hibernate: 
    insert 
    into
        test_sections
        (booked_seats, course_id, faculty_id, room, schedule_time, section_id, section_number, term, total_seats, id) 
    values
        (?, ?, ?, ?, ?, ?, ?, ?, ?, default)
2026-09-04T20:15:04.089+06:00 DEBUG 18860 --- [campusconnect-backend] [  restartedMain] org.hibernate.SQL                        : 
    insert 
    into
        test_sections
        (booked_seats, course_id, faculty_id, room, schedule_time, section_id, section_number, term, total_seats, id) 
    values
        (?, ?, ?, ?, ?, ?, ?, ?, ?, default)
Hibernate: 
    insert 
    into
        test_sections
        (booked_seats, course_id, faculty_id, room, schedule_time, section_id, section_number, term, total_seats, id) 
    values
        (?, ?, ?, ?, ?, ?, ?, ?, ?, default)
2026-09-04T20:15:04.089+06:00 DEBUG 18860 --- [campusconnect-backend] [  restartedMain] org.hibernate.SQL                        : 
    insert 
    into
        test_sections
        (booked_seats, course_id, faculty_id, room, schedule_time, section_id, section_number, term, total_seats, id) 
    values
        (?, ?, ?, ?, ?, ?, ?, ?, ?, default)
Hibernate: 
    insert 
    into
        test_sections
        (booked_seats, course_id, faculty_id, room, schedule_time, section_id, section_number, term, total_seats, id) 
    values
        (?, ?, ?, ?, ?, ?, ?, ?, ?, default)
2026-09-04T20:15:04.090+06:00 DEBUG 18860 --- [campusconnect-backend] [  restartedMain] org.hibernate.SQL                        : 
    insert 
    into
        test_sections
        (booked_seats, course_id, faculty_id, room, schedule_time, section_id, section_number, term, total_seats, id) 
    values
        (?, ?, ?, ?, ?, ?, ?, ?, ?, default)
Hibernate: 
    insert 
    into
        test_sections
        (booked_seats, course_id, faculty_id, room, schedule_time, section_id, section_number, term, total_seats, id) 
    values
        (?, ?, ?, ?, ?, ?, ?, ?, ?, default)
2026-09-04T20:15:04.091+06:00 DEBUG 18860 --- [campusconnect-backend] [  restartedMain] org.hibernate.SQL                        : 
    insert 
    into
        test_sections
        (booked_seats, course_id, faculty_id, room, schedule_time, section_id, section_number, term, total_seats, id) 
    values
        (?, ?, ?, ?, ?, ?, ?, ?, ?, default)
Hibernate: 
    insert 
    into
        test_sections
        (booked_seats, course_id, faculty_id, room, schedule_time, section_id, section_number, term, total_seats, id) 
    values
        (?, ?, ?, ?, ?, ?, ?, ?, ?, default)
2026-09-04T20:15:04.091+06:00 DEBUG 18860 --- [campusconnect-backend] [  restartedMain] org.hibernate.SQL                        : 
    insert 
    into
        test_sections
        (booked_seats, course_id, faculty_id, room, schedule_time, section_id, section_number, term, total_seats, id) 
    values
        (?, ?, ?, ?, ?, ?, ?, ?, ?, default)
Hibernate: 
    insert 
    into
        test_sections
        (booked_seats, course_id, faculty_id, room, schedule_time, section_id, section_number, term, total_seats, id) 
    values
        (?, ?, ?, ?, ?, ?, ?, ?, ?, default)
2026-09-04T20:15:04.091+06:00 DEBUG 18860 --- [campusconnect-backend] [  restartedMain] org.hibernate.SQL                        : 
    insert 
    into
        test_sections
        (booked_seats, course_id, faculty_id, room, schedule_time, section_id, section_number, term, total_seats, id) 
    values
        (?, ?, ?, ?, ?, ?, ?, ?, ?, default)
Hibernate: 
    insert 
    into
        test_sections
        (booked_seats, course_id, faculty_id, room, schedule_time, section_id, section_number, term, total_seats, id) 
    values
        (?, ?, ?, ?, ?, ?, ?, ?, ?, default)
2026-09-04T20:15:04.092+06:00 DEBUG 18860 --- [campusconnect-backend] [  restartedMain] org.hibernate.SQL                        : 
    insert 
    into
        test_sections
        (booked_seats, course_id, faculty_id, room, schedule_time, section_id, section_number, term, total_seats, id) 
    values
        (?, ?, ?, ?, ?, ?, ?, ?, ?, default)
Hibernate: 
    insert 
    into
        test_sections
        (booked_seats, course_id, faculty_id, room, schedule_time, section_id, section_number, term, total_seats, id) 
    values
        (?, ?, ?, ?, ?, ?, ?, ?, ?, default)
2026-09-04T20:15:04.092+06:00 DEBUG 18860 --- [campusconnect-backend] [  restartedMain] org.hibernate.SQL                        : 
    insert 
    into
        test_sections
        (booked_seats, course_id, faculty_id, room, schedule_time, section_id, section_number, term, total_seats, id) 
    values
        (?, ?, ?, ?, ?, ?, ?, ?, ?, default)
Hibernate: 
    insert 
    into
        test_sections
        (booked_seats, course_id, faculty_id, room, schedule_time, section_id, section_number, term, total_seats, id) 
    values
        (?, ?, ?, ?, ?, ?, ?, ?, ?, default)
2026-09-04T20:15:04.093+06:00 DEBUG 18860 --- [campusconnect-backend] [  restartedMain] org.hibernate.SQL                        : 
    insert 
    into
        test_sections
        (booked_seats, course_id, faculty_id, room, schedule_time, section_id, section_number, term, total_seats, id) 
    values
        (?, ?, ?, ?, ?, ?, ?, ?, ?, default)
Hibernate: 
    insert 
    into
        test_sections
        (booked_seats, course_id, faculty_id, room, schedule_time, section_id, section_number, term, total_seats, id) 
    values
        (?, ?, ?, ?, ?, ?, ?, ?, ?, default)
2026-09-04T20:15:04.093+06:00 DEBUG 18860 --- [campusconnect-backend] [  restartedMain] org.hibernate.SQL                        : 
    insert 
    into
        test_sections
        (booked_seats, course_id, faculty_id, room, schedule_time, section_id, section_number, term, total_seats, id) 
    values
        (?, ?, ?, ?, ?, ?, ?, ?, ?, default)
Hibernate: 
    insert 
    into
        test_sections
        (booked_seats, course_id, faculty_id, room, schedule_time, section_id, section_number, term, total_seats, id) 
    values
        (?, ?, ?, ?, ?, ?, ?, ?, ?, default)
2026-09-04T20:15:04.095+06:00 DEBUG 18860 --- [campusconnect-backend] [  restartedMain] org.hibernate.SQL                        : 
    insert 
    into
        test_sections
        (booked_seats, course_id, faculty_id, room, schedule_time, section_id, section_number, term, total_seats, id) 
    values
        (?, ?, ?, ?, ?, ?, ?, ?, ?, default)
Hibernate: 
    insert 
    into
        test_sections
        (booked_seats, course_id, faculty_id, room, schedule_time, section_id, section_number, term, total_seats, id) 
    values
        (?, ?, ?, ?, ?, ?, ?, ?, ?, default)
2026-09-04T20:15:04.095+06:00 DEBUG 18860 --- [campusconnect-backend] [  restartedMain] org.hibernate.SQL                        : 
    insert 
    into
        test_sections
        (booked_seats, course_id, faculty_id, room, schedule_time, section_id, section_number, term, total_seats, id) 
    values
        (?, ?, ?, ?, ?, ?, ?, ?, ?, default)
Hibernate: 
    insert 
    into
        test_sections
        (booked_seats, course_id, faculty_id, room, schedule_time, section_id, section_number, term, total_seats, id) 
    values
        (?, ?, ?, ?, ?, ?, ?, ?, ?, default)
2026-09-04T20:15:04.096+06:00 DEBUG 18860 --- [campusconnect-backend] [  restartedMain] org.hibernate.SQL                        : 
    insert 
    into
        test_sections
        (booked_seats, course_id, faculty_id, room, schedule_time, section_id, section_number, term, total_seats, id) 
    values
        (?, ?, ?, ?, ?, ?, ?, ?, ?, default)
Hibernate: 
    insert 
    into
        test_sections
        (booked_seats, course_id, faculty_id, room, schedule_time, section_id, section_number, term, total_seats, id) 
    values
        (?, ?, ?, ?, ?, ?, ?, ?, ?, default)
2026-09-04T20:15:04.096+06:00 DEBUG 18860 --- [campusconnect-backend] [  restartedMain] org.hibernate.SQL                        : 
    insert 
    into
        test_sections
        (booked_seats, course_id, faculty_id, room, schedule_time, section_id, section_number, term, total_seats, id) 
    values
        (?, ?, ?, ?, ?, ?, ?, ?, ?, default)
Hibernate: 
    insert 
    into
        test_sections
        (booked_seats, course_id, faculty_id, room, schedule_time, section_id, section_number, term, total_seats, id) 
    values
        (?, ?, ?, ?, ?, ?, ?, ?, ?, default)
2026-09-04T20:15:04.097+06:00 DEBUG 18860 --- [campusconnect-backend] [  restartedMain] org.hibernate.SQL                        : 
    insert 
    into
        test_sections
        (booked_seats, course_id, faculty_id, room, schedule_time, section_id, section_number, term, total_seats, id) 
    values
        (?, ?, ?, ?, ?, ?, ?, ?, ?, default)
Hibernate: 
    insert 
    into
        test_sections
        (booked_seats, course_id, faculty_id, room, schedule_time, section_id, section_number, term, total_seats, id) 
    values
        (?, ?, ?, ?, ?, ?, ?, ?, ?, default)
2026-09-04T20:15:04.097+06:00 DEBUG 18860 --- [campusconnect-backend] [  restartedMain] org.hibernate.SQL                        : 
    insert 
    into
        test_sections
        (booked_seats, course_id, faculty_id, room, schedule_time, section_id, section_number, term, total_seats, id) 
    values
        (?, ?, ?, ?, ?, ?, ?, ?, ?, default)
Hibernate: 
    insert 
    into
        test_sections
        (booked_seats, course_id, faculty_id, room, schedule_time, section_id, section_number, term, total_seats, id) 
    values
        (?, ?, ?, ?, ?, ?, ?, ?, ?, default)
2026-09-04T20:15:04.097+06:00 DEBUG 18860 --- [campusconnect-backend] [  restartedMain] org.hibernate.SQL                        : 
    insert 
    into
        test_sections
        (booked_seats, course_id, faculty_id, room, schedule_time, section_id, section_number, term, total_seats, id) 
    values
        (?, ?, ?, ?, ?, ?, ?, ?, ?, default)
Hibernate: 
    insert 
    into
        test_sections
        (booked_seats, course_id, faculty_id, room, schedule_time, section_id, section_number, term, total_seats, id) 
    values
        (?, ?, ?, ?, ?, ?, ?, ?, ?, default)
2026-09-04T20:15:04.098+06:00 DEBUG 18860 --- [campusconnect-backend] [  restartedMain] org.hibernate.SQL                        : 
    insert 
    into
        test_sections
        (booked_seats, course_id, faculty_id, room, schedule_time, section_id, section_number, term, total_seats, id) 
    values
        (?, ?, ?, ?, ?, ?, ?, ?, ?, default)
Hibernate: 
    insert 
    into
        test_sections
        (booked_seats, course_id, faculty_id, room, schedule_time, section_id, section_number, term, total_seats, id) 
    values
        (?, ?, ?, ?, ?, ?, ?, ?, ?, default)
2026-09-04T20:15:04.098+06:00 DEBUG 18860 --- [campusconnect-backend] [  restartedMain] org.hibernate.SQL                        : 
    insert 
    into
        test_sections
        (booked_seats, course_id, faculty_id, room, schedule_time, section_id, section_number, term, total_seats, id) 
    values
        (?, ?, ?, ?, ?, ?, ?, ?, ?, default)
Hibernate: 
    insert 
    into
        test_sections
        (booked_seats, course_id, faculty_id, room, schedule_time, section_id, section_number, term, total_seats, id) 
    values
        (?, ?, ?, ?, ?, ?, ?, ?, ?, default)
2026-09-04T20:15:04.098+06:00 DEBUG 18860 --- [campusconnect-backend] [  restartedMain] org.hibernate.SQL                        : 
    insert 
    into
        test_sections
        (booked_seats, course_id, faculty_id, room, schedule_time, section_id, section_number, term, total_seats, id) 
    values
        (?, ?, ?, ?, ?, ?, ?, ?, ?, default)
Hibernate: 
    insert 
    into
        test_sections
        (booked_seats, course_id, faculty_id, room, schedule_time, section_id, section_number, term, total_seats, id) 
    values
        (?, ?, ?, ?, ?, ?, ?, ?, ?, default)
2026-09-04T20:15:04.098+06:00 DEBUG 18860 --- [campusconnect-backend] [  restartedMain] org.hibernate.SQL                        : 
    insert 
    into
        test_sections
        (booked_seats, course_id, faculty_id, room, schedule_time, section_id, section_number, term, total_seats, id) 
    values
        (?, ?, ?, ?, ?, ?, ?, ?, ?, default)
Hibernate: 
    insert 
    into
        test_sections
        (booked_seats, course_id, faculty_id, room, schedule_time, section_id, section_number, term, total_seats, id) 
    values
        (?, ?, ?, ?, ?, ?, ?, ?, ?, default)
2026-09-04T20:15:04.099+06:00 DEBUG 18860 --- [campusconnect-backend] [  restartedMain] org.hibernate.SQL                        : 
    insert 
    into
        test_sections
        (booked_seats, course_id, faculty_id, room, schedule_time, section_id, section_number, term, total_seats, id) 
    values
        (?, ?, ?, ?, ?, ?, ?, ?, ?, default)
Hibernate: 
    insert 
    into
        test_sections
        (booked_seats, course_id, faculty_id, room, schedule_time, section_id, section_number, term, total_seats, id) 
    values
        (?, ?, ?, ?, ?, ?, ?, ?, ?, default)
2026-09-04T20:15:04.099+06:00 DEBUG 18860 --- [campusconnect-backend] [  restartedMain] org.hibernate.SQL                        : 
    insert 
    into
        test_sections
        (booked_seats, course_id, faculty_id, room, schedule_time, section_id, section_number, term, total_seats, id) 
    values
        (?, ?, ?, ?, ?, ?, ?, ?, ?, default)
Hibernate: 
    insert 
    into
        test_sections
        (booked_seats, course_id, faculty_id, room, schedule_time, section_id, section_number, term, total_seats, id) 
    values
        (?, ?, ?, ?, ?, ?, ?, ?, ?, default)
2026-09-04T20:15:04.100+06:00 DEBUG 18860 --- [campusconnect-backend] [  restartedMain] org.hibernate.SQL                        : 
    insert 
    into
        test_sections
        (booked_seats, course_id, faculty_id, room, schedule_time, section_id, section_number, term, total_seats, id) 
    values
        (?, ?, ?, ?, ?, ?, ?, ?, ?, default)
Hibernate: 
    insert 
    into
        test_sections
        (booked_seats, course_id, faculty_id, room, schedule_time, section_id, section_number, term, total_seats, id) 
    values
        (?, ?, ?, ?, ?, ?, ?, ?, ?, default)
2026-09-04T20:15:04.100+06:00 DEBUG 18860 --- [campusconnect-backend] [  restartedMain] org.hibernate.SQL                        : 
    insert 
    into
        test_sections
        (booked_seats, course_id, faculty_id, room, schedule_time, section_id, section_number, term, total_seats, id) 
    values
        (?, ?, ?, ?, ?, ?, ?, ?, ?, default)
Hibernate: 
    insert 
    into
        test_sections
        (booked_seats, course_id, faculty_id, room, schedule_time, section_id, section_number, term, total_seats, id) 
    values
        (?, ?, ?, ?, ?, ?, ?, ?, ?, default)
2026-09-04T20:15:04.101+06:00 DEBUG 18860 --- [campusconnect-backend] [  restartedMain] org.hibernate.SQL                        : 
    insert 
    into
        test_sections
        (booked_seats, course_id, faculty_id, room, schedule_time, section_id, section_number, term, total_seats, id) 
    values
        (?, ?, ?, ?, ?, ?, ?, ?, ?, default)
Hibernate: 
    insert 
    into
        test_sections
        (booked_seats, course_id, faculty_id, room, schedule_time, section_id, section_number, term, total_seats, id) 
    values
        (?, ?, ?, ?, ?, ?, ?, ?, ?, default)
2026-09-04T20:15:04.101+06:00 DEBUG 18860 --- [campusconnect-backend] [  restartedMain] org.hibernate.SQL                        : 
    insert 
    into
        test_sections
        (booked_seats, course_id, faculty_id, room, schedule_time, section_id, section_number, term, total_seats, id) 
    values
        (?, ?, ?, ?, ?, ?, ?, ?, ?, default)
Hibernate: 
    insert 
    into
        test_sections
        (booked_seats, course_id, faculty_id, room, schedule_time, section_id, section_number, term, total_seats, id) 
    values
        (?, ?, ?, ?, ?, ?, ?, ?, ?, default)
2026-09-04T20:15:04.101+06:00 DEBUG 18860 --- [campusconnect-backend] [  restartedMain] org.hibernate.SQL                        : 
    insert 
    into
        test_sections
        (booked_seats, course_id, faculty_id, room, schedule_time, section_id, section_number, term, total_seats, id) 
    values
        (?, ?, ?, ?, ?, ?, ?, ?, ?, default)
Hibernate: 
    insert 
    into
        test_sections
        (booked_seats, course_id, faculty_id, room, schedule_time, section_id, section_number, term, total_seats, id) 
    values
        (?, ?, ?, ?, ?, ?, ?, ?, ?, default)
2026-09-04T20:15:04.102+06:00 DEBUG 18860 --- [campusconnect-backend] [  restartedMain] org.hibernate.SQL                        : 
    insert 
    into
        test_sections
        (booked_seats, course_id, faculty_id, room, schedule_time, section_id, section_number, term, total_seats, id) 
    values
        (?, ?, ?, ?, ?, ?, ?, ?, ?, default)
Hibernate: 
    insert 
    into
        test_sections
        (booked_seats, course_id, faculty_id, room, schedule_time, section_id, section_number, term, total_seats, id) 
    values
        (?, ?, ?, ?, ?, ?, ?, ?, ?, default)
2026-09-04T20:15:04.103+06:00 DEBUG 18860 --- [campusconnect-backend] [  restartedMain] org.hibernate.SQL                        : 
    insert 
    into
        test_sections
        (booked_seats, course_id, faculty_id, room, schedule_time, section_id, section_number, term, total_seats, id) 
    values
        (?, ?, ?, ?, ?, ?, ?, ?, ?, default)
Hibernate: 
    insert 
    into
        test_sections
        (booked_seats, course_id, faculty_id, room, schedule_time, section_id, section_number, term, total_seats, id) 
    values
        (?, ?, ?, ?, ?, ?, ?, ?, ?, default)
2026-09-04T20:15:04.104+06:00 DEBUG 18860 --- [campusconnect-backend] [  restartedMain] org.hibernate.SQL                        : 
    insert 
    into
        test_sections
        (booked_seats, course_id, faculty_id, room, schedule_time, section_id, section_number, term, total_seats, id) 
    values
        (?, ?, ?, ?, ?, ?, ?, ?, ?, default)
Hibernate: 
    insert 
    into
        test_sections
        (booked_seats, course_id, faculty_id, room, schedule_time, section_id, section_number, term, total_seats, id) 
    values
        (?, ?, ?, ?, ?, ?, ?, ?, ?, default)
2026-09-04T20:15:04.104+06:00  INFO 18860 --- [campusconnect-backend] [  restartedMain] c.c.b.service.TestCourseDataSeeder       : [TestCourseDataSeeder] Successfully seeded and verified 74 sections with 0 schedule conflicts.
2026-09-04T20:15:04.104+06:00  INFO 18860 --- [campusconnect-backend] [  restartedMain] c.c.b.service.TestCourseDataSeeder       : [TestCourseDataSeeder] Test dataset successfully initialized and verified.
2026-09-04T20:15:04.107+06:00  INFO 18860 --- [campusconnect-backend] [  restartedMain] .ConditionEvaluationDeltaLoggingListener : Condition evaluation delta:


==========================
CONDITION EVALUATION DELTA
==========================


Positive matches:
-----------------

   WebSocketMessagingAutoConfiguration.WebSocketMessageConverterConfiguration matched:
      - @ConditionalOnClass found required classes 'com.fasterxml.jackson.databind.ObjectMapper', 'org.springframework.messaging.simp.config.AbstractMessageBrokerConfiguration' (OnClassCondition)
      - @ConditionalOnBean (types: org.springframework.web.socket.config.annotation.DelegatingWebSocketMessageBrokerConfiguration,com.fasterxml.jackson.databind.ObjectMapper; SearchStrategy: all) found beans 'jacksonObjectMapper', 'org.springframework.web.socket.config.annotation.DelegatingWebSocketMessageBrokerConfiguration' (OnBeanCondition)


Negative matches:
-----------------

   SpringBootWebSecurityConfiguration.SecurityFilterChainConfiguration:
      Did not match:
         - AllNestedConditions 1 matched 1 did not; NestedCondition on DefaultWebSecurityCondition.Beans @ConditionalOnMissingBean (types: org.springframework.security.web.SecurityFilterChain; SearchStrategy: all) found beans of type 'org.springframework.security.web.SecurityFilterChain' securityFilterChain; NestedCondition on DefaultWebSecurityCondition.Classes @ConditionalOnClass found required classes 'org.springframework.security.web.SecurityFilterChain', 'org.springframework.security.config.annotation.web.builders.HttpSecurity' (DefaultWebSecurityCondition)

   SpringBootWebSecurityConfiguration.WebSecurityEnablerConfiguration:
      Did not match:
         - @ConditionalOnMissingBean (names: springSecurityFilterChain; SearchStrategy: all) found beans named springSecurityFilterChain (OnBeanCondition)
      Matched:
         - @ConditionalOnClass found required class 'org.springframework.security.config.annotation.web.configuration.EnableWebSecurity' (OnClassCondition)

   TaskExecutorConfigurations.TaskExecutorConfiguration:
      Did not match:
         - @ConditionalOnMissingBean (types: java.util.concurrent.Executor; SearchStrategy: all) found beans of type 'java.util.concurrent.Executor' clientInboundChannelExecutor, clientOutboundChannelExecutor, brokerChannelExecutor (OnBeanCondition)

   TaskSchedulingConfigurations.TaskSchedulerConfiguration:
      Did not match:
         - @ConditionalOnMissingBean (types: org.springframework.scheduling.TaskScheduler,java.util.concurrent.ScheduledExecutorService; SearchStrategy: all) found beans of type 'org.springframework.scheduling.TaskScheduler' messageBrokerTaskScheduler (OnBeanCondition)


Exclusions:
-----------

    None


Unconditional classes:
----------------------

    None



2026-09-04T20:15:14.847+06:00 DEBUG 18860 --- [campusconnect-backend] [MessageBroker-2] org.hibernate.SQL                        : 
    select
        a1_0.id,
        a1_0.attachment_data,
        a1_0.attachment_name,
        a1_0.attachment_type,
        a1_0.course_code,
        a1_0.course_name,
        a1_0.created_at,
        a1_0.created_by,
        a1_0.deadline,
        a1_0.description,
        a1_0.title,
        a1_0.total_points 
    from
        assignments a1_0
Hibernate: 
    select
        a1_0.id,
        a1_0.attachment_data,
        a1_0.attachment_name,
        a1_0.attachment_type,
        a1_0.course_code,
        a1_0.course_name,
        a1_0.created_at,
        a1_0.created_by,
        a1_0.deadline,
        a1_0.description,
        a1_0.title,
        a1_0.total_points 
    from
        assignments a1_0
[INFO] ------------------------------------------------------------------------
[INFO] BUILD FAILURE
[INFO] ------------------------------------------------------------------------
[INFO] Total time:  24:39 min
[INFO] Finished at: 2026-09-04T20:15:30+06:00
[INFO] ------------------------------------------------------------------------
[ERROR] Failed to execute goal org.springframework.boot:spring-boot-maven-plugin:3.3.2:run (default-cli) on project backend: Process terminated with exit code: -1 -> [Help 1]
[ERROR] 
[ERROR] To see the full stack trace of the errors, re-run Maven with the -e switch.
[ERROR] Re-run Maven using the -X switch to enable full debug logging.
[ERROR] 
[ERROR] For more information about the errors and possible solutions, please read the following articles:
[ERROR] [Help 1] http://cwiki.apache.org/confluence/display/MAVEN/MojoExecutionException
